Entity,Code,Year,"3.3.1 - Number of new HIV infections per 1,000 uninfected population, by sex and age (per 1,000 uninfected population) - SH_HIV_INCD - 15 to 49 years old - Both sexes"
Afghanistan,AFG,2000,0.03
Afghanistan,AFG,2001,0.03
Afghanistan,AFG,2002,0.03
Afghanistan,AFG,2003,0.04
Afghanistan,AFG,2004,0.04
Afghanistan,AFG,2005,0.04
Afghanistan,AFG,2006,0.04
Afghanistan,AFG,2007,0.04
Afghanistan,AFG,2008,0.04
Afghanistan,AFG,2009,0.05
Afghanistan,AFG,2010,0.05
Afghanistan,AFG,2011,0.05
Afghanistan,AFG,2012,0.06
Afghanistan,AFG,2013,0.06
Afghanistan,AFG,2014,0.06
Afghanistan,AFG,2015,0.06
Afghanistan,AFG,2016,0.07
Afghanistan,AFG,2017,0.07
Afghanistan,AFG,2018,0.07
Afghanistan,AFG,2019,0.08
Afghanistan,AFG,2020,0.08
Albania,ALB,2000,0.01
Albania,ALB,2001,0.02
Albania,ALB,2002,0.02
Albania,ALB,2003,0.02
Albania,ALB,2004,0.03
Albania,ALB,2005,0.03
Albania,ALB,2006,0.04
Albania,ALB,2007,0.05
Albania,ALB,2008,0.05
Albania,ALB,2009,0.06
Albania,ALB,2010,0.06
Albania,ALB,2011,0.07
Albania,ALB,2012,0.07
Albania,ALB,2013,0.07
Albania,ALB,2014,0.07
Albania,ALB,2015,0.07
Albania,ALB,2016,0.07
Albania,ALB,2017,0.07
Albania,ALB,2018,0.06
Albania,ALB,2019,0.06
Albania,ALB,2020,0.05
Algeria,DZA,2000,0.02
Algeria,DZA,2001,0.02
Algeria,DZA,2002,0.02
Algeria,DZA,2003,0.02
Algeria,DZA,2004,0.02
Algeria,DZA,2005,0.02
Algeria,DZA,2006,0.02
Algeria,DZA,2007,0.03
Algeria,DZA,2008,0.03
Algeria,DZA,2009,0.03
Algeria,DZA,2010,0.03
Algeria,DZA,2011,0.04
Algeria,DZA,2012,0.04
Algeria,DZA,2013,0.05
Algeria,DZA,2014,0.06
Algeria,DZA,2015,0.07
Algeria,DZA,2016,0.07
Algeria,DZA,2017,0.07
Algeria,DZA,2018,0.07
Algeria,DZA,2019,0.06
Algeria,DZA,2020,0.06
Angola,AGO,2000,2.02
Angola,AGO,2001,2.1
Angola,AGO,2002,2.19
Angola,AGO,2003,2.29
Angola,AGO,2004,2.35
Angola,AGO,2005,2.34
Angola,AGO,2006,2.35
Angola,AGO,2007,2.25
Angola,AGO,2008,2.21
Angola,AGO,2009,2.13
Angola,AGO,2010,2.04
Angola,AGO,2011,1.95
Angola,AGO,2012,1.85
Angola,AGO,2013,1.75
Angola,AGO,2014,1.6
Angola,AGO,2015,1.48
Angola,AGO,2016,1.39
Angola,AGO,2017,1.33
Angola,AGO,2018,1.25
Angola,AGO,2019,1.17
Angola,AGO,2020,1.1
Argentina,ARG,2000,0.28
Argentina,ARG,2001,0.28
Argentina,ARG,2002,0.27
Argentina,ARG,2003,0.27
Argentina,ARG,2004,0.27
Argentina,ARG,2005,0.27
Argentina,ARG,2006,0.27
Argentina,ARG,2007,0.27
Argentina,ARG,2008,0.27
Argentina,ARG,2009,0.27
Argentina,ARG,2010,0.27
Argentina,ARG,2011,0.26
Argentina,ARG,2012,0.26
Argentina,ARG,2013,0.26
Argentina,ARG,2014,0.25
Argentina,ARG,2015,0.25
Argentina,ARG,2016,0.25
Argentina,ARG,2017,0.24
Argentina,ARG,2018,0.24
Argentina,ARG,2019,0.23
Argentina,ARG,2020,0.22
Armenia,ARM,2000,0.22
Armenia,ARM,2001,0.26
Armenia,ARM,2002,0.31
Armenia,ARM,2003,0.34
Armenia,ARM,2004,0.34
Armenia,ARM,2005,0.32
Armenia,ARM,2006,0.29
Armenia,ARM,2007,0.25
Armenia,ARM,2008,0.21
Armenia,ARM,2009,0.18
Armenia,ARM,2010,0.15
Armenia,ARM,2011,0.14
Armenia,ARM,2012,0.13
Armenia,ARM,2013,0.13
Armenia,ARM,2014,0.14
Armenia,ARM,2015,0.14
Armenia,ARM,2016,0.15
Armenia,ARM,2017,0.16
Armenia,ARM,2018,0.17
Armenia,ARM,2019,0.18
Armenia,ARM,2020,0.19
Australia,AUS,2000,0.06
Australia,AUS,2001,0.06
Australia,AUS,2002,0.06
Australia,AUS,2003,0.06
Australia,AUS,2004,0.07
Australia,AUS,2005,0.07
Australia,AUS,2006,0.07
Australia,AUS,2007,0.08
Australia,AUS,2008,0.08
Australia,AUS,2009,0.08
Australia,AUS,2010,0.09
Australia,AUS,2011,0.09
Australia,AUS,2012,0.09
Australia,AUS,2013,0.08
Australia,AUS,2014,0.08
Australia,AUS,2015,0.08
Australia,AUS,2016,0.08
Australia,AUS,2017,0.07
Australia,AUS,2018,0.07
Australia,AUS,2019,0.06
Australia,AUS,2020,0.06
Australia and New Zealand,,2000,0.06
Australia and New Zealand,,2001,0.06
Australia and New Zealand,,2002,0.06
Australia and New Zealand,,2003,0.06
Australia and New Zealand,,2004,0.06
Australia and New Zealand,,2005,0.07
Australia and New Zealand,,2006,0.07
Australia and New Zealand,,2007,0.08
Australia and New Zealand,,2008,0.08
Australia and New Zealand,,2009,0.08
Australia and New Zealand,,2010,0.08
Australia and New Zealand,,2011,0.08
Australia and New Zealand,,2012,0.08
Australia and New Zealand,,2013,0.08
Australia and New Zealand,,2014,0.08
Australia and New Zealand,,2015,0.08
Australia and New Zealand,,2016,0.07
Australia and New Zealand,,2017,0.07
Australia and New Zealand,,2018,0.07
Australia and New Zealand,,2019,0.06
Australia and New Zealand,,2020,0.06
Azerbaijan,AZE,2000,0.24
Azerbaijan,AZE,2001,0.23
Azerbaijan,AZE,2002,0.22
Azerbaijan,AZE,2003,0.2
Azerbaijan,AZE,2004,0.17
Azerbaijan,AZE,2005,0.17
Azerbaijan,AZE,2006,0.16
Azerbaijan,AZE,2007,0.15
Azerbaijan,AZE,2008,0.13
Azerbaijan,AZE,2009,0.13
Azerbaijan,AZE,2010,0.11
Azerbaijan,AZE,2011,0.11
Azerbaijan,AZE,2012,0.1
Azerbaijan,AZE,2013,0.1
Azerbaijan,AZE,2014,0.09
Azerbaijan,AZE,2015,0.09
Azerbaijan,AZE,2016,0.09
Azerbaijan,AZE,2017,0.08
Azerbaijan,AZE,2018,0.08
Azerbaijan,AZE,2019,0.07
Azerbaijan,AZE,2020,0.07
Bahamas,BHS,2000,1.59
Bahamas,BHS,2001,1.5
Bahamas,BHS,2002,1.41
Bahamas,BHS,2003,1.31
Bahamas,BHS,2004,1.14
Bahamas,BHS,2005,1.06
Bahamas,BHS,2006,1
Bahamas,BHS,2007,0.92
Bahamas,BHS,2008,0.89
Bahamas,BHS,2009,0.83
Bahamas,BHS,2010,0.78
Bahamas,BHS,2011,0.76
Bahamas,BHS,2012,0.74
Bahamas,BHS,2013,0.72
Bahamas,BHS,2014,0.66
Bahamas,BHS,2015,0.58
Bahamas,BHS,2016,0.56
Bahamas,BHS,2017,0.54
Bahamas,BHS,2018,0.44
Bahamas,BHS,2019,0.4
Bahamas,BHS,2020,0.39
Belarus,BLR,2000,0.09
Belarus,BLR,2001,0.11
Belarus,BLR,2002,0.14
Belarus,BLR,2003,0.17
Belarus,BLR,2004,0.21
Belarus,BLR,2005,0.25
Belarus,BLR,2006,0.29
Belarus,BLR,2007,0.31
Belarus,BLR,2008,0.34
Belarus,BLR,2009,0.36
Belarus,BLR,2010,0.37
Belarus,BLR,2011,0.39
Belarus,BLR,2012,0.41
Belarus,BLR,2013,0.41
Belarus,BLR,2014,0.41
Belarus,BLR,2015,0.4
Belarus,BLR,2016,0.38
Belarus,BLR,2017,0.36
Belarus,BLR,2018,0.32
Belarus,BLR,2019,0.28
Belarus,BLR,2020,0.24
Belize,BLZ,2000,2.03
Belize,BLZ,2001,1.86
Belize,BLZ,2002,1.7
Belize,BLZ,2003,1.56
Belize,BLZ,2004,1.44
Belize,BLZ,2005,1.38
Belize,BLZ,2006,1.3
Belize,BLZ,2007,1.25
Belize,BLZ,2008,1.21
Belize,BLZ,2009,1.16
Belize,BLZ,2010,1.11
Belize,BLZ,2011,1.08
Belize,BLZ,2012,1.07
Belize,BLZ,2013,1.06
Belize,BLZ,2014,1.03
Belize,BLZ,2015,1.01
Belize,BLZ,2016,0.98
Belize,BLZ,2017,0.95
Belize,BLZ,2018,0.93
Belize,BLZ,2019,0.9
Belize,BLZ,2020,0.87
Benin,BEN,2000,1.41
Benin,BEN,2001,1.33
Benin,BEN,2002,1.26
Benin,BEN,2003,1.18
Benin,BEN,2004,1.14
Benin,BEN,2005,1.06
Benin,BEN,2006,1.03
Benin,BEN,2007,0.99
Benin,BEN,2008,0.89
Benin,BEN,2009,0.75
Benin,BEN,2010,0.68
Benin,BEN,2011,0.62
Benin,BEN,2012,0.54
Benin,BEN,2013,0.5
Benin,BEN,2014,0.51
Benin,BEN,2015,0.48
Benin,BEN,2016,0.43
Benin,BEN,2017,0.39
Benin,BEN,2018,0.36
Benin,BEN,2019,0.32
Benin,BEN,2020,0.27
Bhutan,BTN,2000,0.4
Bhutan,BTN,2001,0.37
Bhutan,BTN,2002,0.42
Bhutan,BTN,2003,0.39
Bhutan,BTN,2004,0.37
Bhutan,BTN,2005,0.35
Bhutan,BTN,2006,0.32
Bhutan,BTN,2007,0.31
Bhutan,BTN,2008,0.29
Bhutan,BTN,2009,0.28
Bhutan,BTN,2010,0.25
Bhutan,BTN,2011,0.24
Bhutan,BTN,2012,0.23
Bhutan,BTN,2013,0.22
Bhutan,BTN,2014,0.2
Bhutan,BTN,2015,0.2
Bhutan,BTN,2016,0.18
Bhutan,BTN,2017,0.17
Bhutan,BTN,2018,0.16
Bhutan,BTN,2019,0.15
Bhutan,BTN,2020,0.14
Bolivia,BOL,2000,0.24
Bolivia,BOL,2001,0.2
Bolivia,BOL,2002,0.19
Bolivia,BOL,2003,0.18
Bolivia,BOL,2004,0.19
Bolivia,BOL,2005,0.18
Bolivia,BOL,2006,0.18
Bolivia,BOL,2007,0.18
Bolivia,BOL,2008,0.19
Bolivia,BOL,2009,0.19
Bolivia,BOL,2010,0.18
Bolivia,BOL,2011,0.19
Bolivia,BOL,2012,0.19
Bolivia,BOL,2013,0.19
Bolivia,BOL,2014,0.19
Bolivia,BOL,2015,0.18
Bolivia,BOL,2016,0.17
Bolivia,BOL,2017,0.17
Bolivia,BOL,2018,0.16
Bolivia,BOL,2019,0.14
Bolivia,BOL,2020,0.13
Botswana,BWA,2000,32
Botswana,BWA,2001,28.79
Botswana,BWA,2002,25.81
Botswana,BWA,2003,23.23
Botswana,BWA,2004,20.97
Botswana,BWA,2005,18.83
Botswana,BWA,2006,17.46
Botswana,BWA,2007,16.07
Botswana,BWA,2008,15.42
Botswana,BWA,2009,14.66
Botswana,BWA,2010,13.76
Botswana,BWA,2011,12.92
Botswana,BWA,2012,12.15
Botswana,BWA,2013,11.12
Botswana,BWA,2014,10.59
Botswana,BWA,2015,10.41
Botswana,BWA,2016,9.68
Botswana,BWA,2017,8.98
Botswana,BWA,2018,8.61
Botswana,BWA,2019,7.94
Botswana,BWA,2020,7.51
Burkina Faso,BFA,2000,0.97
Burkina Faso,BFA,2001,0.83
Burkina Faso,BFA,2002,0.72
Burkina Faso,BFA,2003,0.65
Burkina Faso,BFA,2004,0.59
Burkina Faso,BFA,2005,0.53
Burkina Faso,BFA,2006,0.47
Burkina Faso,BFA,2007,0.42
Burkina Faso,BFA,2008,0.38
Burkina Faso,BFA,2009,0.34
Burkina Faso,BFA,2010,0.3
Burkina Faso,BFA,2011,0.26
Burkina Faso,BFA,2012,0.23
Burkina Faso,BFA,2013,0.2
Burkina Faso,BFA,2014,0.18
Burkina Faso,BFA,2015,0.15
Burkina Faso,BFA,2016,0.13
Burkina Faso,BFA,2017,0.11
Burkina Faso,BFA,2018,0.09
Burkina Faso,BFA,2019,0.09
Burkina Faso,BFA,2020,0.07
Burundi,BDI,2000,1.78
Burundi,BDI,2001,1.53
Burundi,BDI,2002,1.34
Burundi,BDI,2003,1.15
Burundi,BDI,2004,0.99
Burundi,BDI,2005,0.85
Burundi,BDI,2006,0.81
Burundi,BDI,2007,0.72
Burundi,BDI,2008,0.66
Burundi,BDI,2009,0.64
Burundi,BDI,2010,0.58
Burundi,BDI,2011,0.52
Burundi,BDI,2012,0.47
Burundi,BDI,2013,0.43
Burundi,BDI,2014,0.39
Burundi,BDI,2015,0.35
Burundi,BDI,2016,0.3
Burundi,BDI,2017,0.24
Burundi,BDI,2018,0.19
Burundi,BDI,2019,0.15
Burundi,BDI,2020,0.13
Cambodia,KHM,2000,1.26
Cambodia,KHM,2001,0.89
Cambodia,KHM,2002,0.73
Cambodia,KHM,2003,0.64
Cambodia,KHM,2004,0.55
Cambodia,KHM,2005,0.47
Cambodia,KHM,2006,0.39
Cambodia,KHM,2007,0.33
Cambodia,KHM,2008,0.27
Cambodia,KHM,2009,0.24
Cambodia,KHM,2010,0.21
Cambodia,KHM,2011,0.18
Cambodia,KHM,2012,0.16
Cambodia,KHM,2013,0.15
Cambodia,KHM,2014,0.14
Cambodia,KHM,2015,0.14
Cambodia,KHM,2016,0.13
Cambodia,KHM,2017,0.13
Cambodia,KHM,2018,0.12
Cambodia,KHM,2019,0.12
Cambodia,KHM,2020,0.11
Cameroon,CMR,2000,6.89
Cameroon,CMR,2001,6.17
Cameroon,CMR,2002,5.65
Cameroon,CMR,2003,4.98
Cameroon,CMR,2004,4.52
Cameroon,CMR,2005,4.12
Cameroon,CMR,2006,3.8
Cameroon,CMR,2007,3.49
Cameroon,CMR,2008,3.26
Cameroon,CMR,2009,3.06
Cameroon,CMR,2010,2.79
Cameroon,CMR,2011,2.55
Cameroon,CMR,2012,2.3
Cameroon,CMR,2013,2.08
Cameroon,CMR,2014,1.92
Cameroon,CMR,2015,1.75
Cameroon,CMR,2016,1.55
Cameroon,CMR,2017,1.33
Cameroon,CMR,2018,1.1
Cameroon,CMR,2019,0.95
Cameroon,CMR,2020,0.81
Central Asia,,2000,0.07
Central Asia,,2001,0.1
Central Asia,,2002,0.12
Central Asia,,2003,0.15
Central Asia,,2004,0.19
Central Asia,,2005,0.23
Central Asia,,2006,0.27
Central Asia,,2007,0.31
Central Asia,,2008,0.33
Central Asia,,2009,0.36
Central Asia,,2010,0.37
Central Asia,,2011,0.38
Central Asia,,2012,0.38
Central Asia,,2013,0.39
Central Asia,,2014,0.4
Central Asia,,2015,0.41
Central Asia,,2016,0.42
Central Asia,,2017,0.43
Central Asia,,2018,0.42
Central Asia,,2019,0.43
Central Asia,,2020,0.44
Central and Southern Asia,,2000,0.41
Central and Southern Asia,,2001,0.33
Central and Southern Asia,,2002,0.27
Central and Southern Asia,,2003,0.22
Central and Southern Asia,,2004,0.2
Central and Southern Asia,,2005,0.19
Central and Southern Asia,,2006,0.17
Central and Southern Asia,,2007,0.16
Central and Southern Asia,,2008,0.14
Central and Southern Asia,,2009,0.14
Central and Southern Asia,,2010,0.13
Central and Southern Asia,,2011,0.12
Central and Southern Asia,,2012,0.11
Central and Southern Asia,,2013,0.11
Central and Southern Asia,,2014,0.1
Central and Southern Asia,,2015,0.1
Central and Southern Asia,,2016,0.1
Central and Southern Asia,,2017,0.09
Central and Southern Asia,,2018,0.09
Central and Southern Asia,,2019,0.08
Central and Southern Asia,,2020,0.08
Chad,TCD,2000,1.96
Chad,TCD,2001,1.83
Chad,TCD,2002,1.68
Chad,TCD,2003,1.55
Chad,TCD,2004,1.48
Chad,TCD,2005,1.38
Chad,TCD,2006,1.27
Chad,TCD,2007,1.17
Chad,TCD,2008,1.13
Chad,TCD,2009,0.97
Chad,TCD,2010,0.88
Chad,TCD,2011,0.8
Chad,TCD,2012,0.76
Chad,TCD,2013,0.71
Chad,TCD,2014,0.66
Chad,TCD,2015,0.57
Chad,TCD,2016,0.49
Chad,TCD,2017,0.47
Chad,TCD,2018,0.45
Chad,TCD,2019,0.4
Chad,TCD,2020,0.34
Chile,CHL,2000,0.29
Chile,CHL,2001,0.27
Chile,CHL,2002,0.24
Chile,CHL,2003,0.21
Chile,CHL,2004,0.2
Chile,CHL,2005,0.19
Chile,CHL,2006,0.19
Chile,CHL,2007,0.21
Chile,CHL,2008,0.23
Chile,CHL,2009,0.26
Chile,CHL,2010,0.3
Chile,CHL,2011,0.34
Chile,CHL,2012,0.37
Chile,CHL,2013,0.4
Chile,CHL,2014,0.42
Chile,CHL,2015,0.44
Chile,CHL,2016,0.45
Chile,CHL,2017,0.46
Chile,CHL,2018,0.47
Chile,CHL,2019,0.46
Chile,CHL,2020,0.45
Colombia,COL,2000,0.46
Colombia,COL,2001,0.45
Colombia,COL,2002,0.45
Colombia,COL,2003,0.4
Colombia,COL,2004,0.35
Colombia,COL,2005,0.35
Colombia,COL,2006,0.37
Colombia,COL,2007,0.35
Colombia,COL,2008,0.33
Colombia,COL,2009,0.36
Colombia,COL,2010,0.39
Colombia,COL,2011,0.39
Colombia,COL,2012,0.38
Colombia,COL,2013,0.37
Colombia,COL,2014,0.36
Colombia,COL,2015,0.35
Colombia,COL,2016,0.33
Colombia,COL,2017,0.32
Colombia,COL,2018,0.32
Colombia,COL,2019,0.32
Colombia,COL,2020,0.31
Comoros,COM,2000,0.03
Comoros,COM,2001,0.03
Comoros,COM,2002,0.03
Comoros,COM,2003,0.04
Comoros,COM,2004,0.03
Comoros,COM,2005,0.03
Comoros,COM,2006,0.03
Comoros,COM,2007,0.03
Comoros,COM,2008,0.03
Comoros,COM,2009,0.03
Comoros,COM,2010,0.03
Comoros,COM,2011,0.02
Comoros,COM,2012,0.02
Comoros,COM,2013,0.02
Comoros,COM,2014,0.02
Comoros,COM,2015,0.02
Comoros,COM,2016,0.02
Comoros,COM,2017,0.02
Comoros,COM,2018,0.01
Comoros,COM,2019,0.01
Comoros,COM,2020,0.01
Congo,COG,2000,3.41
Congo,COG,2001,3.25
Congo,COG,2002,3.3
Congo,COG,2003,3.06
Congo,COG,2004,3.08
Congo,COG,2005,2.83
Congo,COG,2006,2.68
Congo,COG,2007,2.67
Congo,COG,2008,2.74
Congo,COG,2009,2.54
Congo,COG,2010,2.56
Congo,COG,2011,2.6
Congo,COG,2012,2.63
Congo,COG,2013,2.75
Congo,COG,2014,2.82
Congo,COG,2015,2.91
Congo,COG,2016,2.83
Congo,COG,2017,2.86
Congo,COG,2018,2.94
Congo,COG,2019,2.94
Congo,COG,2020,3.03
Costa Rica,CRI,2000,0.19
Costa Rica,CRI,2001,0.19
Costa Rica,CRI,2002,0.19
Costa Rica,CRI,2003,0.19
Costa Rica,CRI,2004,0.19
Costa Rica,CRI,2005,0.19
Costa Rica,CRI,2006,0.19
Costa Rica,CRI,2007,0.19
Costa Rica,CRI,2008,0.2
Costa Rica,CRI,2009,0.2
Costa Rica,CRI,2010,0.21
Costa Rica,CRI,2011,0.23
Costa Rica,CRI,2012,0.25
Costa Rica,CRI,2013,0.27
Costa Rica,CRI,2014,0.3
Costa Rica,CRI,2015,0.33
Costa Rica,CRI,2016,0.37
Costa Rica,CRI,2017,0.42
Costa Rica,CRI,2018,0.47
Costa Rica,CRI,2019,0.52
Costa Rica,CRI,2020,0.57
Cote d'Ivoire,CIV,2000,5.46
Cote d'Ivoire,CIV,2001,4.78
Cote d'Ivoire,CIV,2002,4.14
Cote d'Ivoire,CIV,2003,3.65
Cote d'Ivoire,CIV,2004,3.28
Cote d'Ivoire,CIV,2005,2.92
Cote d'Ivoire,CIV,2006,2.58
Cote d'Ivoire,CIV,2007,2.4
Cote d'Ivoire,CIV,2008,2.14
Cote d'Ivoire,CIV,2009,1.97
Cote d'Ivoire,CIV,2010,1.68
Cote d'Ivoire,CIV,2011,1.48
Cote d'Ivoire,CIV,2012,1.3
Cote d'Ivoire,CIV,2013,1.14
Cote d'Ivoire,CIV,2014,1.02
Cote d'Ivoire,CIV,2015,0.9
Cote d'Ivoire,CIV,2016,0.79
Cote d'Ivoire,CIV,2017,0.66
Cote d'Ivoire,CIV,2018,0.53
Cote d'Ivoire,CIV,2019,0.44
Cote d'Ivoire,CIV,2020,0.37
Croatia,HRV,2000,0.02
Croatia,HRV,2001,0.03
Croatia,HRV,2002,0.03
Croatia,HRV,2003,0.03
Croatia,HRV,2004,0.03
Croatia,HRV,2005,0.03
Croatia,HRV,2006,0.03
Croatia,HRV,2007,0.03
Croatia,HRV,2008,0.03
Croatia,HRV,2009,0.04
Croatia,HRV,2010,0.04
Croatia,HRV,2011,0.04
Croatia,HRV,2012,0.04
Croatia,HRV,2013,0.04
Croatia,HRV,2014,0.04
Croatia,HRV,2015,0.04
Croatia,HRV,2016,0.04
Croatia,HRV,2017,0.04
Croatia,HRV,2018,0.04
Croatia,HRV,2019,0.04
Croatia,HRV,2020,0.04
Cuba,CUB,2000,0.12
Cuba,CUB,2001,0.15
Cuba,CUB,2002,0.17
Cuba,CUB,2003,0.2
Cuba,CUB,2004,0.23
Cuba,CUB,2005,0.25
Cuba,CUB,2006,0.27
Cuba,CUB,2007,0.28
Cuba,CUB,2008,0.29
Cuba,CUB,2009,0.3
Cuba,CUB,2010,0.31
Cuba,CUB,2011,0.32
Cuba,CUB,2012,0.32
Cuba,CUB,2013,0.32
Cuba,CUB,2014,0.32
Cuba,CUB,2015,0.33
Cuba,CUB,2016,0.33
Cuba,CUB,2017,0.33
Cuba,CUB,2018,0.33
Cuba,CUB,2019,0.33
Cuba,CUB,2020,0.33
Democratic Republic of Congo,COD,2000,1.35
Democratic Republic of Congo,COD,2001,1.26
Democratic Republic of Congo,COD,2002,1.18
Democratic Republic of Congo,COD,2003,1.07
Democratic Republic of Congo,COD,2004,1
Democratic Republic of Congo,COD,2005,0.94
Democratic Republic of Congo,COD,2006,0.87
Democratic Republic of Congo,COD,2007,0.81
Democratic Republic of Congo,COD,2008,0.77
Democratic Republic of Congo,COD,2009,0.7
Democratic Republic of Congo,COD,2010,0.66
Democratic Republic of Congo,COD,2011,0.61
Democratic Republic of Congo,COD,2012,0.57
Democratic Republic of Congo,COD,2013,0.53
Democratic Republic of Congo,COD,2014,0.49
Democratic Republic of Congo,COD,2015,0.46
Democratic Republic of Congo,COD,2016,0.42
Democratic Republic of Congo,COD,2017,0.38
Democratic Republic of Congo,COD,2018,0.32
Democratic Republic of Congo,COD,2019,0.27
Democratic Republic of Congo,COD,2020,0.21
Denmark,DNK,2000,0.09
Denmark,DNK,2001,0.08
Denmark,DNK,2002,0.08
Denmark,DNK,2003,0.08
Denmark,DNK,2004,0.08
Denmark,DNK,2005,0.08
Denmark,DNK,2006,0.08
Denmark,DNK,2007,0.08
Denmark,DNK,2008,0.08
Denmark,DNK,2009,0.08
Denmark,DNK,2010,0.08
Denmark,DNK,2011,0.08
Denmark,DNK,2012,0.08
Denmark,DNK,2013,0.07
Denmark,DNK,2014,0.07
Denmark,DNK,2015,0.07
Denmark,DNK,2016,0.06
Denmark,DNK,2017,0.06
Denmark,DNK,2018,0.05
Denmark,DNK,2019,0.05
Denmark,DNK,2020,0.04
Djibouti,DJI,2000,4.31
Djibouti,DJI,2001,3.03
Djibouti,DJI,2002,2.35
Djibouti,DJI,2003,1.32
Djibouti,DJI,2004,1.03
Djibouti,DJI,2005,0.87
Djibouti,DJI,2006,0.75
Djibouti,DJI,2007,0.71
Djibouti,DJI,2008,0.61
Djibouti,DJI,2009,0.54
Djibouti,DJI,2010,0.49
Djibouti,DJI,2011,0.43
Djibouti,DJI,2012,0.38
Djibouti,DJI,2013,0.34
Djibouti,DJI,2014,0.3
Djibouti,DJI,2015,0.26
Djibouti,DJI,2016,0.22
Djibouti,DJI,2017,0.19
Djibouti,DJI,2018,0.17
Djibouti,DJI,2019,0.15
Djibouti,DJI,2020,0.15
Dominican Republic,DOM,2000,1.84
Dominican Republic,DOM,2001,1.58
Dominican Republic,DOM,2002,1.37
Dominican Republic,DOM,2003,1.18
Dominican Republic,DOM,2004,1.01
Dominican Republic,DOM,2005,0.91
Dominican Republic,DOM,2006,0.79
Dominican Republic,DOM,2007,0.7
Dominican Republic,DOM,2008,0.69
Dominican Republic,DOM,2009,0.64
Dominican Republic,DOM,2010,0.62
Dominican Republic,DOM,2011,0.61
Dominican Republic,DOM,2012,0.59
Dominican Republic,DOM,2013,0.59
Dominican Republic,DOM,2014,0.59
Dominican Republic,DOM,2015,0.58
Dominican Republic,DOM,2016,0.58
Dominican Republic,DOM,2017,0.58
Dominican Republic,DOM,2018,0.57
Dominican Republic,DOM,2019,0.56
Dominican Republic,DOM,2020,0.55
Eastern Asia,,2000,0.09
Eastern Asia,,2001,0.09
Eastern Asia,,2002,0.09
Eastern Asia,,2003,0.09
Eastern Asia,,2004,0.09
Eastern Asia,,2005,0.09
Eastern Asia,,2006,0.08
Eastern Asia,,2007,0.08
Eastern Asia,,2008,0.08
Eastern Asia,,2009,0.08
Eastern Asia,,2010,0.08
Eastern Asia,,2011,0.08
Eastern Asia,,2012,0.08
Eastern Asia,,2013,0.08
Eastern Asia,,2014,0.08
Eastern Asia,,2015,0.08
Eastern Asia,,2016,0.08
Eastern Asia,,2017,0.08
Eastern Asia,,2018,0.08
Eastern Asia,,2019,0.08
Eastern Asia,,2020,0.08
Eastern and South-Eastern Asia,,2000,0.16
Eastern and South-Eastern Asia,,2001,0.16
Eastern and South-Eastern Asia,,2002,0.17
Eastern and South-Eastern Asia,,2003,0.17
Eastern and South-Eastern Asia,,2004,0.17
Eastern and South-Eastern Asia,,2005,0.16
Eastern and South-Eastern Asia,,2006,0.16
Eastern and South-Eastern Asia,,2007,0.15
Eastern and South-Eastern Asia,,2008,0.14
Eastern and South-Eastern Asia,,2009,0.14
Eastern and South-Eastern Asia,,2010,0.14
Eastern and South-Eastern Asia,,2011,0.14
Eastern and South-Eastern Asia,,2012,0.13
Eastern and South-Eastern Asia,,2013,0.13
Eastern and South-Eastern Asia,,2014,0.13
Eastern and South-Eastern Asia,,2015,0.13
Eastern and South-Eastern Asia,,2016,0.12
Eastern and South-Eastern Asia,,2017,0.12
Eastern and South-Eastern Asia,,2018,0.12
Eastern and South-Eastern Asia,,2019,0.12
Eastern and South-Eastern Asia,,2020,0.12
Ecuador,ECU,2000,0.36
Ecuador,ECU,2001,0.37
Ecuador,ECU,2002,0.37
Ecuador,ECU,2003,0.38
Ecuador,ECU,2004,0.38
Ecuador,ECU,2005,0.36
Ecuador,ECU,2006,0.3
Ecuador,ECU,2007,0.3
Ecuador,ECU,2008,0.29
Ecuador,ECU,2009,0.28
Ecuador,ECU,2010,0.29
Ecuador,ECU,2011,0.28
Ecuador,ECU,2012,0.27
Ecuador,ECU,2013,0.27
Ecuador,ECU,2014,0.27
Ecuador,ECU,2015,0.26
Ecuador,ECU,2016,0.25
Ecuador,ECU,2017,0.24
Ecuador,ECU,2018,0.23
Ecuador,ECU,2019,0.22
Ecuador,ECU,2020,0.2
Egypt,EGY,2000,0.01
Egypt,EGY,2001,0.01
Egypt,EGY,2002,0.01
Egypt,EGY,2003,0.01
Egypt,EGY,2004,0.01
Egypt,EGY,2005,0.01
Egypt,EGY,2006,0.01
Egypt,EGY,2007,0.01
Egypt,EGY,2008,0.02
Egypt,EGY,2009,0.02
Egypt,EGY,2010,0.02
Egypt,EGY,2011,0.02
Egypt,EGY,2012,0.03
Egypt,EGY,2013,0.03
Egypt,EGY,2014,0.03
Egypt,EGY,2015,0.04
Egypt,EGY,2016,0.04
Egypt,EGY,2017,0.05
Egypt,EGY,2018,0.05
Egypt,EGY,2019,0.05
Egypt,EGY,2020,0.06
El Salvador,SLV,2000,0.58
El Salvador,SLV,2001,0.59
El Salvador,SLV,2002,0.59
El Salvador,SLV,2003,0.58
El Salvador,SLV,2004,0.58
El Salvador,SLV,2005,0.56
El Salvador,SLV,2006,0.55
El Salvador,SLV,2007,0.52
El Salvador,SLV,2008,0.5
El Salvador,SLV,2009,0.48
El Salvador,SLV,2010,0.45
El Salvador,SLV,2011,0.43
El Salvador,SLV,2012,0.4
El Salvador,SLV,2013,0.38
El Salvador,SLV,2014,0.35
El Salvador,SLV,2015,0.33
El Salvador,SLV,2016,0.31
El Salvador,SLV,2017,0.28
El Salvador,SLV,2018,0.26
El Salvador,SLV,2019,0.24
El Salvador,SLV,2020,0.22
Eritrea,ERI,2000,1.03
Eritrea,ERI,2001,0.91
Eritrea,ERI,2002,0.8
Eritrea,ERI,2003,0.71
Eritrea,ERI,2004,0.63
Eritrea,ERI,2005,0.57
Eritrea,ERI,2006,0.51
Eritrea,ERI,2007,0.45
Eritrea,ERI,2008,0.41
Eritrea,ERI,2009,0.37
Eritrea,ERI,2010,0.33
Eritrea,ERI,2011,0.3
Eritrea,ERI,2012,0.26
Eritrea,ERI,2013,0.23
Eritrea,ERI,2014,0.2
Eritrea,ERI,2015,0.18
Eritrea,ERI,2016,0.15
Eritrea,ERI,2017,0.14
Eritrea,ERI,2018,0.12
Eritrea,ERI,2019,0.11
Eritrea,ERI,2020,0.1
Estonia,EST,2000,0.43
Estonia,EST,2001,1.59
Estonia,EST,2002,1.31
Estonia,EST,2003,1.08
Estonia,EST,2004,0.9
Estonia,EST,2005,0.77
Estonia,EST,2006,0.66
Estonia,EST,2007,0.58
Estonia,EST,2008,0.52
Estonia,EST,2009,0.48
Estonia,EST,2010,0.44
Estonia,EST,2011,0.41
Estonia,EST,2012,0.39
Estonia,EST,2013,0.38
Estonia,EST,2014,0.37
Estonia,EST,2015,0.36
Estonia,EST,2016,0.35
Estonia,EST,2017,0.34
Estonia,EST,2018,0.34
Estonia,EST,2019,0.34
Estonia,EST,2020,0.33
Eswatini,SWZ,2000,35.4
Eswatini,SWZ,2001,33.79
Eswatini,SWZ,2002,32.47
Eswatini,SWZ,2003,31.41
Eswatini,SWZ,2004,31.07
Eswatini,SWZ,2005,30.74
Eswatini,SWZ,2006,30.35
Eswatini,SWZ,2007,29.78
Eswatini,SWZ,2008,29.5
Eswatini,SWZ,2009,29.28
Eswatini,SWZ,2010,28.97
Eswatini,SWZ,2011,27.7
Eswatini,SWZ,2012,27.46
Eswatini,SWZ,2013,27.17
Eswatini,SWZ,2014,26.05
Eswatini,SWZ,2015,23.3
Eswatini,SWZ,2016,20.23
Eswatini,SWZ,2017,16.8
Eswatini,SWZ,2018,13.48
Eswatini,SWZ,2019,11.96
Eswatini,SWZ,2020,10.21
Ethiopia,ETH,2000,1.63
Ethiopia,ETH,2001,1.37
Ethiopia,ETH,2002,1.19
Ethiopia,ETH,2003,1.05
Ethiopia,ETH,2004,0.95
Ethiopia,ETH,2005,0.88
Ethiopia,ETH,2006,0.78
Ethiopia,ETH,2007,0.7
Ethiopia,ETH,2008,0.61
Ethiopia,ETH,2009,0.56
Ethiopia,ETH,2010,0.5
Ethiopia,ETH,2011,0.45
Ethiopia,ETH,2012,0.41
Ethiopia,ETH,2013,0.35
Ethiopia,ETH,2014,0.32
Ethiopia,ETH,2015,0.29
Ethiopia,ETH,2016,0.26
Ethiopia,ETH,2017,0.23
Ethiopia,ETH,2018,0.21
Ethiopia,ETH,2019,0.19
Ethiopia,ETH,2020,0.17
Europe,,2000,0.21
Europe,,2001,0.22
Europe,,2002,0.22
Europe,,2003,0.23
Europe,,2004,0.23
Europe,,2005,0.22
Europe,,2006,0.22
Europe,,2007,0.23
Europe,,2008,0.24
Europe,,2009,0.25
Europe,,2010,0.27
Europe,,2011,0.28
Europe,,2012,0.3
Europe,,2013,0.31
Europe,,2014,0.33
Europe,,2015,0.34
Europe,,2016,0.35
Europe,,2017,0.35
Europe,,2018,0.36
Europe,,2019,0.36
Europe,,2020,0.36
Europe and Northern America,,2000,0.22
Europe and Northern America,,2001,0.22
Europe and Northern America,,2002,0.23
Europe and Northern America,,2003,0.23
Europe and Northern America,,2004,0.23
Europe and Northern America,,2005,0.23
Europe and Northern America,,2006,0.23
Europe and Northern America,,2007,0.23
Europe and Northern America,,2008,0.24
Europe and Northern America,,2009,0.24
Europe and Northern America,,2010,0.25
Europe and Northern America,,2011,0.26
Europe and Northern America,,2012,0.27
Europe and Northern America,,2013,0.28
Europe and Northern America,,2014,0.29
Europe and Northern America,,2015,0.29
Europe and Northern America,,2016,0.3
Europe and Northern America,,2017,0.3
Europe and Northern America,,2018,0.31
Europe and Northern America,,2019,0.3
Europe and Northern America,,2020,0.31
Fiji,FJI,2000,0.05
Fiji,FJI,2001,0.05
Fiji,FJI,2002,0.06
Fiji,FJI,2003,0.07
Fiji,FJI,2004,0.08
Fiji,FJI,2005,0.09
Fiji,FJI,2006,0.1
Fiji,FJI,2007,0.1
Fiji,FJI,2008,0.11
Fiji,FJI,2009,0.12
Fiji,FJI,2010,0.13
Fiji,FJI,2011,0.15
Fiji,FJI,2012,0.16
Fiji,FJI,2013,0.17
Fiji,FJI,2014,0.18
Fiji,FJI,2015,0.2
Fiji,FJI,2016,0.21
Fiji,FJI,2017,0.23
Fiji,FJI,2018,0.25
Fiji,FJI,2019,0.27
Fiji,FJI,2020,0.28
Gabon,GAB,2000,6.31
Gabon,GAB,2001,5.35
Gabon,GAB,2002,4.76
Gabon,GAB,2003,4.02
Gabon,GAB,2004,3.59
Gabon,GAB,2005,3.42
Gabon,GAB,2006,2.9
Gabon,GAB,2007,2.69
Gabon,GAB,2008,2.52
Gabon,GAB,2009,2.53
Gabon,GAB,2010,2.16
Gabon,GAB,2011,1.99
Gabon,GAB,2012,1.81
Gabon,GAB,2013,1.6
Gabon,GAB,2014,1.38
Gabon,GAB,2015,1.23
Gabon,GAB,2016,1.02
Gabon,GAB,2017,0.85
Gabon,GAB,2018,0.71
Gabon,GAB,2019,0.63
Gabon,GAB,2020,0.67
Gambia,GMB,2000,3
Gambia,GMB,2001,2.96
Gambia,GMB,2002,2.82
Gambia,GMB,2003,2.64
Gambia,GMB,2004,2.49
Gambia,GMB,2005,2.37
Gambia,GMB,2006,2.27
Gambia,GMB,2007,2.22
Gambia,GMB,2008,2.22
Gambia,GMB,2009,2.06
Gambia,GMB,2010,2.05
Gambia,GMB,2011,1.95
Gambia,GMB,2012,1.84
Gambia,GMB,2013,1.78
Gambia,GMB,2014,1.76
Gambia,GMB,2015,1.72
Gambia,GMB,2016,1.68
Gambia,GMB,2017,1.62
Gambia,GMB,2018,1.56
Gambia,GMB,2019,1.51
Gambia,GMB,2020,1.47
Georgia,GEO,2000,0.02
Georgia,GEO,2001,0.04
Georgia,GEO,2002,0.06
Georgia,GEO,2003,0.08
Georgia,GEO,2004,0.11
Georgia,GEO,2005,0.13
Georgia,GEO,2006,0.15
Georgia,GEO,2007,0.16
Georgia,GEO,2008,0.18
Georgia,GEO,2009,0.2
Georgia,GEO,2010,0.22
Georgia,GEO,2011,0.24
Georgia,GEO,2012,0.26
Georgia,GEO,2013,0.26
Georgia,GEO,2014,0.27
Georgia,GEO,2015,0.28
Georgia,GEO,2016,0.29
Georgia,GEO,2017,0.29
Georgia,GEO,2018,0.3
Georgia,GEO,2019,0.31
Georgia,GEO,2020,0.32
Germany,DEU,2000,0.05
Germany,DEU,2001,0.05
Germany,DEU,2002,0.06
Germany,DEU,2003,0.07
Germany,DEU,2004,0.07
Germany,DEU,2005,0.07
Germany,DEU,2006,0.07
Germany,DEU,2007,0.07
Germany,DEU,2008,0.07
Germany,DEU,2009,0.07
Germany,DEU,2010,0.06
Germany,DEU,2011,0.06
Germany,DEU,2012,0.06
Germany,DEU,2013,0.06
Germany,DEU,2014,0.06
Germany,DEU,2015,0.06
Germany,DEU,2016,0.07
Germany,DEU,2017,0.06
Germany,DEU,2018,0.06
Germany,DEU,2019,0.06
Germany,DEU,2020,0.06
Ghana,GHA,2000,2.29
Ghana,GHA,2001,2.19
Ghana,GHA,2002,2.09
Ghana,GHA,2003,1.94
Ghana,GHA,2004,1.85
Ghana,GHA,2005,1.72
Ghana,GHA,2006,1.68
Ghana,GHA,2007,1.63
Ghana,GHA,2008,1.59
Ghana,GHA,2009,1.48
Ghana,GHA,2010,1.47
Ghana,GHA,2011,1.42
Ghana,GHA,2012,1.34
Ghana,GHA,2013,1.29
Ghana,GHA,2014,1.26
Ghana,GHA,2015,1.23
Ghana,GHA,2016,1.2
Ghana,GHA,2017,1.17
Ghana,GHA,2018,1.14
Ghana,GHA,2019,1.09
Ghana,GHA,2020,0.94
Greece,GRC,2000,0.06
Greece,GRC,2001,0.06
Greece,GRC,2002,0.06
Greece,GRC,2003,0.07
Greece,GRC,2004,0.07
Greece,GRC,2005,0.08
Greece,GRC,2006,0.1
Greece,GRC,2007,0.13
Greece,GRC,2008,0.16
Greece,GRC,2009,0.18
Greece,GRC,2010,0.19
Greece,GRC,2011,0.19
Greece,GRC,2012,0.17
Greece,GRC,2013,0.14
Greece,GRC,2014,0.11
Greece,GRC,2015,0.09
Greece,GRC,2016,0.08
Greece,GRC,2017,0.08
Greece,GRC,2018,0.1
Greece,GRC,2019,0.13
Greece,GRC,2020,0.18
Guatemala,GTM,2000,0.58
Guatemala,GTM,2001,0.54
Guatemala,GTM,2002,0.51
Guatemala,GTM,2003,0.47
Guatemala,GTM,2004,0.4
Guatemala,GTM,2005,0.36
Guatemala,GTM,2006,0.33
Guatemala,GTM,2007,0.29
Guatemala,GTM,2008,0.25
Guatemala,GTM,2009,0.2
Guatemala,GTM,2010,0.15
Guatemala,GTM,2011,0.13
Guatemala,GTM,2012,0.11
Guatemala,GTM,2013,0.09
Guatemala,GTM,2014,0.08
Guatemala,GTM,2015,0.07
Guatemala,GTM,2016,0.07
Guatemala,GTM,2017,0.06
Guatemala,GTM,2018,0.06
Guatemala,GTM,2019,0.06
Guatemala,GTM,2020,0.05
Guinea,GIN,2000,2.06
Guinea,GIN,2001,1.93
Guinea,GIN,2002,1.81
Guinea,GIN,2003,1.72
Guinea,GIN,2004,1.67
Guinea,GIN,2005,1.6
Guinea,GIN,2006,1.58
Guinea,GIN,2007,1.54
Guinea,GIN,2008,1.5
Guinea,GIN,2009,1.39
Guinea,GIN,2010,1.33
Guinea,GIN,2011,1.24
Guinea,GIN,2012,1.17
Guinea,GIN,2013,1.1
Guinea,GIN,2014,1.08
Guinea,GIN,2015,1.02
Guinea,GIN,2016,0.99
Guinea,GIN,2017,0.93
Guinea,GIN,2018,0.87
Guinea,GIN,2019,0.78
Guinea,GIN,2020,0.69
Guinea-Bissau,GNB,2000,6.36
Guinea-Bissau,GNB,2001,6.12
Guinea-Bissau,GNB,2002,5.53
Guinea-Bissau,GNB,2003,4.98
Guinea-Bissau,GNB,2004,4.59
Guinea-Bissau,GNB,2005,4.3
Guinea-Bissau,GNB,2006,4.07
Guinea-Bissau,GNB,2007,3.94
Guinea-Bissau,GNB,2008,3.77
Guinea-Bissau,GNB,2009,3.48
Guinea-Bissau,GNB,2010,3.31
Guinea-Bissau,GNB,2011,3.05
Guinea-Bissau,GNB,2012,2.79
Guinea-Bissau,GNB,2013,2.54
Guinea-Bissau,GNB,2014,2.38
Guinea-Bissau,GNB,2015,2.19
Guinea-Bissau,GNB,2016,1.98
Guinea-Bissau,GNB,2017,1.76
Guinea-Bissau,GNB,2018,1.62
Guinea-Bissau,GNB,2019,1.4
Guinea-Bissau,GNB,2020,1.23
Guyana,GUY,2000,1.49
Guyana,GUY,2001,1.7
Guyana,GUY,2002,1.82
Guyana,GUY,2003,1.85
Guyana,GUY,2004,1.77
Guyana,GUY,2005,1.6
Guyana,GUY,2006,1.39
Guyana,GUY,2007,1.25
Guyana,GUY,2008,1.16
Guyana,GUY,2009,1.07
Guyana,GUY,2010,1.01
Guyana,GUY,2011,0.97
Guyana,GUY,2012,0.92
Guyana,GUY,2013,0.9
Guyana,GUY,2014,0.87
Guyana,GUY,2015,0.85
Guyana,GUY,2016,0.82
Guyana,GUY,2017,0.79
Guyana,GUY,2018,0.77
Guyana,GUY,2019,0.73
Guyana,GUY,2020,0.72
Haiti,HTI,2000,2.32
Haiti,HTI,2001,2.37
Haiti,HTI,2002,2.16
Haiti,HTI,2003,2.06
Haiti,HTI,2004,1.88
Haiti,HTI,2005,1.77
Haiti,HTI,2006,1.68
Haiti,HTI,2007,1.6
Haiti,HTI,2008,1.51
Haiti,HTI,2009,1.45
Haiti,HTI,2010,1.38
Haiti,HTI,2011,1.35
Haiti,HTI,2012,1.3
Haiti,HTI,2013,1.22
Haiti,HTI,2014,1.13
Haiti,HTI,2015,1.06
Haiti,HTI,2016,0.99
Haiti,HTI,2017,0.88
Haiti,HTI,2018,0.79
Haiti,HTI,2019,0.77
Haiti,HTI,2020,0.64
Honduras,HND,2000,0.6
Honduras,HND,2001,0.46
Honduras,HND,2002,0.37
Honduras,HND,2003,0.29
Honduras,HND,2004,0.2
Honduras,HND,2005,0.17
Honduras,HND,2006,0.16
Honduras,HND,2007,0.14
Honduras,HND,2008,0.14
Honduras,HND,2009,0.14
Honduras,HND,2010,0.15
Honduras,HND,2011,0.14
Honduras,HND,2012,0.13
Honduras,HND,2013,0.13
Honduras,HND,2014,0.13
Honduras,HND,2015,0.12
Honduras,HND,2016,0.12
Honduras,HND,2017,0.12
Honduras,HND,2018,0.12
Honduras,HND,2019,0.11
Honduras,HND,2020,0.11
Iceland,ISL,2000,0.07
Iceland,ISL,2001,0.07
Iceland,ISL,2002,0.07
Iceland,ISL,2003,0.07
Iceland,ISL,2004,0.07
Iceland,ISL,2005,0.07
Iceland,ISL,2006,0.07
Iceland,ISL,2007,0.07
Iceland,ISL,2008,0.08
Iceland,ISL,2009,0.08
Iceland,ISL,2010,0.08
Iceland,ISL,2011,0.08
Iceland,ISL,2012,0.08
Iceland,ISL,2013,0.08
Iceland,ISL,2014,0.08
Iceland,ISL,2015,0.08
Iceland,ISL,2016,0.08
Iceland,ISL,2017,0.08
Iceland,ISL,2018,0.08
Iceland,ISL,2019,0.08
Iceland,ISL,2020,0.08
Indonesia,IDN,2000,0.11
Indonesia,IDN,2001,0.18
Indonesia,IDN,2002,0.29
Indonesia,IDN,2003,0.32
Indonesia,IDN,2004,0.33
Indonesia,IDN,2005,0.35
Indonesia,IDN,2006,0.37
Indonesia,IDN,2007,0.36
Indonesia,IDN,2008,0.35
Indonesia,IDN,2009,0.34
Indonesia,IDN,2010,0.34
Indonesia,IDN,2011,0.33
Indonesia,IDN,2012,0.31
Indonesia,IDN,2013,0.29
Indonesia,IDN,2014,0.27
Indonesia,IDN,2015,0.24
Indonesia,IDN,2016,0.22
Indonesia,IDN,2017,0.21
Indonesia,IDN,2018,0.2
Indonesia,IDN,2019,0.18
Indonesia,IDN,2020,0.17
Iran,IRN,2000,0.13
Iran,IRN,2001,0.17
Iran,IRN,2002,0.21
Iran,IRN,2003,0.24
Iran,IRN,2004,0.26
Iran,IRN,2005,0.25
Iran,IRN,2006,0.23
Iran,IRN,2007,0.19
Iran,IRN,2008,0.16
Iran,IRN,2009,0.13
Iran,IRN,2010,0.1
Iran,IRN,2011,0.08
Iran,IRN,2012,0.07
Iran,IRN,2013,0.06
Iran,IRN,2014,0.06
Iran,IRN,2015,0.05
Iran,IRN,2016,0.05
Iran,IRN,2017,0.05
Iran,IRN,2018,0.05
Iran,IRN,2019,0.05
Iran,IRN,2020,0.05
Ireland,IRL,2000,0.09
Ireland,IRL,2001,0.09
Ireland,IRL,2002,0.09
Ireland,IRL,2003,0.09
Ireland,IRL,2004,0.1
Ireland,IRL,2005,0.1
Ireland,IRL,2006,0.11
Ireland,IRL,2007,0.11
Ireland,IRL,2008,0.12
Ireland,IRL,2009,0.12
Ireland,IRL,2010,0.13
Ireland,IRL,2011,0.14
Ireland,IRL,2012,0.14
Ireland,IRL,2013,0.14
Ireland,IRL,2014,0.15
Ireland,IRL,2015,0.15
Ireland,IRL,2016,0.15
Ireland,IRL,2017,0.15
Ireland,IRL,2018,0.16
Ireland,IRL,2019,0.15
Ireland,IRL,2020,0.15
Italy,ITA,2000,0.16
Italy,ITA,2001,0.16
Italy,ITA,2002,0.16
Italy,ITA,2003,0.16
Italy,ITA,2004,0.16
Italy,ITA,2005,0.16
Italy,ITA,2006,0.16
Italy,ITA,2007,0.16
Italy,ITA,2008,0.16
Italy,ITA,2009,0.16
Italy,ITA,2010,0.16
Italy,ITA,2011,0.15
Italy,ITA,2012,0.15
Italy,ITA,2013,0.15
Italy,ITA,2014,0.14
Italy,ITA,2015,0.14
Italy,ITA,2016,0.14
Italy,ITA,2017,0.13
Italy,ITA,2018,0.12
Italy,ITA,2019,0.1
Italy,ITA,2020,0.09
Jamaica,JAM,2000,1.7
Jamaica,JAM,2001,1.71
Jamaica,JAM,2002,1.71
Jamaica,JAM,2003,1.56
Jamaica,JAM,2004,1.34
Jamaica,JAM,2005,1.33
Jamaica,JAM,2006,1.22
Jamaica,JAM,2007,1.22
Jamaica,JAM,2008,1.21
Jamaica,JAM,2009,1.2
Jamaica,JAM,2010,1.13
Jamaica,JAM,2011,1.1
Jamaica,JAM,2012,1.08
Jamaica,JAM,2013,1.05
Jamaica,JAM,2014,1.02
Jamaica,JAM,2015,1
Jamaica,JAM,2016,0.99
Jamaica,JAM,2017,0.97
Jamaica,JAM,2018,0.94
Jamaica,JAM,2019,0.92
Jamaica,JAM,2020,0.84
Japan,JPN,2000,0.02
Japan,JPN,2001,0.02
Japan,JPN,2002,0.02
Japan,JPN,2003,0.02
Japan,JPN,2004,0.02
Japan,JPN,2005,0.02
Japan,JPN,2006,0.02
Japan,JPN,2007,0.02
Japan,JPN,2008,0.02
Japan,JPN,2009,0.02
Japan,JPN,2010,0.02
Japan,JPN,2011,0.02
Japan,JPN,2012,0.02
Japan,JPN,2013,0.02
Japan,JPN,2014,0.02
Japan,JPN,2015,0.02
Japan,JPN,2016,0.02
Japan,JPN,2017,0.01
Japan,JPN,2018,0.01
Japan,JPN,2019,0.01
Japan,JPN,2020,0.01
Jordan,JOR,2000,0.01
Jordan,JOR,2001,0.01
Jordan,JOR,2002,0.01
Jordan,JOR,2003,0.01
Jordan,JOR,2004,0.01
Jordan,JOR,2005,0.01
Jordan,JOR,2006,0.01
Jordan,JOR,2007,0.01
Jordan,JOR,2008,0.01
Jordan,JOR,2009,0.01
Jordan,JOR,2010,0.01
Jordan,JOR,2011,0.01
Jordan,JOR,2012,0.01
Jordan,JOR,2013,0.01
Jordan,JOR,2014,0.01
Jordan,JOR,2015,0.01
Jordan,JOR,2016,0.01
Jordan,JOR,2017,0.01
Jordan,JOR,2018,0.01
Jordan,JOR,2019,0.01
Jordan,JOR,2020,0.01
Kazakhstan,KAZ,2000,0.12
Kazakhstan,KAZ,2001,0.12
Kazakhstan,KAZ,2002,0.13
Kazakhstan,KAZ,2003,0.13
Kazakhstan,KAZ,2004,0.13
Kazakhstan,KAZ,2005,0.14
Kazakhstan,KAZ,2006,0.14
Kazakhstan,KAZ,2007,0.16
Kazakhstan,KAZ,2008,0.17
Kazakhstan,KAZ,2009,0.19
Kazakhstan,KAZ,2010,0.2
Kazakhstan,KAZ,2011,0.17
Kazakhstan,KAZ,2012,0.15
Kazakhstan,KAZ,2013,0.18
Kazakhstan,KAZ,2014,0.2
Kazakhstan,KAZ,2015,0.24
Kazakhstan,KAZ,2016,0.27
Kazakhstan,KAZ,2017,0.3
Kazakhstan,KAZ,2018,0.28
Kazakhstan,KAZ,2019,0.32
Kazakhstan,KAZ,2020,0.36
Kenya,KEN,2000,6.17
Kenya,KEN,2001,5.49
Kenya,KEN,2002,4.93
Kenya,KEN,2003,4.58
Kenya,KEN,2004,4.24
Kenya,KEN,2005,4.02
Kenya,KEN,2006,3.84
Kenya,KEN,2007,3.59
Kenya,KEN,2008,3.45
Kenya,KEN,2009,3.27
Kenya,KEN,2010,3.06
Kenya,KEN,2011,2.79
Kenya,KEN,2012,2.54
Kenya,KEN,2013,2.36
Kenya,KEN,2014,2.17
Kenya,KEN,2015,1.96
Kenya,KEN,2016,1.69
Kenya,KEN,2017,1.48
Kenya,KEN,2018,1.29
Kenya,KEN,2019,1.23
Kenya,KEN,2020,1.15
Kyrgyzstan,KGZ,2000,0
Kyrgyzstan,KGZ,2001,0.08
Kyrgyzstan,KGZ,2002,0.06
Kyrgyzstan,KGZ,2003,0.04
Kyrgyzstan,KGZ,2004,0.1
Kyrgyzstan,KGZ,2005,0.15
Kyrgyzstan,KGZ,2006,0.17
Kyrgyzstan,KGZ,2007,0.19
Kyrgyzstan,KGZ,2008,0.19
Kyrgyzstan,KGZ,2009,0.19
Kyrgyzstan,KGZ,2010,0.19
Kyrgyzstan,KGZ,2011,0.19
Kyrgyzstan,KGZ,2012,0.19
Kyrgyzstan,KGZ,2013,0.19
Kyrgyzstan,KGZ,2014,0.19
Kyrgyzstan,KGZ,2015,0.19
Kyrgyzstan,KGZ,2016,0.19
Kyrgyzstan,KGZ,2017,0.19
Kyrgyzstan,KGZ,2018,0.19
Kyrgyzstan,KGZ,2019,0.19
Kyrgyzstan,KGZ,2020,0.19
Landlocked developing countries (LLDCs),,2000,3.07
Landlocked developing countries (LLDCs),,2001,2.83
Landlocked developing countries (LLDCs),,2002,2.64
Landlocked developing countries (LLDCs),,2003,2.46
Landlocked developing countries (LLDCs),,2004,2.32
Landlocked developing countries (LLDCs),,2005,2.21
Landlocked developing countries (LLDCs),,2006,2.09
Landlocked developing countries (LLDCs),,2007,2.01
Landlocked developing countries (LLDCs),,2008,1.92
Landlocked developing countries (LLDCs),,2009,1.84
Landlocked developing countries (LLDCs),,2010,1.76
Landlocked developing countries (LLDCs),,2011,1.66
Landlocked developing countries (LLDCs),,2012,1.57
Landlocked developing countries (LLDCs),,2013,1.48
Landlocked developing countries (LLDCs),,2014,1.38
Landlocked developing countries (LLDCs),,2015,1.28
Landlocked developing countries (LLDCs),,2016,1.2
Landlocked developing countries (LLDCs),,2017,1.11
Landlocked developing countries (LLDCs),,2018,1.01
Landlocked developing countries (LLDCs),,2019,0.94
Landlocked developing countries (LLDCs),,2020,0.83
Laos,LAO,2000,0.21
Laos,LAO,2001,0.27
Laos,LAO,2002,0.29
Laos,LAO,2003,0.3
Laos,LAO,2004,0.28
Laos,LAO,2005,0.3
Laos,LAO,2006,0.29
Laos,LAO,2007,0.31
Laos,LAO,2008,0.31
Laos,LAO,2009,0.3
Laos,LAO,2010,0.3
Laos,LAO,2011,0.29
Laos,LAO,2012,0.28
Laos,LAO,2013,0.28
Laos,LAO,2014,0.26
Laos,LAO,2015,0.26
Laos,LAO,2016,0.25
Laos,LAO,2017,0.24
Laos,LAO,2018,0.23
Laos,LAO,2019,0.22
Laos,LAO,2020,0.21
Latin America and the Caribbean,,2000,0.45
Latin America and the Caribbean,,2001,0.44
Latin America and the Caribbean,,2002,0.43
Latin America and the Caribbean,,2003,0.41
Latin America and the Caribbean,,2004,0.39
Latin America and the Caribbean,,2005,0.38
Latin America and the Caribbean,,2006,0.37
Latin America and the Caribbean,,2007,0.36
Latin America and the Caribbean,,2008,0.35
Latin America and the Caribbean,,2009,0.35
Latin America and the Caribbean,,2010,0.35
Latin America and the Caribbean,,2011,0.35
Latin America and the Caribbean,,2012,0.35
Latin America and the Caribbean,,2013,0.35
Latin America and the Caribbean,,2014,0.34
Latin America and the Caribbean,,2015,0.33
Latin America and the Caribbean,,2016,0.33
Latin America and the Caribbean,,2017,0.33
Latin America and the Caribbean,,2018,0.32
Latin America and the Caribbean,,2019,0.32
Latin America and the Caribbean,,2020,0.31
Least developed countries (LDCs),,2000,2.2
Least developed countries (LDCs),,2001,2.07
Least developed countries (LDCs),,2002,1.95
Least developed countries (LDCs),,2003,1.83
Least developed countries (LDCs),,2004,1.73
Least developed countries (LDCs),,2005,1.66
Least developed countries (LDCs),,2006,1.58
Least developed countries (LDCs),,2007,1.52
Least developed countries (LDCs),,2008,1.45
Least developed countries (LDCs),,2009,1.4
Least developed countries (LDCs),,2010,1.35
Least developed countries (LDCs),,2011,1.3
Least developed countries (LDCs),,2012,1.25
Least developed countries (LDCs),,2013,1.18
Least developed countries (LDCs),,2014,1.11
Least developed countries (LDCs),,2015,1.04
Least developed countries (LDCs),,2016,0.98
Least developed countries (LDCs),,2017,0.91
Least developed countries (LDCs),,2018,0.84
Least developed countries (LDCs),,2019,0.77
Least developed countries (LDCs),,2020,0.69
Lebanon,LBN,2000,0.04
Lebanon,LBN,2001,0.04
Lebanon,LBN,2002,0.04
Lebanon,LBN,2003,0.04
Lebanon,LBN,2004,0.04
Lebanon,LBN,2005,0.04
Lebanon,LBN,2006,0.04
Lebanon,LBN,2007,0.05
Lebanon,LBN,2008,0.05
Lebanon,LBN,2009,0.05
Lebanon,LBN,2010,0.05
Lebanon,LBN,2011,0.05
Lebanon,LBN,2012,0.05
Lebanon,LBN,2013,0.05
Lebanon,LBN,2014,0.05
Lebanon,LBN,2015,0.05
Lebanon,LBN,2016,0.05
Lebanon,LBN,2017,0.05
Lebanon,LBN,2018,0.05
Lebanon,LBN,2019,0.05
Lebanon,LBN,2020,0.04
Lesotho,LSO,2000,30.85
Lesotho,LSO,2001,28.77
Lesotho,LSO,2002,27.36
Lesotho,LSO,2003,26.51
Lesotho,LSO,2004,26.17
Lesotho,LSO,2005,26.34
Lesotho,LSO,2006,26.19
Lesotho,LSO,2007,25.85
Lesotho,LSO,2008,24.63
Lesotho,LSO,2009,23.67
Lesotho,LSO,2010,22.65
Lesotho,LSO,2011,21.37
Lesotho,LSO,2012,21.02
Lesotho,LSO,2013,20.32
Lesotho,LSO,2014,18.81
Lesotho,LSO,2015,17.14
Lesotho,LSO,2016,15.05
Lesotho,LSO,2017,12.67
Lesotho,LSO,2018,10.73
Lesotho,LSO,2019,9.84
Lesotho,LSO,2020,8.77
Liberia,LBR,2000,2.26
Liberia,LBR,2001,2.05
Liberia,LBR,2002,1.74
Liberia,LBR,2003,1.52
Liberia,LBR,2004,1.46
Liberia,LBR,2005,1.34
Liberia,LBR,2006,1.28
Liberia,LBR,2007,1.2
Liberia,LBR,2008,1.12
Liberia,LBR,2009,1.08
Liberia,LBR,2010,1
Liberia,LBR,2011,0.92
Liberia,LBR,2012,0.87
Liberia,LBR,2013,0.82
Liberia,LBR,2014,0.77
Liberia,LBR,2015,0.73
Liberia,LBR,2016,0.69
Liberia,LBR,2017,0.63
Liberia,LBR,2018,0.56
Liberia,LBR,2019,0.49
Liberia,LBR,2020,0.45
Libya,LBY,2000,0.08
Libya,LBY,2001,0.1
Libya,LBY,2002,0.12
Libya,LBY,2003,0.15
Libya,LBY,2004,0.17
Libya,LBY,2005,0.18
Libya,LBY,2006,0.18
Libya,LBY,2007,0.17
Libya,LBY,2008,0.14
Libya,LBY,2009,0.11
Libya,LBY,2010,0.08
Libya,LBY,2011,0.06
Libya,LBY,2012,0.05
Libya,LBY,2013,0.05
Libya,LBY,2014,0.05
Libya,LBY,2015,0.06
Libya,LBY,2016,0.06
Libya,LBY,2017,0.07
Libya,LBY,2018,0.07
Libya,LBY,2019,0.08
Libya,LBY,2020,0.08
Madagascar,MDG,2000,0.06
Madagascar,MDG,2001,0.07
Madagascar,MDG,2002,0.07
Madagascar,MDG,2003,0.09
Madagascar,MDG,2004,0.1
Madagascar,MDG,2005,0.11
Madagascar,MDG,2006,0.13
Madagascar,MDG,2007,0.15
Madagascar,MDG,2008,0.16
Madagascar,MDG,2009,0.19
Madagascar,MDG,2010,0.21
Madagascar,MDG,2011,0.23
Madagascar,MDG,2012,0.26
Madagascar,MDG,2013,0.29
Madagascar,MDG,2014,0.31
Madagascar,MDG,2015,0.34
Madagascar,MDG,2016,0.35
Madagascar,MDG,2017,0.37
Madagascar,MDG,2018,0.34
Madagascar,MDG,2019,0.39
Madagascar,MDG,2020,0.39
Malawi,MWI,2000,14.55
Malawi,MWI,2001,13.17
Malawi,MWI,2002,12.09
Malawi,MWI,2003,11.05
Malawi,MWI,2004,10.3
Malawi,MWI,2005,9.46
Malawi,MWI,2006,8.73
Malawi,MWI,2007,8.08
Malawi,MWI,2008,7.46
Malawi,MWI,2009,7.07
Malawi,MWI,2010,6.75
Malawi,MWI,2011,6.36
Malawi,MWI,2012,5.86
Malawi,MWI,2013,5.31
Malawi,MWI,2014,4.82
Malawi,MWI,2015,4.37
Malawi,MWI,2016,3.97
Malawi,MWI,2017,3.42
Malawi,MWI,2018,2.89
Malawi,MWI,2019,2.39
Malawi,MWI,2020,2.16
Malaysia,MYS,2000,0.46
Malaysia,MYS,2001,0.46
Malaysia,MYS,2002,0.43
Malaysia,MYS,2003,0.41
Malaysia,MYS,2004,0.39
Malaysia,MYS,2005,0.37
Malaysia,MYS,2006,0.36
Malaysia,MYS,2007,0.34
Malaysia,MYS,2008,0.33
Malaysia,MYS,2009,0.32
Malaysia,MYS,2010,0.3
Malaysia,MYS,2011,0.29
Malaysia,MYS,2012,0.29
Malaysia,MYS,2013,0.28
Malaysia,MYS,2014,0.27
Malaysia,MYS,2015,0.26
Malaysia,MYS,2016,0.26
Malaysia,MYS,2017,0.25
Malaysia,MYS,2018,0.27
Malaysia,MYS,2019,0.29
Malaysia,MYS,2020,0.32
Mali,MLI,2000,1.49
Mali,MLI,2001,1.35
Mali,MLI,2002,1.23
Mali,MLI,2003,1.1
Mali,MLI,2004,1.07
Mali,MLI,2005,1.02
Mali,MLI,2006,0.93
Mali,MLI,2007,0.91
Mali,MLI,2008,0.89
Mali,MLI,2009,0.81
Mali,MLI,2010,0.73
Mali,MLI,2011,0.68
Mali,MLI,2012,0.62
Mali,MLI,2013,0.59
Mali,MLI,2014,0.56
Mali,MLI,2015,0.53
Mali,MLI,2016,0.48
Mali,MLI,2017,0.44
Mali,MLI,2018,0.4
Mali,MLI,2019,0.37
Mali,MLI,2020,0.33
Mauritius,MUS,2000,1.78
Mauritius,MUS,2001,1.83
Mauritius,MUS,2002,1.85
Mauritius,MUS,2003,1.88
Mauritius,MUS,2004,1.85
Mauritius,MUS,2005,1.85
Mauritius,MUS,2006,1.86
Mauritius,MUS,2007,1.85
Mauritius,MUS,2008,1.81
Mauritius,MUS,2009,1.77
Mauritius,MUS,2010,1.73
Mauritius,MUS,2011,1.66
Mauritius,MUS,2012,1.54
Mauritius,MUS,2013,1.47
Mauritius,MUS,2014,1.41
Mauritius,MUS,2015,1.35
Mauritius,MUS,2016,1.34
Mauritius,MUS,2017,1.34
Mauritius,MUS,2018,1.33
Mauritius,MUS,2019,1.33
Mauritius,MUS,2020,1.37
Mexico,MEX,2000,0.3
Mexico,MEX,2001,0.29
Mexico,MEX,2002,0.28
Mexico,MEX,2003,0.27
Mexico,MEX,2004,0.26
Mexico,MEX,2005,0.25
Mexico,MEX,2006,0.24
Mexico,MEX,2007,0.23
Mexico,MEX,2008,0.23
Mexico,MEX,2009,0.23
Mexico,MEX,2010,0.24
Mexico,MEX,2011,0.26
Mexico,MEX,2012,0.27
Mexico,MEX,2013,0.29
Mexico,MEX,2014,0.27
Mexico,MEX,2015,0.27
Mexico,MEX,2016,0.27
Mexico,MEX,2017,0.27
Mexico,MEX,2018,0.27
Mexico,MEX,2019,0.27
Mexico,MEX,2020,0.27
Moldova,MDA,2000,0.66
Moldova,MDA,2001,0.58
Moldova,MDA,2002,0.54
Moldova,MDA,2003,0.55
Moldova,MDA,2004,0.57
Moldova,MDA,2005,0.61
Moldova,MDA,2006,0.65
Moldova,MDA,2007,0.69
Moldova,MDA,2008,0.7
Moldova,MDA,2009,0.7
Moldova,MDA,2010,0.68
Moldova,MDA,2011,0.66
Moldova,MDA,2012,0.63
Moldova,MDA,2013,0.6
Moldova,MDA,2014,0.58
Moldova,MDA,2015,0.55
Moldova,MDA,2016,0.52
Moldova,MDA,2017,0.5
Moldova,MDA,2018,0.49
Moldova,MDA,2019,0.47
Moldova,MDA,2020,0.46
Mongolia,MNG,2000,0.01
Mongolia,MNG,2001,0.01
Mongolia,MNG,2002,0.02
Mongolia,MNG,2003,0.03
Mongolia,MNG,2004,0.03
Mongolia,MNG,2005,0.03
Mongolia,MNG,2006,0.03
Mongolia,MNG,2007,0.03
Mongolia,MNG,2008,0.03
Mongolia,MNG,2009,0.03
Mongolia,MNG,2010,0.03
Mongolia,MNG,2011,0.03
Mongolia,MNG,2012,0.03
Mongolia,MNG,2013,0.03
Mongolia,MNG,2014,0.03
Mongolia,MNG,2015,0.02
Mongolia,MNG,2016,0.02
Mongolia,MNG,2017,0.03
Mongolia,MNG,2018,0.02
Mongolia,MNG,2019,0.02
Mongolia,MNG,2020,0.03
Montenegro,MNE,2000,0.02
Montenegro,MNE,2001,0.03
Montenegro,MNE,2002,0.03
Montenegro,MNE,2003,0.04
Montenegro,MNE,2004,0.04
Montenegro,MNE,2005,0.05
Montenegro,MNE,2006,0.05
Montenegro,MNE,2007,0.06
Montenegro,MNE,2008,0.06
Montenegro,MNE,2009,0.06
Montenegro,MNE,2010,0.07
Montenegro,MNE,2011,0.07
Montenegro,MNE,2012,0.07
Montenegro,MNE,2013,0.07
Montenegro,MNE,2014,0.07
Montenegro,MNE,2015,0.07
Montenegro,MNE,2016,0.07
Montenegro,MNE,2017,0.07
Montenegro,MNE,2018,0.07
Montenegro,MNE,2019,0.07
Montenegro,MNE,2020,0.07
Morocco,MAR,2000,0.09
Morocco,MAR,2001,0.09
Morocco,MAR,2002,0.09
Morocco,MAR,2003,0.09
Morocco,MAR,2004,0.09
Morocco,MAR,2005,0.09
Morocco,MAR,2006,0.09
Morocco,MAR,2007,0.09
Morocco,MAR,2008,0.08
Morocco,MAR,2009,0.08
Morocco,MAR,2010,0.07
Morocco,MAR,2011,0.07
Morocco,MAR,2012,0.07
Morocco,MAR,2013,0.06
Morocco,MAR,2014,0.06
Morocco,MAR,2015,0.05
Morocco,MAR,2016,0.05
Morocco,MAR,2017,0.04
Morocco,MAR,2018,0.04
Morocco,MAR,2019,0.04
Morocco,MAR,2020,0.03
Mozambique,MOZ,2000,15.94
Mozambique,MOZ,2001,16.11
Mozambique,MOZ,2002,15.39
Mozambique,MOZ,2003,15.08
Mozambique,MOZ,2004,14.38
Mozambique,MOZ,2005,13.97
Mozambique,MOZ,2006,13.53
Mozambique,MOZ,2007,13.14
Mozambique,MOZ,2008,12.88
Mozambique,MOZ,2009,12.59
Mozambique,MOZ,2010,12.42
Mozambique,MOZ,2011,12.06
Mozambique,MOZ,2012,11.67
Mozambique,MOZ,2013,11.24
Mozambique,MOZ,2014,10.48
Mozambique,MOZ,2015,9.78
Mozambique,MOZ,2016,9.03
Mozambique,MOZ,2017,8.24
Mozambique,MOZ,2018,7.52
Mozambique,MOZ,2019,6.94
Mozambique,MOZ,2020,6.49
Namibia,NAM,2000,18.61
Namibia,NAM,2001,16.94
Namibia,NAM,2002,15.49
Namibia,NAM,2003,14.31
Namibia,NAM,2004,13.49
Namibia,NAM,2005,12.57
Namibia,NAM,2006,11.72
Namibia,NAM,2007,10.81
Namibia,NAM,2008,9.82
Namibia,NAM,2009,9.28
Namibia,NAM,2010,9.14
Namibia,NAM,2011,8.62
Namibia,NAM,2012,7.92
Namibia,NAM,2013,7.43
Namibia,NAM,2014,7.07
Namibia,NAM,2015,7.12
Namibia,NAM,2016,6.58
Namibia,NAM,2017,6.39
Namibia,NAM,2018,5.65
Namibia,NAM,2019,5.01
Namibia,NAM,2020,4.23
Nepal,NPL,2000,0.36
Nepal,NPL,2001,0.34
Nepal,NPL,2002,0.32
Nepal,NPL,2003,0.31
Nepal,NPL,2004,0.28
Nepal,NPL,2005,0.26
Nepal,NPL,2006,0.23
Nepal,NPL,2007,0.19
Nepal,NPL,2008,0.17
Nepal,NPL,2009,0.15
Nepal,NPL,2010,0.14
Nepal,NPL,2011,0.12
Nepal,NPL,2012,0.11
Nepal,NPL,2013,0.09
Nepal,NPL,2014,0.08
Nepal,NPL,2015,0.08
Nepal,NPL,2016,0.07
Nepal,NPL,2017,0.06
Nepal,NPL,2018,0.05
Nepal,NPL,2019,0.05
Nepal,NPL,2020,0.04
Netherlands,NLD,2000,0.1
Netherlands,NLD,2001,0.1
Netherlands,NLD,2002,0.1
Netherlands,NLD,2003,0.11
Netherlands,NLD,2004,0.11
Netherlands,NLD,2005,0.12
Netherlands,NLD,2006,0.12
Netherlands,NLD,2007,0.12
Netherlands,NLD,2008,0.12
Netherlands,NLD,2009,0.11
Netherlands,NLD,2010,0.11
Netherlands,NLD,2011,0.1
Netherlands,NLD,2012,0.09
Netherlands,NLD,2013,0.09
Netherlands,NLD,2014,0.08
Netherlands,NLD,2015,0.07
Netherlands,NLD,2016,0.06
Netherlands,NLD,2017,0.05
Netherlands,NLD,2018,0.04
Netherlands,NLD,2019,0.03
Netherlands,NLD,2020,0.03
New Zealand,NZL,2000,0.04
New Zealand,NZL,2001,0.04
New Zealand,NZL,2002,0.05
New Zealand,NZL,2003,0.05
New Zealand,NZL,2004,0.06
New Zealand,NZL,2005,0.06
New Zealand,NZL,2006,0.06
New Zealand,NZL,2007,0.07
New Zealand,NZL,2008,0.07
New Zealand,NZL,2009,0.07
New Zealand,NZL,2010,0.07
New Zealand,NZL,2011,0.06
New Zealand,NZL,2012,0.06
New Zealand,NZL,2013,0.06
New Zealand,NZL,2014,0.06
New Zealand,NZL,2015,0.06
New Zealand,NZL,2016,0.06
New Zealand,NZL,2017,0.05
New Zealand,NZL,2018,0.05
New Zealand,NZL,2019,0.05
New Zealand,NZL,2020,0.04
Nicaragua,NIC,2000,0.3
Nicaragua,NIC,2001,0.27
Nicaragua,NIC,2002,0.25
Nicaragua,NIC,2003,0.25
Nicaragua,NIC,2004,0.24
Nicaragua,NIC,2005,0.2
Nicaragua,NIC,2006,0.21
Nicaragua,NIC,2007,0.2
Nicaragua,NIC,2008,0.21
Nicaragua,NIC,2009,0.21
Nicaragua,NIC,2010,0.21
Nicaragua,NIC,2011,0.21
Nicaragua,NIC,2012,0.21
Nicaragua,NIC,2013,0.21
Nicaragua,NIC,2014,0.21
Nicaragua,NIC,2015,0.21
Nicaragua,NIC,2016,0.21
Nicaragua,NIC,2017,0.21
Nicaragua,NIC,2018,0.21
Nicaragua,NIC,2019,0.2
Nicaragua,NIC,2020,0.2
Niger,NER,2000,0.87
Niger,NER,2001,0.75
Niger,NER,2002,0.63
Niger,NER,2003,0.55
Niger,NER,2004,0.47
Niger,NER,2005,0.39
Niger,NER,2006,0.32
Niger,NER,2007,0.23
Niger,NER,2008,0.2
Niger,NER,2009,0.18
Niger,NER,2010,0.14
Niger,NER,2011,0.13
Niger,NER,2012,0.12
Niger,NER,2013,0.11
Niger,NER,2014,0.11
Niger,NER,2015,0.1
Niger,NER,2016,0.09
Niger,NER,2017,0.09
Niger,NER,2018,0.08
Niger,NER,2019,0.07
Niger,NER,2020,0.07
Nigeria,NGA,2000,1.73
Nigeria,NGA,2001,1.61
Nigeria,NGA,2002,1.51
Nigeria,NGA,2003,1.44
Nigeria,NGA,2004,1.35
Nigeria,NGA,2005,1.3
Nigeria,NGA,2006,1.26
Nigeria,NGA,2007,1.23
Nigeria,NGA,2008,1.2
Nigeria,NGA,2009,1.16
Nigeria,NGA,2010,1.12
Nigeria,NGA,2011,1.09
Nigeria,NGA,2012,1.06
Nigeria,NGA,2013,0.99
Nigeria,NGA,2014,0.9
Nigeria,NGA,2015,0.85
Nigeria,NGA,2016,0.81
Nigeria,NGA,2017,0.76
Nigeria,NGA,2018,0.72
Nigeria,NGA,2019,0.69
Nigeria,NGA,2020,0.61
Northern Africa,,2000,0.07
Northern Africa,,2001,0.07
Northern Africa,,2002,0.07
Northern Africa,,2003,0.07
Northern Africa,,2004,0.06
Northern Africa,,2005,0.06
Northern Africa,,2006,0.06
Northern Africa,,2007,0.06
Northern Africa,,2008,0.06
Northern Africa,,2009,0.06
Northern Africa,,2010,0.06
Northern Africa,,2011,0.06
Northern Africa,,2012,0.06
Northern Africa,,2013,0.06
Northern Africa,,2014,0.06
Northern Africa,,2015,0.07
Northern Africa,,2016,0.07
Northern Africa,,2017,0.07
Northern Africa,,2018,0.07
Northern Africa,,2019,0.07
Northern Africa,,2020,0.07
Northern Africa and Western Asia,,2000,0.05
Northern Africa and Western Asia,,2001,0.05
Northern Africa and Western Asia,,2002,0.05
Northern Africa and Western Asia,,2003,0.05
Northern Africa and Western Asia,,2004,0.05
Northern Africa and Western Asia,,2005,0.05
Northern Africa and Western Asia,,2006,0.05
Northern Africa and Western Asia,,2007,0.05
Northern Africa and Western Asia,,2008,0.05
Northern Africa and Western Asia,,2009,0.05
Northern Africa and Western Asia,,2010,0.05
Northern Africa and Western Asia,,2011,0.05
Northern Africa and Western Asia,,2012,0.05
Northern Africa and Western Asia,,2013,0.06
Northern Africa and Western Asia,,2014,0.06
Northern Africa and Western Asia,,2015,0.06
Northern Africa and Western Asia,,2016,0.06
Northern Africa and Western Asia,,2017,0.06
Northern Africa and Western Asia,,2018,0.07
Northern Africa and Western Asia,,2019,0.07
Northern Africa and Western Asia,,2020,0.07
Northern America,,2000,0.23
Northern America,,2001,0.23
Northern America,,2002,0.24
Northern America,,2003,0.24
Northern America,,2004,0.24
Northern America,,2005,0.24
Northern America,,2006,0.24
Northern America,,2007,0.23
Northern America,,2008,0.23
Northern America,,2009,0.23
Northern America,,2010,0.22
Northern America,,2011,0.21
Northern America,,2012,0.21
Northern America,,2013,0.2
Northern America,,2014,0.2
Northern America,,2015,0.21
Northern America,,2016,0.21
Northern America,,2017,0.2
Northern America,,2018,0.2
Northern America,,2019,0.19
Northern America,,2020,0.19
Norway,NOR,2000,0.08
Norway,NOR,2001,0.09
Norway,NOR,2002,0.1
Norway,NOR,2003,0.1
Norway,NOR,2004,0.1
Norway,NOR,2005,0.1
Norway,NOR,2006,0.1
Norway,NOR,2007,0.1
Norway,NOR,2008,0.09
Norway,NOR,2009,0.09
Norway,NOR,2010,0.08
Norway,NOR,2011,0.08
Norway,NOR,2012,0.07
Norway,NOR,2013,0.06
Norway,NOR,2014,0.06
Norway,NOR,2015,0.05
Norway,NOR,2016,0.04
Norway,NOR,2017,0.04
Norway,NOR,2018,0.03
Norway,NOR,2019,0.03
Norway,NOR,2020,0.03
Oceania,,2000,0.23
Oceania,,2001,0.26
Oceania,,2002,0.27
Oceania,,2003,0.26
Oceania,,2004,0.25
Oceania,,2005,0.22
Oceania,,2006,0.2
Oceania,,2007,0.19
Oceania,,2008,0.18
Oceania,,2009,0.18
Oceania,,2010,0.18
Oceania,,2011,0.18
Oceania,,2012,0.18
Oceania,,2013,0.19
Oceania,,2014,0.19
Oceania,,2015,0.2
Oceania,,2016,0.2
Oceania,,2017,0.2
Oceania,,2018,0.2
Oceania,,2019,0.2
Oceania,,2020,0.19
Oceania (exc. Australia and New Zealand),,2000,0.85
Oceania (exc. Australia and New Zealand),,2001,0.96
Oceania (exc. Australia and New Zealand),,2002,1
Oceania (exc. Australia and New Zealand),,2003,0.95
Oceania (exc. Australia and New Zealand),,2004,0.86
Oceania (exc. Australia and New Zealand),,2005,0.74
Oceania (exc. Australia and New Zealand),,2006,0.63
Oceania (exc. Australia and New Zealand),,2007,0.54
Oceania (exc. Australia and New Zealand),,2008,0.5
Oceania (exc. Australia and New Zealand),,2009,0.48
Oceania (exc. Australia and New Zealand),,2010,0.48
Oceania (exc. Australia and New Zealand),,2011,0.49
Oceania (exc. Australia and New Zealand),,2012,0.51
Oceania (exc. Australia and New Zealand),,2013,0.53
Oceania (exc. Australia and New Zealand),,2014,0.55
Oceania (exc. Australia and New Zealand),,2015,0.56
Oceania (exc. Australia and New Zealand),,2016,0.57
Oceania (exc. Australia and New Zealand),,2017,0.59
Oceania (exc. Australia and New Zealand),,2018,0.59
Oceania (exc. Australia and New Zealand),,2019,0.58
Oceania (exc. Australia and New Zealand),,2020,0.58
Pakistan,PAK,2000,0
Pakistan,PAK,2001,0
Pakistan,PAK,2002,0
Pakistan,PAK,2003,0
Pakistan,PAK,2004,0.01
Pakistan,PAK,2005,0.1
Pakistan,PAK,2006,0.12
Pakistan,PAK,2007,0.13
Pakistan,PAK,2008,0.15
Pakistan,PAK,2009,0.16
Pakistan,PAK,2010,0.15
Pakistan,PAK,2011,0.14
Pakistan,PAK,2012,0.15
Pakistan,PAK,2013,0.16
Pakistan,PAK,2014,0.17
Pakistan,PAK,2015,0.17
Pakistan,PAK,2016,0.18
Pakistan,PAK,2017,0.18
Pakistan,PAK,2018,0.19
Pakistan,PAK,2019,0.19
Pakistan,PAK,2020,0.2
Panama,PAN,2000,0.67
Panama,PAN,2001,0.67
Panama,PAN,2002,0.67
Panama,PAN,2003,0.68
Panama,PAN,2004,0.69
Panama,PAN,2005,0.7
Panama,PAN,2006,0.72
Panama,PAN,2007,0.74
Panama,PAN,2008,0.76
Panama,PAN,2009,0.78
Panama,PAN,2010,0.8
Panama,PAN,2011,0.81
Panama,PAN,2012,0.82
Panama,PAN,2013,0.83
Panama,PAN,2014,0.83
Panama,PAN,2015,0.83
Panama,PAN,2016,0.82
Panama,PAN,2017,0.82
Panama,PAN,2018,0.81
Panama,PAN,2019,0.8
Panama,PAN,2020,0.78
Papua New Guinea,PNG,2000,0.97
Papua New Guinea,PNG,2001,1.09
Papua New Guinea,PNG,2002,1.13
Papua New Guinea,PNG,2003,1.08
Papua New Guinea,PNG,2004,0.97
Papua New Guinea,PNG,2005,0.83
Papua New Guinea,PNG,2006,0.7
Papua New Guinea,PNG,2007,0.6
Papua New Guinea,PNG,2008,0.55
Papua New Guinea,PNG,2009,0.53
Papua New Guinea,PNG,2010,0.53
Papua New Guinea,PNG,2011,0.53
Papua New Guinea,PNG,2012,0.55
Papua New Guinea,PNG,2013,0.57
Papua New Guinea,PNG,2014,0.59
Papua New Guinea,PNG,2015,0.6
Papua New Guinea,PNG,2016,0.61
Papua New Guinea,PNG,2017,0.62
Papua New Guinea,PNG,2018,0.63
Papua New Guinea,PNG,2019,0.61
Papua New Guinea,PNG,2020,0.61
Paraguay,PRY,2000,0.64
Paraguay,PRY,2001,0.6
Paraguay,PRY,2002,0.55
Paraguay,PRY,2003,0.51
Paraguay,PRY,2004,0.47
Paraguay,PRY,2005,0.42
Paraguay,PRY,2006,0.34
Paraguay,PRY,2007,0.33
Paraguay,PRY,2008,0.32
Paraguay,PRY,2009,0.31
Paraguay,PRY,2010,0.29
Paraguay,PRY,2011,0.28
Paraguay,PRY,2012,0.28
Paraguay,PRY,2013,0.27
Paraguay,PRY,2014,0.27
Paraguay,PRY,2015,0.26
Paraguay,PRY,2016,0.25
Paraguay,PRY,2017,0.23
Paraguay,PRY,2018,0.22
Paraguay,PRY,2019,0.22
Paraguay,PRY,2020,0.22
Peru,PER,2000,0.33
Peru,PER,2001,0.33
Peru,PER,2002,0.33
Peru,PER,2003,0.32
Peru,PER,2004,0.32
Peru,PER,2005,0.31
Peru,PER,2006,0.31
Peru,PER,2007,0.3
Peru,PER,2008,0.27
Peru,PER,2009,0.27
Peru,PER,2010,0.25
Peru,PER,2011,0.22
Peru,PER,2012,0.22
Peru,PER,2013,0.21
Peru,PER,2014,0.2
Peru,PER,2015,0.21
Peru,PER,2016,0.23
Peru,PER,2017,0.23
Peru,PER,2018,0.24
Peru,PER,2019,0.25
Peru,PER,2020,0.22
Philippines,PHL,2000,0.01
Philippines,PHL,2001,0.01
Philippines,PHL,2002,0.01
Philippines,PHL,2003,0.01
Philippines,PHL,2004,0.02
Philippines,PHL,2005,0.02
Philippines,PHL,2006,0.03
Philippines,PHL,2007,0.04
Philippines,PHL,2008,0.05
Philippines,PHL,2009,0.08
Philippines,PHL,2010,0.1
Philippines,PHL,2011,0.1
Philippines,PHL,2012,0.12
Philippines,PHL,2013,0.14
Philippines,PHL,2014,0.17
Philippines,PHL,2015,0.18
Philippines,PHL,2016,0.2
Philippines,PHL,2017,0.22
Philippines,PHL,2018,0.25
Philippines,PHL,2019,0.27
Philippines,PHL,2020,0.29
Portugal,PRT,2000,0.39
Portugal,PRT,2001,0.37
Portugal,PRT,2002,0.36
Portugal,PRT,2003,0.35
Portugal,PRT,2004,0.34
Portugal,PRT,2005,0.33
Portugal,PRT,2006,0.33
Portugal,PRT,2007,0.32
Portugal,PRT,2008,0.31
Portugal,PRT,2009,0.3
Portugal,PRT,2010,0.28
Portugal,PRT,2011,0.27
Portugal,PRT,2012,0.26
Portugal,PRT,2013,0.24
Portugal,PRT,2014,0.23
Portugal,PRT,2015,0.21
Portugal,PRT,2016,0.19
Portugal,PRT,2017,0.18
Portugal,PRT,2018,0.16
Portugal,PRT,2019,0.14
Portugal,PRT,2020,0.13
Qatar,QAT,2000,0.03
Qatar,QAT,2001,0.04
Qatar,QAT,2002,0.06
Qatar,QAT,2003,0.06
Qatar,QAT,2004,0.07
Qatar,QAT,2005,0.07
Qatar,QAT,2006,0.07
Qatar,QAT,2007,0.06
Qatar,QAT,2008,0.05
Qatar,QAT,2009,0.05
Qatar,QAT,2010,0.04
Qatar,QAT,2011,0.04
Qatar,QAT,2012,0.04
Qatar,QAT,2013,0.04
Qatar,QAT,2014,0.04
Qatar,QAT,2015,0.05
Qatar,QAT,2016,0.05
Qatar,QAT,2017,0.06
Qatar,QAT,2018,0.08
Qatar,QAT,2019,0.09
Qatar,QAT,2020,0.11
Romania,ROU,2000,0.06
Romania,ROU,2001,0.07
Romania,ROU,2002,0.07
Romania,ROU,2003,0.07
Romania,ROU,2004,0.07
Romania,ROU,2005,0.07
Romania,ROU,2006,0.07
Romania,ROU,2007,0.08
Romania,ROU,2008,0.08
Romania,ROU,2009,0.08
Romania,ROU,2010,0.08
Romania,ROU,2011,0.08
Romania,ROU,2012,0.08
Romania,ROU,2013,0.08
Romania,ROU,2014,0.08
Romania,ROU,2015,0.08
Romania,ROU,2016,0.08
Romania,ROU,2017,0.08
Romania,ROU,2018,0.08
Romania,ROU,2019,0.08
Romania,ROU,2020,0.08
Rwanda,RWA,2000,4.72
Rwanda,RWA,2001,4.18
Rwanda,RWA,2002,3.81
Rwanda,RWA,2003,2.87
Rwanda,RWA,2004,2.5
Rwanda,RWA,2005,2.2
Rwanda,RWA,2006,2.01
Rwanda,RWA,2007,1.81
Rwanda,RWA,2008,1.77
Rwanda,RWA,2009,1.6
Rwanda,RWA,2010,1.48
Rwanda,RWA,2011,1.37
Rwanda,RWA,2012,1.25
Rwanda,RWA,2013,1.11
Rwanda,RWA,2014,1.01
Rwanda,RWA,2015,0.92
Rwanda,RWA,2016,0.83
Rwanda,RWA,2017,0.73
Rwanda,RWA,2018,0.67
Rwanda,RWA,2019,0.62
Rwanda,RWA,2020,0.58
Saudi Arabia,SAU,2000,0.03
Saudi Arabia,SAU,2001,0.03
Saudi Arabia,SAU,2002,0.04
Saudi Arabia,SAU,2003,0.04
Saudi Arabia,SAU,2004,0.04
Saudi Arabia,SAU,2005,0.04
Saudi Arabia,SAU,2006,0.03
Saudi Arabia,SAU,2007,0.03
Saudi Arabia,SAU,2008,0.03
Saudi Arabia,SAU,2009,0.04
Saudi Arabia,SAU,2010,0.04
Saudi Arabia,SAU,2011,0.04
Saudi Arabia,SAU,2012,0.05
Saudi Arabia,SAU,2013,0.05
Saudi Arabia,SAU,2014,0.05
Saudi Arabia,SAU,2015,0.06
Saudi Arabia,SAU,2016,0.07
Saudi Arabia,SAU,2017,0.07
Saudi Arabia,SAU,2018,0.07
Saudi Arabia,SAU,2019,0.08
Saudi Arabia,SAU,2020,0.07
Senegal,SEN,2000,1.1
Senegal,SEN,2001,1.07
Senegal,SEN,2002,1.02
Senegal,SEN,2003,0.93
Senegal,SEN,2004,0.82
Senegal,SEN,2005,0.75
Senegal,SEN,2006,0.62
Senegal,SEN,2007,0.5
Senegal,SEN,2008,0.34
Senegal,SEN,2009,0.28
Senegal,SEN,2010,0.21
Senegal,SEN,2011,0.16
Senegal,SEN,2012,0.13
Senegal,SEN,2013,0.12
Senegal,SEN,2014,0.12
Senegal,SEN,2015,0.12
Senegal,SEN,2016,0.12
Senegal,SEN,2017,0.12
Senegal,SEN,2018,0.13
Senegal,SEN,2019,0.12
Senegal,SEN,2020,0.12
Serbia,SRB,2000,0.01
Serbia,SRB,2001,0.01
Serbia,SRB,2002,0.02
Serbia,SRB,2003,0.02
Serbia,SRB,2004,0.02
Serbia,SRB,2005,0.02
Serbia,SRB,2006,0.03
Serbia,SRB,2007,0.03
Serbia,SRB,2008,0.03
Serbia,SRB,2009,0.03
Serbia,SRB,2010,0.04
Serbia,SRB,2011,0.04
Serbia,SRB,2012,0.04
Serbia,SRB,2013,0.04
Serbia,SRB,2014,0.04
Serbia,SRB,2015,0.04
Serbia,SRB,2016,0.04
Serbia,SRB,2017,0.05
Serbia,SRB,2018,0.05
Serbia,SRB,2019,0.05
Serbia,SRB,2020,0.05
Sierra Leone,SLE,2000,1.89
Sierra Leone,SLE,2001,1.82
Sierra Leone,SLE,2002,1.76
Sierra Leone,SLE,2003,1.69
Sierra Leone,SLE,2004,1.62
Sierra Leone,SLE,2005,1.58
Sierra Leone,SLE,2006,1.5
Sierra Leone,SLE,2007,1.46
Sierra Leone,SLE,2008,1.48
Sierra Leone,SLE,2009,1.43
Sierra Leone,SLE,2010,1.34
Sierra Leone,SLE,2011,1.29
Sierra Leone,SLE,2012,1.24
Sierra Leone,SLE,2013,1.22
Sierra Leone,SLE,2014,1.2
Sierra Leone,SLE,2015,1.18
Sierra Leone,SLE,2016,1.13
Sierra Leone,SLE,2017,1.07
Sierra Leone,SLE,2018,0.98
Sierra Leone,SLE,2019,0.91
Sierra Leone,SLE,2020,0.83
Singapore,SGP,2000,0.2
Singapore,SGP,2001,0.2
Singapore,SGP,2002,0.21
Singapore,SGP,2003,0.22
Singapore,SGP,2004,0.23
Singapore,SGP,2005,0.24
Singapore,SGP,2006,0.24
Singapore,SGP,2007,0.24
Singapore,SGP,2008,0.23
Singapore,SGP,2009,0.22
Singapore,SGP,2010,0.2
Singapore,SGP,2011,0.19
Singapore,SGP,2012,0.17
Singapore,SGP,2013,0.15
Singapore,SGP,2014,0.13
Singapore,SGP,2015,0.11
Singapore,SGP,2016,0.09
Singapore,SGP,2017,0.08
Singapore,SGP,2018,0.06
Singapore,SGP,2019,0.04
Singapore,SGP,2020,0.01
Slovenia,SVN,2000,0.03
Slovenia,SVN,2001,0.03
Slovenia,SVN,2002,0.04
Slovenia,SVN,2003,0.04
Slovenia,SVN,2004,0.05
Slovenia,SVN,2005,0.05
Slovenia,SVN,2006,0.05
Slovenia,SVN,2007,0.05
Slovenia,SVN,2008,0.05
Slovenia,SVN,2009,0.05
Slovenia,SVN,2010,0.04
Slovenia,SVN,2011,0.04
Slovenia,SVN,2012,0.04
Slovenia,SVN,2013,0.03
Slovenia,SVN,2014,0.03
Slovenia,SVN,2015,0.03
Slovenia,SVN,2016,0.02
Slovenia,SVN,2017,0.02
Slovenia,SVN,2018,0.02
Slovenia,SVN,2019,0.02
Slovenia,SVN,2020,0.01
Small Island Developing States (SIDS),,2000,1.23
Small Island Developing States (SIDS),,2001,1.22
Small Island Developing States (SIDS),,2002,1.15
Small Island Developing States (SIDS),,2003,1.09
Small Island Developing States (SIDS),,2004,0.99
Small Island Developing States (SIDS),,2005,0.94
Small Island Developing States (SIDS),,2006,0.88
Small Island Developing States (SIDS),,2007,0.83
Small Island Developing States (SIDS),,2008,0.8
Small Island Developing States (SIDS),,2009,0.77
Small Island Developing States (SIDS),,2010,0.74
Small Island Developing States (SIDS),,2011,0.72
Small Island Developing States (SIDS),,2012,0.7
Small Island Developing States (SIDS),,2013,0.68
Small Island Developing States (SIDS),,2014,0.66
Small Island Developing States (SIDS),,2015,0.64
Small Island Developing States (SIDS),,2016,0.62
Small Island Developing States (SIDS),,2017,0.6
Small Island Developing States (SIDS),,2018,0.57
Small Island Developing States (SIDS),,2019,0.56
Small Island Developing States (SIDS),,2020,0.52
Somalia,SOM,2000,0.38
Somalia,SOM,2001,0.37
Somalia,SOM,2002,0.36
Somalia,SOM,2003,0.33
Somalia,SOM,2004,0.3
Somalia,SOM,2005,0.27
Somalia,SOM,2006,0.23
Somalia,SOM,2007,0.19
Somalia,SOM,2008,0.15
Somalia,SOM,2009,0.11
Somalia,SOM,2010,0.08
Somalia,SOM,2011,0.06
Somalia,SOM,2012,0.05
Somalia,SOM,2013,0.04
Somalia,SOM,2014,0.03
Somalia,SOM,2015,0.03
Somalia,SOM,2016,0.02
Somalia,SOM,2017,0.02
Somalia,SOM,2018,0.02
Somalia,SOM,2019,0.03
Somalia,SOM,2020,0.03
South Africa,ZAF,2000,21.99
South Africa,ZAF,2001,21.6
South Africa,ZAF,2002,20.91
South Africa,ZAF,2003,20
South Africa,ZAF,2004,19.31
South Africa,ZAF,2005,18.61
South Africa,ZAF,2006,17.91
South Africa,ZAF,2007,17.31
South Africa,ZAF,2008,16.59
South Africa,ZAF,2009,16.09
South Africa,ZAF,2010,15.49
South Africa,ZAF,2011,14.89
South Africa,ZAF,2012,14.09
South Africa,ZAF,2013,12.99
South Africa,ZAF,2014,12.19
South Africa,ZAF,2015,11.39
South Africa,ZAF,2016,10.79
South Africa,ZAF,2017,10.09
South Africa,ZAF,2018,9.19
South Africa,ZAF,2019,8.49
South Africa,ZAF,2020,7.79
South Sudan,SSD,2000,2.79
South Sudan,SSD,2001,2.68
South Sudan,SSD,2002,2.65
South Sudan,SSD,2003,2.55
South Sudan,SSD,2004,2.45
South Sudan,SSD,2005,2.37
South Sudan,SSD,2006,2.3
South Sudan,SSD,2007,2.28
South Sudan,SSD,2008,2.27
South Sudan,SSD,2009,2.31
South Sudan,SSD,2010,2.26
South Sudan,SSD,2011,2.26
South Sudan,SSD,2012,2.26
South Sudan,SSD,2013,2.26
South Sudan,SSD,2014,2.26
South Sudan,SSD,2015,2.26
South Sudan,SSD,2016,2.23
South Sudan,SSD,2017,2.26
South Sudan,SSD,2018,2.27
South Sudan,SSD,2019,2.24
South Sudan,SSD,2020,2.23
South-eastern Asia,,2000,0.38
South-eastern Asia,,2001,0.38
South-eastern Asia,,2002,0.4
South-eastern Asia,,2003,0.4
South-eastern Asia,,2004,0.38
South-eastern Asia,,2005,0.37
South-eastern Asia,,2006,0.36
South-eastern Asia,,2007,0.35
South-eastern Asia,,2008,0.32
South-eastern Asia,,2009,0.31
South-eastern Asia,,2010,0.31
South-eastern Asia,,2011,0.29
South-eastern Asia,,2012,0.28
South-eastern Asia,,2013,0.27
South-eastern Asia,,2014,0.26
South-eastern Asia,,2015,0.24
South-eastern Asia,,2016,0.23
South-eastern Asia,,2017,0.22
South-eastern Asia,,2018,0.21
South-eastern Asia,,2019,0.2
South-eastern Asia,,2020,0.2
Southern Asia,,2000,0.42
Southern Asia,,2001,0.34
Southern Asia,,2002,0.28
Southern Asia,,2003,0.23
Southern Asia,,2004,0.2
Southern Asia,,2005,0.19
Southern Asia,,2006,0.16
Southern Asia,,2007,0.15
Southern Asia,,2008,0.14
Southern Asia,,2009,0.13
Southern Asia,,2010,0.12
Southern Asia,,2011,0.11
Southern Asia,,2012,0.1
Southern Asia,,2013,0.1
Southern Asia,,2014,0.09
Southern Asia,,2015,0.09
Southern Asia,,2016,0.09
Southern Asia,,2017,0.08
Southern Asia,,2018,0.08
Southern Asia,,2019,0.07
Southern Asia,,2020,0.07
Spain,ESP,2000,0.14
Spain,ESP,2001,0.13
Spain,ESP,2002,0.13
Spain,ESP,2003,0.12
Spain,ESP,2004,0.12
Spain,ESP,2005,0.13
Spain,ESP,2006,0.13
Spain,ESP,2007,0.14
Spain,ESP,2008,0.15
Spain,ESP,2009,0.16
Spain,ESP,2010,0.16
Spain,ESP,2011,0.17
Spain,ESP,2012,0.18
Spain,ESP,2013,0.18
Spain,ESP,2014,0.18
Spain,ESP,2015,0.18
Spain,ESP,2016,0.18
Spain,ESP,2017,0.18
Spain,ESP,2018,0.17
Spain,ESP,2019,0.17
Spain,ESP,2020,0.16
Sri Lanka,LKA,2000,0.04
Sri Lanka,LKA,2001,0.04
Sri Lanka,LKA,2002,0.04
Sri Lanka,LKA,2003,0.04
Sri Lanka,LKA,2004,0.04
Sri Lanka,LKA,2005,0.03
Sri Lanka,LKA,2006,0.03
Sri Lanka,LKA,2007,0.03
Sri Lanka,LKA,2008,0.03
Sri Lanka,LKA,2009,0.03
Sri Lanka,LKA,2010,0.02
Sri Lanka,LKA,2011,0.02
Sri Lanka,LKA,2012,0.02
Sri Lanka,LKA,2013,0.02
Sri Lanka,LKA,2014,0.02
Sri Lanka,LKA,2015,0.02
Sri Lanka,LKA,2016,0.02
Sri Lanka,LKA,2017,0.01
Sri Lanka,LKA,2018,0.01
Sri Lanka,LKA,2019,0.01
Sri Lanka,LKA,2020,0.01
Sub-Saharan Africa,,2000,5.37
Sub-Saharan Africa,,2001,5.05
Sub-Saharan Africa,,2002,4.73
Sub-Saharan Africa,,2003,4.43
Sub-Saharan Africa,,2004,4.18
Sub-Saharan Africa,,2005,3.96
Sub-Saharan Africa,,2006,3.75
Sub-Saharan Africa,,2007,3.57
Sub-Saharan Africa,,2008,3.4
Sub-Saharan Africa,,2009,3.25
Sub-Saharan Africa,,2010,3.1
Sub-Saharan Africa,,2011,2.94
Sub-Saharan Africa,,2012,2.77
Sub-Saharan Africa,,2013,2.57
Sub-Saharan Africa,,2014,2.39
Sub-Saharan Africa,,2015,2.21
Sub-Saharan Africa,,2016,2.05
Sub-Saharan Africa,,2017,1.89
Sub-Saharan Africa,,2018,1.71
Sub-Saharan Africa,,2019,1.57
Sub-Saharan Africa,,2020,1.4
Sudan,SDN,2000,0.31
Sudan,SDN,2001,0.31
Sudan,SDN,2002,0.3
Sudan,SDN,2003,0.27
Sudan,SDN,2004,0.2
Sudan,SDN,2005,0.18
Sudan,SDN,2006,0.2
Sudan,SDN,2007,0.21
Sudan,SDN,2008,0.22
Sudan,SDN,2009,0.19
Sudan,SDN,2010,0.18
Sudan,SDN,2011,0.17
Sudan,SDN,2012,0.17
Sudan,SDN,2013,0.17
Sudan,SDN,2014,0.16
Sudan,SDN,2015,0.16
Sudan,SDN,2016,0.15
Sudan,SDN,2017,0.15
Sudan,SDN,2018,0.15
Sudan,SDN,2019,0.15
Sudan,SDN,2020,0.15
Suriname,SUR,2000,1.72
Suriname,SUR,2001,1.66
Suriname,SUR,2002,1.64
Suriname,SUR,2003,1.51
Suriname,SUR,2004,1.37
Suriname,SUR,2005,1.28
Suriname,SUR,2006,1.2
Suriname,SUR,2007,1.1
Suriname,SUR,2008,1.02
Suriname,SUR,2009,1
Suriname,SUR,2010,0.97
Suriname,SUR,2011,0.9
Suriname,SUR,2012,0.83
Suriname,SUR,2013,0.74
Suriname,SUR,2014,0.69
Suriname,SUR,2015,0.65
Suriname,SUR,2016,0.61
Suriname,SUR,2017,0.56
Suriname,SUR,2018,0.54
Suriname,SUR,2019,0.51
Suriname,SUR,2020,0.51
Switzerland,CHE,2000,0.16
Switzerland,CHE,2001,0.18
Switzerland,CHE,2002,0.18
Switzerland,CHE,2003,0.18
Switzerland,CHE,2004,0.17
Switzerland,CHE,2005,0.16
Switzerland,CHE,2006,0.14
Switzerland,CHE,2007,0.13
Switzerland,CHE,2008,0.12
Switzerland,CHE,2009,0.11
Switzerland,CHE,2010,0.11
Switzerland,CHE,2011,0.11
Switzerland,CHE,2012,0.11
Switzerland,CHE,2013,0.1
Switzerland,CHE,2014,0.1
Switzerland,CHE,2015,0.09
Switzerland,CHE,2016,0.08
Switzerland,CHE,2017,0.07
Switzerland,CHE,2018,0.05
Syria,SYR,2000,0
Syria,SYR,2001,0
Syria,SYR,2002,0
Syria,SYR,2003,0
Syria,SYR,2004,0
Syria,SYR,2005,0
Syria,SYR,2006,0
Syria,SYR,2007,0.01
Syria,SYR,2008,0.01
Syria,SYR,2009,0.01
Syria,SYR,2010,0.01
Syria,SYR,2011,0.01
Syria,SYR,2012,0.01
Syria,SYR,2013,0.01
Syria,SYR,2014,0.01
Syria,SYR,2015,0.01
Syria,SYR,2016,0.01
Syria,SYR,2017,0.01
Syria,SYR,2018,0.01
Syria,SYR,2019,0.01
Syria,SYR,2020,0.01
Tajikistan,TJK,2000,0
Tajikistan,TJK,2001,0.01
Tajikistan,TJK,2002,0.01
Tajikistan,TJK,2003,0.03
Tajikistan,TJK,2004,0.06
Tajikistan,TJK,2005,0.09
Tajikistan,TJK,2006,0.14
Tajikistan,TJK,2007,0.19
Tajikistan,TJK,2008,0.24
Tajikistan,TJK,2009,0.27
Tajikistan,TJK,2010,0.3
Tajikistan,TJK,2011,0.3
Tajikistan,TJK,2012,0.3
Tajikistan,TJK,2013,0.28
Tajikistan,TJK,2014,0.26
Tajikistan,TJK,2015,0.24
Tajikistan,TJK,2016,0.21
Tajikistan,TJK,2017,0.19
Tajikistan,TJK,2018,0.17
Tajikistan,TJK,2019,0.15
Tajikistan,TJK,2020,0.13
Tanzania,TZA,2000,6.39
Tanzania,TZA,2001,6.01
Tanzania,TZA,2002,5.72
Tanzania,TZA,2003,5.4
Tanzania,TZA,2004,5.17
Tanzania,TZA,2005,4.98
Tanzania,TZA,2006,4.77
Tanzania,TZA,2007,4.56
Tanzania,TZA,2008,4.32
Tanzania,TZA,2009,4.29
Tanzania,TZA,2010,4.2
Tanzania,TZA,2011,4.15
Tanzania,TZA,2012,4.11
Tanzania,TZA,2013,3.82
Tanzania,TZA,2014,3.65
Tanzania,TZA,2015,3.41
Tanzania,TZA,2016,3.24
Tanzania,TZA,2017,3.03
Tanzania,TZA,2018,2.79
Tanzania,TZA,2019,2.47
Tanzania,TZA,2020,2.08
Thailand,THA,2000,1
Thailand,THA,2001,0.9
Thailand,THA,2002,0.8
Thailand,THA,2003,0.72
Thailand,THA,2004,0.65
Thailand,THA,2005,0.59
Thailand,THA,2006,0.52
Thailand,THA,2007,0.48
Thailand,THA,2008,0.44
Thailand,THA,2009,0.41
Thailand,THA,2010,0.39
Thailand,THA,2011,0.37
Thailand,THA,2012,0.36
Thailand,THA,2013,0.33
Thailand,THA,2014,0.31
Thailand,THA,2015,0.3
Thailand,THA,2016,0.27
Thailand,THA,2017,0.25
Thailand,THA,2018,0.22
Thailand,THA,2019,0.21
Thailand,THA,2020,0.19
Timor,TLS,2000,0.06
Timor,TLS,2001,0.07
Timor,TLS,2002,0.07
Timor,TLS,2003,0.08
Timor,TLS,2004,0.09
Timor,TLS,2005,0.1
Timor,TLS,2006,0.1
Timor,TLS,2007,0.11
Timor,TLS,2008,0.12
Timor,TLS,2009,0.12
Timor,TLS,2010,0.14
Timor,TLS,2011,0.14
Timor,TLS,2012,0.15
Timor,TLS,2013,0.16
Timor,TLS,2014,0.16
Timor,TLS,2015,0.17
Timor,TLS,2016,0.18
Timor,TLS,2017,0.18
Timor,TLS,2018,0.19
Timor,TLS,2019,0.19
Timor,TLS,2020,0.18
Togo,TGO,2000,3.91
Togo,TGO,2001,3.41
Togo,TGO,2002,3.01
Togo,TGO,2003,2.71
Togo,TGO,2004,2.55
Togo,TGO,2005,2.42
Togo,TGO,2006,2.22
Togo,TGO,2007,2.14
Togo,TGO,2008,2.06
Togo,TGO,2009,1.93
Togo,TGO,2010,1.72
Togo,TGO,2011,1.51
Togo,TGO,2012,1.37
Togo,TGO,2013,1.24
Togo,TGO,2014,1.17
Togo,TGO,2015,1.12
Togo,TGO,2016,1.03
Togo,TGO,2017,0.91
Togo,TGO,2018,0.79
Togo,TGO,2019,0.7
Togo,TGO,2020,0.59
Trinidad and Tobago,TTO,2000,1.43
Trinidad and Tobago,TTO,2001,1.42
Trinidad and Tobago,TTO,2002,1.38
Trinidad and Tobago,TTO,2003,1.3
Trinidad and Tobago,TTO,2004,1.21
Trinidad and Tobago,TTO,2005,1.09
Trinidad and Tobago,TTO,2006,0.98
Trinidad and Tobago,TTO,2007,0.86
Trinidad and Tobago,TTO,2008,0.75
Trinidad and Tobago,TTO,2009,0.64
Trinidad and Tobago,TTO,2010,0.52
Trinidad and Tobago,TTO,2011,0.42
Trinidad and Tobago,TTO,2012,0.34
Trinidad and Tobago,TTO,2013,0.27
Trinidad and Tobago,TTO,2014,0.22
Trinidad and Tobago,TTO,2015,0.19
Trinidad and Tobago,TTO,2016,0.16
Trinidad and Tobago,TTO,2017,0.15
Trinidad and Tobago,TTO,2018,0.14
Trinidad and Tobago,TTO,2019,0.13
Trinidad and Tobago,TTO,2020,0.12
Tunisia,TUN,2000,0.03
Tunisia,TUN,2001,0.04
Tunisia,TUN,2002,0.04
Tunisia,TUN,2003,0.04
Tunisia,TUN,2004,0.05
Tunisia,TUN,2005,0.05
Tunisia,TUN,2006,0.04
Tunisia,TUN,2007,0.03
Tunisia,TUN,2008,0.03
Tunisia,TUN,2009,0.03
Tunisia,TUN,2010,0.04
Tunisia,TUN,2011,0.04
Tunisia,TUN,2012,0.04
Tunisia,TUN,2013,0.04
Tunisia,TUN,2014,0.05
Tunisia,TUN,2015,0.05
Tunisia,TUN,2016,0.05
Tunisia,TUN,2017,0.05
Tunisia,TUN,2018,0.05
Tunisia,TUN,2019,0.06
Tunisia,TUN,2020,0.06
Uganda,UGA,2000,7.39
Uganda,UGA,2001,7.21
Uganda,UGA,2002,6.96
Uganda,UGA,2003,6.79
Uganda,UGA,2004,6.5
Uganda,UGA,2005,6.38
Uganda,UGA,2006,6.18
Uganda,UGA,2007,6.22
Uganda,UGA,2008,6.24
Uganda,UGA,2009,5.99
Uganda,UGA,2010,5.67
Uganda,UGA,2011,5.37
Uganda,UGA,2012,5.08
Uganda,UGA,2013,4.59
Uganda,UGA,2014,4.08
Uganda,UGA,2015,3.62
Uganda,UGA,2016,3.34
Uganda,UGA,2017,2.97
Uganda,UGA,2018,2.5
Uganda,UGA,2019,2.26
Uganda,UGA,2020,1.72
Ukraine,UKR,2000,1.18
Ukraine,UKR,2001,1.08
Ukraine,UKR,2002,0.96
Ukraine,UKR,2003,0.84
Ukraine,UKR,2004,0.76
Ukraine,UKR,2005,0.64
Ukraine,UKR,2006,0.57
Ukraine,UKR,2007,0.52
Ukraine,UKR,2008,0.49
Ukraine,UKR,2009,0.47
Ukraine,UKR,2010,0.46
Ukraine,UKR,2011,0.45
Ukraine,UKR,2012,0.46
Ukraine,UKR,2013,0.46
Ukraine,UKR,2014,0.47
Ukraine,UKR,2015,0.48
Ukraine,UKR,2016,0.48
Ukraine,UKR,2017,0.47
Ukraine,UKR,2018,0.45
Ukraine,UKR,2019,0.43
Ukraine,UKR,2020,0.41
United Arab Emirates,ARE,2000,0.01
United Arab Emirates,ARE,2001,0.01
United Arab Emirates,ARE,2002,0.02
United Arab Emirates,ARE,2003,0.02
United Arab Emirates,ARE,2004,0.02
United Arab Emirates,ARE,2005,0.03
United Arab Emirates,ARE,2006,0.04
United Arab Emirates,ARE,2007,0.04
United Arab Emirates,ARE,2008,0.05
United Arab Emirates,ARE,2009,0.06
United Arab Emirates,ARE,2010,0.07
United Arab Emirates,ARE,2011,0.08
United Arab Emirates,ARE,2012,0.09
United Arab Emirates,ARE,2013,0.1
United Arab Emirates,ARE,2014,0.11
United Arab Emirates,ARE,2015,0.13
United Arab Emirates,ARE,2016,0.14
United Arab Emirates,ARE,2017,0.16
United Arab Emirates,ARE,2018,0.18
United Arab Emirates,ARE,2019,0.2
United Arab Emirates,ARE,2020,0.22
United States,USA,2010,0.23
United States,USA,2011,0.22
United States,USA,2012,0.22
United States,USA,2013,0.21
United States,USA,2014,0.22
United States,USA,2015,0.22
United States,USA,2016,0.22
United States,USA,2017,0.21
United States,USA,2018,0.21
United States,USA,2019,0.2
Uruguay,URY,2000,0.31
Uruguay,URY,2001,0.32
Uruguay,URY,2002,0.34
Uruguay,URY,2003,0.35
Uruguay,URY,2004,0.26
Uruguay,URY,2005,0.27
Uruguay,URY,2006,0.28
Uruguay,URY,2007,0.28
Uruguay,URY,2008,0.29
Uruguay,URY,2009,0.31
Uruguay,URY,2010,0.33
Uruguay,URY,2011,0.32
Uruguay,URY,2012,0.33
Uruguay,URY,2013,0.33
Uruguay,URY,2014,0.31
Uruguay,URY,2015,0.31
Uruguay,URY,2016,0.32
Uruguay,URY,2017,0.33
Uruguay,URY,2018,0.33
Uruguay,URY,2019,0.33
Uruguay,URY,2020,0.34
Uzbekistan,UZB,2000,0
Uzbekistan,UZB,2001,0.01
Uzbekistan,UZB,2002,0.03
Uzbekistan,UZB,2003,0.07
Uzbekistan,UZB,2004,0.11
Uzbekistan,UZB,2005,0.14
Uzbekistan,UZB,2006,0.18
Uzbekistan,UZB,2007,0.2
Uzbekistan,UZB,2008,0.22
Uzbekistan,UZB,2009,0.23
Uzbekistan,UZB,2010,0.24
Uzbekistan,UZB,2011,0.24
Uzbekistan,UZB,2012,0.24
Uzbekistan,UZB,2013,0.24
Uzbekistan,UZB,2014,0.23
Uzbekistan,UZB,2015,0.22
Uzbekistan,UZB,2016,0.21
Uzbekistan,UZB,2017,0.19
Uzbekistan,UZB,2018,0.18
Uzbekistan,UZB,2019,0.16
Uzbekistan,UZB,2020,0.13
Venezuela,VEN,2000,0.82
Venezuela,VEN,2001,0.84
Venezuela,VEN,2002,0.8
Venezuela,VEN,2003,0.72
Venezuela,VEN,2004,0.61
Venezuela,VEN,2005,0.53
Venezuela,VEN,2006,0.47
Venezuela,VEN,2007,0.43
Venezuela,VEN,2008,0.41
Venezuela,VEN,2009,0.39
Venezuela,VEN,2010,0.38
Venezuela,VEN,2011,0.36
Venezuela,VEN,2012,0.34
Venezuela,VEN,2013,0.32
Venezuela,VEN,2014,0.3
Venezuela,VEN,2015,0.27
Venezuela,VEN,2016,0.24
Venezuela,VEN,2017,0.21
Venezuela,VEN,2018,0.18
Venezuela,VEN,2019,0.15
Venezuela,VEN,2020,0.13
Vietnam,VNM,2000,0.43
Vietnam,VNM,2001,0.42
Vietnam,VNM,2002,0.43
Vietnam,VNM,2003,0.42
Vietnam,VNM,2004,0.4
Vietnam,VNM,2005,0.38
Vietnam,VNM,2006,0.35
Vietnam,VNM,2007,0.32
Vietnam,VNM,2008,0.3
Vietnam,VNM,2009,0.27
Vietnam,VNM,2010,0.26
Vietnam,VNM,2011,0.24
Vietnam,VNM,2012,0.22
Vietnam,VNM,2013,0.21
Vietnam,VNM,2014,0.19
Vietnam,VNM,2015,0.18
Vietnam,VNM,2016,0.16
Vietnam,VNM,2017,0.14
Vietnam,VNM,2018,0.12
Vietnam,VNM,2019,0.11
Vietnam,VNM,2020,0.1
Western Asia,,2000,0.03
Western Asia,,2001,0.03
Western Asia,,2002,0.04
Western Asia,,2003,0.04
Western Asia,,2004,0.04
Western Asia,,2005,0.04
Western Asia,,2006,0.04
Western Asia,,2007,0.04
Western Asia,,2008,0.04
Western Asia,,2009,0.04
Western Asia,,2010,0.05
Western Asia,,2011,0.05
Western Asia,,2012,0.05
Western Asia,,2013,0.05
Western Asia,,2014,0.05
Western Asia,,2015,0.05
Western Asia,,2016,0.06
Western Asia,,2017,0.06
Western Asia,,2018,0.06
Western Asia,,2019,0.06
Western Asia,,2020,0.06
World,OWID_WRL,2000,0.71
World,OWID_WRL,2001,0.66
World,OWID_WRL,2002,0.63
World,OWID_WRL,2003,0.6
World,OWID_WRL,2004,0.57
World,OWID_WRL,2005,0.55
World,OWID_WRL,2006,0.53
World,OWID_WRL,2007,0.51
World,OWID_WRL,2008,0.49
World,OWID_WRL,2009,0.48
World,OWID_WRL,2010,0.47
World,OWID_WRL,2011,0.46
World,OWID_WRL,2012,0.44
World,OWID_WRL,2013,0.43
World,OWID_WRL,2014,0.41
World,OWID_WRL,2015,0.39
World,OWID_WRL,2016,0.38
World,OWID_WRL,2017,0.36
World,OWID_WRL,2018,0.35
World,OWID_WRL,2019,0.33
World,OWID_WRL,2020,0.31
Yemen,YEM,2000,0.04
Yemen,YEM,2001,0.04
Yemen,YEM,2002,0.04
Yemen,YEM,2003,0.04
Yemen,YEM,2004,0.04
Yemen,YEM,2005,0.04
Yemen,YEM,2006,0.04
Yemen,YEM,2007,0.05
Yemen,YEM,2008,0.05
Yemen,YEM,2009,0.05
Yemen,YEM,2010,0.05
Yemen,YEM,2011,0.05
Yemen,YEM,2012,0.05
Yemen,YEM,2013,0.05
Yemen,YEM,2014,0.05
Yemen,YEM,2015,0.06
Yemen,YEM,2016,0.06
Yemen,YEM,2017,0.06
Yemen,YEM,2018,0.06
Yemen,YEM,2019,0.06
Yemen,YEM,2020,0.06
Zambia,ZMB,2000,14.52
Zambia,ZMB,2001,13.75
Zambia,ZMB,2002,13.21
Zambia,ZMB,2003,12.68
Zambia,ZMB,2004,12.08
Zambia,ZMB,2005,11.63
Zambia,ZMB,2006,11.05
Zambia,ZMB,2007,10.61
Zambia,ZMB,2008,9.96
Zambia,ZMB,2009,9.6
Zambia,ZMB,2010,9.31
Zambia,ZMB,2011,9.11
Zambia,ZMB,2012,8.91
Zambia,ZMB,2013,8.76
Zambia,ZMB,2014,8.5
Zambia,ZMB,2015,8.18
Zambia,ZMB,2016,7.88
Zambia,ZMB,2017,7.96
Zambia,ZMB,2018,7.98
Zambia,ZMB,2019,7.28
Zambia,ZMB,2020,6.62
Zimbabwe,ZWE,2000,19.48
Zimbabwe,ZWE,2001,17.56
Zimbabwe,ZWE,2002,16.15
Zimbabwe,ZWE,2003,15.01
Zimbabwe,ZWE,2004,14.09
Zimbabwe,ZWE,2005,13.23
Zimbabwe,ZWE,2006,12.36
Zimbabwe,ZWE,2007,11.7
Zimbabwe,ZWE,2008,11.1
Zimbabwe,ZWE,2009,10.52
Zimbabwe,ZWE,2010,10.09
Zimbabwe,ZWE,2011,9.02
Zimbabwe,ZWE,2012,8.05
Zimbabwe,ZWE,2013,7.4
Zimbabwe,ZWE,2014,6.65
Zimbabwe,ZWE,2015,5.95
Zimbabwe,ZWE,2016,5.29
Zimbabwe,ZWE,2017,4.58
Zimbabwe,ZWE,2018,3.68
Zimbabwe,ZWE,2019,3.57
Zimbabwe,ZWE,2020,2.75