Entity,Code,Year,15.6.1 - Countries that are contracting Parties to the International Treaty on Plant Genetic Resources for Food and Agriculture (PGRFA) (1 = YES; 0 = NO) - ER_CBD_PTYPGRFA
Afghanistan,AFG,2012,1
Afghanistan,AFG,2013,1
Afghanistan,AFG,2014,1
Afghanistan,AFG,2015,1
Afghanistan,AFG,2016,1
Afghanistan,AFG,2017,1
Afghanistan,AFG,2018,1
Afghanistan,AFG,2019,1
Afghanistan,AFG,2020,1
Afghanistan,AFG,2021,1
Afghanistan,AFG,2022,1
Aland Islands,,2012,0
Aland Islands,,2013,0
Aland Islands,,2014,0
Aland Islands,,2015,0
Aland Islands,,2016,0
Aland Islands,,2017,0
Aland Islands,,2018,0
Aland Islands,,2019,0
Aland Islands,,2020,0
Aland Islands,,2021,0
Aland Islands,,2022,0
Albania,ALB,2012,1
Albania,ALB,2013,1
Albania,ALB,2014,1
Albania,ALB,2015,1
Albania,ALB,2016,1
Albania,ALB,2017,1
Albania,ALB,2018,1
Albania,ALB,2019,1
Albania,ALB,2020,1
Albania,ALB,2021,1
Albania,ALB,2022,1
Algeria,DZA,2012,1
Algeria,DZA,2013,1
Algeria,DZA,2014,1
Algeria,DZA,2015,1
Algeria,DZA,2016,1
Algeria,DZA,2017,1
Algeria,DZA,2018,1
Algeria,DZA,2019,1
Algeria,DZA,2020,1
Algeria,DZA,2021,1
Algeria,DZA,2022,1
American Samoa,ASM,2012,0
American Samoa,ASM,2013,0
American Samoa,ASM,2014,0
American Samoa,ASM,2015,0
American Samoa,ASM,2016,0
American Samoa,ASM,2017,0
American Samoa,ASM,2018,0
American Samoa,ASM,2019,0
American Samoa,ASM,2020,0
American Samoa,ASM,2021,0
American Samoa,ASM,2022,0
Andorra,AND,2012,0
Andorra,AND,2013,0
Andorra,AND,2014,0
Andorra,AND,2015,0
Andorra,AND,2016,0
Andorra,AND,2017,0
Andorra,AND,2018,0
Andorra,AND,2019,0
Andorra,AND,2020,0
Andorra,AND,2021,0
Andorra,AND,2022,0
Angola,AGO,2012,1
Angola,AGO,2013,1
Angola,AGO,2014,1
Angola,AGO,2015,1
Angola,AGO,2016,1
Angola,AGO,2017,1
Angola,AGO,2018,1
Angola,AGO,2019,1
Angola,AGO,2020,1
Angola,AGO,2021,1
Angola,AGO,2022,1
Anguilla,AIA,2012,0
Anguilla,AIA,2013,0
Anguilla,AIA,2014,0
Anguilla,AIA,2015,0
Anguilla,AIA,2016,0
Anguilla,AIA,2017,0
Anguilla,AIA,2018,0
Anguilla,AIA,2019,0
Anguilla,AIA,2020,0
Anguilla,AIA,2021,0
Anguilla,AIA,2022,0
Antigua and Barbuda,ATG,2012,0
Antigua and Barbuda,ATG,2013,0
Antigua and Barbuda,ATG,2014,0
Antigua and Barbuda,ATG,2015,0
Antigua and Barbuda,ATG,2016,0
Antigua and Barbuda,ATG,2017,1
Antigua and Barbuda,ATG,2018,1
Antigua and Barbuda,ATG,2019,1
Antigua and Barbuda,ATG,2020,1
Antigua and Barbuda,ATG,2021,1
Antigua and Barbuda,ATG,2022,1
Argentina,ARG,2012,0
Argentina,ARG,2013,0
Argentina,ARG,2014,0
Argentina,ARG,2015,0
Argentina,ARG,2016,1
Argentina,ARG,2017,1
Argentina,ARG,2018,1
Argentina,ARG,2019,1
Argentina,ARG,2020,1
Argentina,ARG,2021,1
Argentina,ARG,2022,1
Armenia,ARM,2012,1
Armenia,ARM,2013,1
Armenia,ARM,2014,1
Armenia,ARM,2015,1
Armenia,ARM,2016,1
Armenia,ARM,2017,1
Armenia,ARM,2018,1
Armenia,ARM,2019,1
Armenia,ARM,2020,1
Armenia,ARM,2021,1
Armenia,ARM,2022,1
Aruba,ABW,2012,0
Aruba,ABW,2013,0
Aruba,ABW,2014,0
Aruba,ABW,2015,0
Aruba,ABW,2016,0
Aruba,ABW,2017,0
Aruba,ABW,2018,0
Aruba,ABW,2019,0
Aruba,ABW,2020,0
Aruba,ABW,2021,0
Aruba,ABW,2022,0
Australia,AUS,2012,1
Australia,AUS,2013,1
Australia,AUS,2014,1
Australia,AUS,2015,1
Australia,AUS,2016,1
Australia,AUS,2017,1
Australia,AUS,2018,1
Australia,AUS,2019,1
Australia,AUS,2020,1
Australia,AUS,2021,1
Australia,AUS,2022,1
Australia and New Zealand,,2012,1
Australia and New Zealand,,2013,1
Australia and New Zealand,,2014,1
Australia and New Zealand,,2015,1
Australia and New Zealand,,2016,1
Australia and New Zealand,,2017,1
Australia and New Zealand,,2018,1
Australia and New Zealand,,2019,1
Australia and New Zealand,,2020,1
Australia and New Zealand,,2021,1
Australia and New Zealand,,2022,1
Austria,AUT,2012,1
Austria,AUT,2013,1
Austria,AUT,2014,1
Austria,AUT,2015,1
Austria,AUT,2016,1
Austria,AUT,2017,1
Austria,AUT,2018,1
Austria,AUT,2019,1
Austria,AUT,2020,1
Austria,AUT,2021,1
Austria,AUT,2022,1
Azerbaijan,AZE,2012,0
Azerbaijan,AZE,2013,0
Azerbaijan,AZE,2014,0
Azerbaijan,AZE,2015,0
Azerbaijan,AZE,2016,0
Azerbaijan,AZE,2017,0
Azerbaijan,AZE,2018,0
Azerbaijan,AZE,2019,0
Azerbaijan,AZE,2020,0
Azerbaijan,AZE,2021,0
Azerbaijan,AZE,2022,0
Bahamas,BHS,2012,0
Bahamas,BHS,2013,0
Bahamas,BHS,2014,0
Bahamas,BHS,2015,0
Bahamas,BHS,2016,0
Bahamas,BHS,2017,0
Bahamas,BHS,2018,0
Bahamas,BHS,2019,0
Bahamas,BHS,2020,0
Bahamas,BHS,2021,0
Bahamas,BHS,2022,0
Bahrain,BHR,2012,0
Bahrain,BHR,2013,0
Bahrain,BHR,2014,0
Bahrain,BHR,2015,0
Bahrain,BHR,2016,0
Bahrain,BHR,2017,0
Bahrain,BHR,2018,0
Bahrain,BHR,2019,0
Bahrain,BHR,2020,0
Bahrain,BHR,2021,0
Bahrain,BHR,2022,0
Bangladesh,BGD,2012,1
Bangladesh,BGD,2013,1
Bangladesh,BGD,2014,1
Bangladesh,BGD,2015,1
Bangladesh,BGD,2016,1
Bangladesh,BGD,2017,1
Bangladesh,BGD,2018,1
Bangladesh,BGD,2019,1
Bangladesh,BGD,2020,1
Bangladesh,BGD,2021,1
Bangladesh,BGD,2022,1
Barbados,BRB,2012,0
Barbados,BRB,2013,0
Barbados,BRB,2014,0
Barbados,BRB,2015,0
Barbados,BRB,2016,0
Barbados,BRB,2017,0
Barbados,BRB,2018,0
Barbados,BRB,2019,0
Barbados,BRB,2020,0
Barbados,BRB,2021,0
Barbados,BRB,2022,0
Belarus,BLR,2012,0
Belarus,BLR,2013,0
Belarus,BLR,2014,0
Belarus,BLR,2015,0
Belarus,BLR,2016,0
Belarus,BLR,2017,0
Belarus,BLR,2018,0
Belarus,BLR,2019,0
Belarus,BLR,2020,0
Belarus,BLR,2021,0
Belarus,BLR,2022,0
Belgium,BEL,2012,1
Belgium,BEL,2013,1
Belgium,BEL,2014,1
Belgium,BEL,2015,1
Belgium,BEL,2016,1
Belgium,BEL,2017,1
Belgium,BEL,2018,1
Belgium,BEL,2019,1
Belgium,BEL,2020,1
Belgium,BEL,2021,1
Belgium,BEL,2022,1
Belize,BLZ,2012,0
Belize,BLZ,2013,0
Belize,BLZ,2014,0
Belize,BLZ,2015,0
Belize,BLZ,2016,0
Belize,BLZ,2017,0
Belize,BLZ,2018,0
Belize,BLZ,2019,0
Belize,BLZ,2020,0
Belize,BLZ,2021,0
Belize,BLZ,2022,0
Benin,BEN,2012,1
Benin,BEN,2013,1
Benin,BEN,2014,1
Benin,BEN,2015,1
Benin,BEN,2016,1
Benin,BEN,2017,1
Benin,BEN,2018,1
Benin,BEN,2019,1
Benin,BEN,2020,1
Benin,BEN,2021,1
Benin,BEN,2022,1
Bermuda,BMU,2012,0
Bermuda,BMU,2013,0
Bermuda,BMU,2014,0
Bermuda,BMU,2015,0
Bermuda,BMU,2016,0
Bermuda,BMU,2017,0
Bermuda,BMU,2018,0
Bermuda,BMU,2019,0
Bermuda,BMU,2020,0
Bermuda,BMU,2021,0
Bermuda,BMU,2022,0
Bhutan,BTN,2012,1
Bhutan,BTN,2013,1
Bhutan,BTN,2014,1
Bhutan,BTN,2015,1
Bhutan,BTN,2016,1
Bhutan,BTN,2017,1
Bhutan,BTN,2018,1
Bhutan,BTN,2019,1
Bhutan,BTN,2020,1
Bhutan,BTN,2021,1
Bhutan,BTN,2022,1
Bolivia,BOL,2012,0
Bolivia,BOL,2013,0
Bolivia,BOL,2014,0
Bolivia,BOL,2015,0
Bolivia,BOL,2016,1
Bolivia,BOL,2017,1
Bolivia,BOL,2018,1
Bolivia,BOL,2019,1
Bolivia,BOL,2020,1
Bolivia,BOL,2021,1
Bolivia,BOL,2022,1
Bonaire Sint Eustatius and Saba,BES,2012,0
Bonaire Sint Eustatius and Saba,BES,2013,0
Bonaire Sint Eustatius and Saba,BES,2014,0
Bonaire Sint Eustatius and Saba,BES,2015,0
Bonaire Sint Eustatius and Saba,BES,2016,0
Bonaire Sint Eustatius and Saba,BES,2017,0
Bonaire Sint Eustatius and Saba,BES,2018,0
Bonaire Sint Eustatius and Saba,BES,2019,0
Bonaire Sint Eustatius and Saba,BES,2020,0
Bonaire Sint Eustatius and Saba,BES,2021,0
Bonaire Sint Eustatius and Saba,BES,2022,0
Bosnia and Herzegovina,BIH,2012,0
Bosnia and Herzegovina,BIH,2013,0
Bosnia and Herzegovina,BIH,2014,0
Bosnia and Herzegovina,BIH,2015,0
Bosnia and Herzegovina,BIH,2016,0
Bosnia and Herzegovina,BIH,2017,0
Bosnia and Herzegovina,BIH,2018,0
Bosnia and Herzegovina,BIH,2019,0
Bosnia and Herzegovina,BIH,2020,0
Bosnia and Herzegovina,BIH,2021,0
Bosnia and Herzegovina,BIH,2022,0
Botswana,BWA,2012,0
Botswana,BWA,2013,0
Botswana,BWA,2014,0
Botswana,BWA,2015,0
Botswana,BWA,2016,0
Botswana,BWA,2017,0
Botswana,BWA,2018,0
Botswana,BWA,2019,0
Botswana,BWA,2020,0
Botswana,BWA,2021,0
Botswana,BWA,2022,0
Brazil,BRA,2012,1
Brazil,BRA,2013,1
Brazil,BRA,2014,1
Brazil,BRA,2015,1
Brazil,BRA,2016,1
Brazil,BRA,2017,1
Brazil,BRA,2018,1
Brazil,BRA,2019,1
Brazil,BRA,2020,1
Brazil,BRA,2021,1
Brazil,BRA,2022,1
British Indian Ocean Territory,IOT,2012,0
British Indian Ocean Territory,IOT,2013,0
British Indian Ocean Territory,IOT,2014,0
British Indian Ocean Territory,IOT,2015,0
British Indian Ocean Territory,IOT,2016,0
British Indian Ocean Territory,IOT,2017,0
British Indian Ocean Territory,IOT,2018,0
British Indian Ocean Territory,IOT,2019,0
British Indian Ocean Territory,IOT,2020,0
British Indian Ocean Territory,IOT,2021,0
British Indian Ocean Territory,IOT,2022,0
British Virgin Islands,VGB,2012,0
British Virgin Islands,VGB,2013,0
British Virgin Islands,VGB,2014,0
British Virgin Islands,VGB,2015,0
British Virgin Islands,VGB,2016,0
British Virgin Islands,VGB,2017,0
British Virgin Islands,VGB,2018,0
British Virgin Islands,VGB,2019,0
British Virgin Islands,VGB,2020,0
British Virgin Islands,VGB,2021,0
British Virgin Islands,VGB,2022,0
Brunei,BRN,2012,0
Brunei,BRN,2013,0
Brunei,BRN,2014,0
Brunei,BRN,2015,0
Brunei,BRN,2016,0
Brunei,BRN,2017,0
Brunei,BRN,2018,0
Brunei,BRN,2019,0
Brunei,BRN,2020,0
Brunei,BRN,2021,0
Brunei,BRN,2022,0
Bulgaria,BGR,2012,1
Bulgaria,BGR,2013,1
Bulgaria,BGR,2014,1
Bulgaria,BGR,2015,1
Bulgaria,BGR,2016,1
Bulgaria,BGR,2017,1
Bulgaria,BGR,2018,1
Bulgaria,BGR,2019,1
Bulgaria,BGR,2020,1
Bulgaria,BGR,2021,1
Bulgaria,BGR,2022,1
Burkina Faso,BFA,2012,1
Burkina Faso,BFA,2013,1
Burkina Faso,BFA,2014,1
Burkina Faso,BFA,2015,1
Burkina Faso,BFA,2016,1
Burkina Faso,BFA,2017,1
Burkina Faso,BFA,2018,1
Burkina Faso,BFA,2019,1
Burkina Faso,BFA,2020,1
Burkina Faso,BFA,2021,1
Burkina Faso,BFA,2022,1
Burundi,BDI,2012,1
Burundi,BDI,2013,1
Burundi,BDI,2014,1
Burundi,BDI,2015,1
Burundi,BDI,2016,1
Burundi,BDI,2017,1
Burundi,BDI,2018,1
Burundi,BDI,2019,1
Burundi,BDI,2020,1
Burundi,BDI,2021,1
Burundi,BDI,2022,1
Cambodia,KHM,2012,1
Cambodia,KHM,2013,1
Cambodia,KHM,2014,1
Cambodia,KHM,2015,1
Cambodia,KHM,2016,1
Cambodia,KHM,2017,1
Cambodia,KHM,2018,1
Cambodia,KHM,2019,1
Cambodia,KHM,2020,1
Cambodia,KHM,2021,1
Cambodia,KHM,2022,1
Cameroon,CMR,2012,1
Cameroon,CMR,2013,1
Cameroon,CMR,2014,1
Cameroon,CMR,2015,1
Cameroon,CMR,2016,1
Cameroon,CMR,2017,1
Cameroon,CMR,2018,1
Cameroon,CMR,2019,1
Cameroon,CMR,2020,1
Cameroon,CMR,2021,1
Cameroon,CMR,2022,1
Canada,CAN,2012,1
Canada,CAN,2013,1
Canada,CAN,2014,1
Canada,CAN,2015,1
Canada,CAN,2016,1
Canada,CAN,2017,1
Canada,CAN,2018,1
Canada,CAN,2019,1
Canada,CAN,2020,1
Canada,CAN,2021,1
Canada,CAN,2022,1
Cape Verde,CPV,2012,0
Cape Verde,CPV,2013,0
Cape Verde,CPV,2014,0
Cape Verde,CPV,2015,0
Cape Verde,CPV,2016,0
Cape Verde,CPV,2017,0
Cape Verde,CPV,2018,0
Cape Verde,CPV,2019,0
Cape Verde,CPV,2020,0
Cape Verde,CPV,2021,0
Cape Verde,CPV,2022,0
Cayman Islands,CYM,2012,0
Cayman Islands,CYM,2013,0
Cayman Islands,CYM,2014,0
Cayman Islands,CYM,2015,0
Cayman Islands,CYM,2016,0
Cayman Islands,CYM,2017,0
Cayman Islands,CYM,2018,0
Cayman Islands,CYM,2019,0
Cayman Islands,CYM,2020,0
Cayman Islands,CYM,2021,0
Cayman Islands,CYM,2022,0
Central African Republic,CAF,2012,1
Central African Republic,CAF,2013,1
Central African Republic,CAF,2014,1
Central African Republic,CAF,2015,1
Central African Republic,CAF,2016,1
Central African Republic,CAF,2017,1
Central African Republic,CAF,2018,1
Central African Republic,CAF,2019,1
Central African Republic,CAF,2020,1
Central African Republic,CAF,2021,1
Central African Republic,CAF,2022,1
Central Asia,,2012,1
Central Asia,,2013,1
Central Asia,,2014,1
Central Asia,,2015,1
Central Asia,,2016,1
Central Asia,,2017,1
Central Asia,,2018,1
Central Asia,,2019,1
Central Asia,,2020,1
Central Asia,,2021,1
Central Asia,,2022,1
Central and Southern Asia,,2012,9
Central and Southern Asia,,2013,10
Central and Southern Asia,,2014,10
Central and Southern Asia,,2015,10
Central and Southern Asia,,2016,10
Central and Southern Asia,,2017,10
Central and Southern Asia,,2018,10
Central and Southern Asia,,2019,10
Central and Southern Asia,,2020,10
Central and Southern Asia,,2021,10
Central and Southern Asia,,2022,10
Chad,TCD,2012,1
Chad,TCD,2013,1
Chad,TCD,2014,1
Chad,TCD,2015,1
Chad,TCD,2016,1
Chad,TCD,2017,1
Chad,TCD,2018,1
Chad,TCD,2019,1
Chad,TCD,2020,1
Chad,TCD,2021,1
Chad,TCD,2022,1
Channel Islands,OWID_CIS,2012,0
Channel Islands,OWID_CIS,2013,0
Channel Islands,OWID_CIS,2014,0
Channel Islands,OWID_CIS,2015,0
Channel Islands,OWID_CIS,2016,0
Channel Islands,OWID_CIS,2017,0
Channel Islands,OWID_CIS,2018,0
Channel Islands,OWID_CIS,2019,0
Channel Islands,OWID_CIS,2020,0
Channel Islands,OWID_CIS,2021,0
Channel Islands,OWID_CIS,2022,0
Chile,CHL,2012,0
Chile,CHL,2013,0
Chile,CHL,2014,0
Chile,CHL,2015,0
Chile,CHL,2016,1
Chile,CHL,2017,1
Chile,CHL,2018,1
Chile,CHL,2019,1
Chile,CHL,2020,1
Chile,CHL,2021,1
Chile,CHL,2022,1
China,CHN,2012,0
China,CHN,2013,0
China,CHN,2014,0
China,CHN,2015,0
China,CHN,2016,0
China,CHN,2017,0
China,CHN,2018,0
China,CHN,2019,0
China,CHN,2020,0
China,CHN,2021,0
China,CHN,2022,0
"China, Hong Kong Special Administrative Region",,2012,0
"China, Hong Kong Special Administrative Region",,2013,0
"China, Hong Kong Special Administrative Region",,2014,0
"China, Hong Kong Special Administrative Region",,2015,0
"China, Hong Kong Special Administrative Region",,2016,0
"China, Hong Kong Special Administrative Region",,2017,0
"China, Hong Kong Special Administrative Region",,2018,0
"China, Hong Kong Special Administrative Region",,2019,0
"China, Hong Kong Special Administrative Region",,2020,0
"China, Hong Kong Special Administrative Region",,2021,0
"China, Hong Kong Special Administrative Region",,2022,0
Christmas Island,CXR,2012,0
Christmas Island,CXR,2013,0
Christmas Island,CXR,2014,0
Christmas Island,CXR,2015,0
Christmas Island,CXR,2016,0
Christmas Island,CXR,2017,0
Christmas Island,CXR,2018,0
Christmas Island,CXR,2019,0
Christmas Island,CXR,2020,0
Christmas Island,CXR,2021,0
Christmas Island,CXR,2022,0
Cocos Islands,CCK,2012,0
Cocos Islands,CCK,2013,0
Cocos Islands,CCK,2014,0
Cocos Islands,CCK,2015,0
Cocos Islands,CCK,2016,0
Cocos Islands,CCK,2017,0
Cocos Islands,CCK,2018,0
Cocos Islands,CCK,2019,0
Cocos Islands,CCK,2020,0
Cocos Islands,CCK,2021,0
Cocos Islands,CCK,2022,0
Colombia,COL,2012,0
Colombia,COL,2013,0
Colombia,COL,2014,0
Colombia,COL,2015,0
Colombia,COL,2016,0
Colombia,COL,2017,0
Colombia,COL,2018,0
Colombia,COL,2019,0
Colombia,COL,2020,0
Colombia,COL,2021,0
Colombia,COL,2022,0
Comoros,COM,2012,0
Comoros,COM,2013,0
Comoros,COM,2014,0
Comoros,COM,2015,0
Comoros,COM,2016,0
Comoros,COM,2017,0
Comoros,COM,2018,0
Comoros,COM,2019,0
Comoros,COM,2020,0
Comoros,COM,2021,0
Comoros,COM,2022,0
Congo,COG,2012,1
Congo,COG,2013,1
Congo,COG,2014,1
Congo,COG,2015,1
Congo,COG,2016,1
Congo,COG,2017,1
Congo,COG,2018,1
Congo,COG,2019,1
Congo,COG,2020,1
Congo,COG,2021,1
Congo,COG,2022,1
Cook Islands,COK,2012,1
Cook Islands,COK,2013,1
Cook Islands,COK,2014,1
Cook Islands,COK,2015,1
Cook Islands,COK,2016,1
Cook Islands,COK,2017,1
Cook Islands,COK,2018,1
Cook Islands,COK,2019,1
Cook Islands,COK,2020,1
Cook Islands,COK,2021,1
Cook Islands,COK,2022,1
Costa Rica,CRI,2012,1
Costa Rica,CRI,2013,1
Costa Rica,CRI,2014,1
Costa Rica,CRI,2015,1
Costa Rica,CRI,2016,1
Costa Rica,CRI,2017,1
Costa Rica,CRI,2018,1
Costa Rica,CRI,2019,1
Costa Rica,CRI,2020,1
Costa Rica,CRI,2021,1
Costa Rica,CRI,2022,1
Cote d'Ivoire,CIV,2012,1
Cote d'Ivoire,CIV,2013,1
Cote d'Ivoire,CIV,2014,1
Cote d'Ivoire,CIV,2015,1
Cote d'Ivoire,CIV,2016,1
Cote d'Ivoire,CIV,2017,1
Cote d'Ivoire,CIV,2018,1
Cote d'Ivoire,CIV,2019,1
Cote d'Ivoire,CIV,2020,1
Cote d'Ivoire,CIV,2021,1
Cote d'Ivoire,CIV,2022,1
Croatia,HRV,2012,1
Croatia,HRV,2013,1
Croatia,HRV,2014,1
Croatia,HRV,2015,1
Croatia,HRV,2016,1
Croatia,HRV,2017,1
Croatia,HRV,2018,1
Croatia,HRV,2019,1
Croatia,HRV,2020,1
Croatia,HRV,2021,1
Croatia,HRV,2022,1
Cuba,CUB,2012,1
Cuba,CUB,2013,1
Cuba,CUB,2014,1
Cuba,CUB,2015,1
Cuba,CUB,2016,1
Cuba,CUB,2017,1
Cuba,CUB,2018,1
Cuba,CUB,2019,1
Cuba,CUB,2020,1
Cuba,CUB,2021,1
Cuba,CUB,2022,1
Curacao,CUW,2012,0
Curacao,CUW,2013,0
Curacao,CUW,2014,0
Curacao,CUW,2015,0
Curacao,CUW,2016,0
Curacao,CUW,2017,0
Curacao,CUW,2018,0
Curacao,CUW,2019,0
Curacao,CUW,2020,0
Curacao,CUW,2021,0
Curacao,CUW,2022,0
Cyprus,CYP,2012,1
Cyprus,CYP,2013,1
Cyprus,CYP,2014,1
Cyprus,CYP,2015,1
Cyprus,CYP,2016,1
Cyprus,CYP,2017,1
Cyprus,CYP,2018,1
Cyprus,CYP,2019,1
Cyprus,CYP,2020,1
Cyprus,CYP,2021,1
Cyprus,CYP,2022,1
Czechia,CZE,2012,1
Czechia,CZE,2013,1
Czechia,CZE,2014,1
Czechia,CZE,2015,1
Czechia,CZE,2016,1
Czechia,CZE,2017,1
Czechia,CZE,2018,1
Czechia,CZE,2019,1
Czechia,CZE,2020,1
Czechia,CZE,2021,1
Czechia,CZE,2022,1
Democratic Republic of Congo,COD,2012,1
Democratic Republic of Congo,COD,2013,1
Democratic Republic of Congo,COD,2014,1
Democratic Republic of Congo,COD,2015,1
Democratic Republic of Congo,COD,2016,1
Democratic Republic of Congo,COD,2017,1
Democratic Republic of Congo,COD,2018,1
Democratic Republic of Congo,COD,2019,1
Democratic Republic of Congo,COD,2020,1
Democratic Republic of Congo,COD,2021,1
Democratic Republic of Congo,COD,2022,1
Denmark,DNK,2012,1
Denmark,DNK,2013,1
Denmark,DNK,2014,1
Denmark,DNK,2015,1
Denmark,DNK,2016,1
Denmark,DNK,2017,1
Denmark,DNK,2018,1
Denmark,DNK,2019,1
Denmark,DNK,2020,1
Denmark,DNK,2021,1
Denmark,DNK,2022,1
Djibouti,DJI,2012,1
Djibouti,DJI,2013,1
Djibouti,DJI,2014,1
Djibouti,DJI,2015,1
Djibouti,DJI,2016,1
Djibouti,DJI,2017,1
Djibouti,DJI,2018,1
Djibouti,DJI,2019,1
Djibouti,DJI,2020,1
Djibouti,DJI,2021,1
Djibouti,DJI,2022,1
Dominica,DMA,2012,0
Dominica,DMA,2013,0
Dominica,DMA,2014,0
Dominica,DMA,2015,0
Dominica,DMA,2016,0
Dominica,DMA,2017,0
Dominica,DMA,2018,0
Dominica,DMA,2019,0
Dominica,DMA,2020,0
Dominica,DMA,2021,0
Dominica,DMA,2022,0
Dominican Republic,DOM,2012,0
Dominican Republic,DOM,2013,0
Dominican Republic,DOM,2014,0
Dominican Republic,DOM,2015,0
Dominican Republic,DOM,2016,0
Dominican Republic,DOM,2017,0
Dominican Republic,DOM,2018,0
Dominican Republic,DOM,2019,0
Dominican Republic,DOM,2020,0
Dominican Republic,DOM,2021,0
Dominican Republic,DOM,2022,0
Eastern Asia,,2012,2
Eastern Asia,,2013,3
Eastern Asia,,2014,3
Eastern Asia,,2015,3
Eastern Asia,,2016,3
Eastern Asia,,2017,3
Eastern Asia,,2018,4
Eastern Asia,,2019,4
Eastern Asia,,2020,4
Eastern Asia,,2021,4
Eastern Asia,,2022,4
Eastern and South-Eastern Asia,,2012,8
Eastern and South-Eastern Asia,,2013,9
Eastern and South-Eastern Asia,,2014,9
Eastern and South-Eastern Asia,,2015,9
Eastern and South-Eastern Asia,,2016,9
Eastern and South-Eastern Asia,,2017,9
Eastern and South-Eastern Asia,,2018,10
Eastern and South-Eastern Asia,,2019,10
Eastern and South-Eastern Asia,,2020,10
Eastern and South-Eastern Asia,,2021,10
Eastern and South-Eastern Asia,,2022,10
Ecuador,ECU,2012,1
Ecuador,ECU,2013,1
Ecuador,ECU,2014,1
Ecuador,ECU,2015,1
Ecuador,ECU,2016,1
Ecuador,ECU,2017,1
Ecuador,ECU,2018,1
Ecuador,ECU,2019,1
Ecuador,ECU,2020,1
Ecuador,ECU,2021,1
Ecuador,ECU,2022,1
Egypt,EGY,2012,1
Egypt,EGY,2013,1
Egypt,EGY,2014,1
Egypt,EGY,2015,1
Egypt,EGY,2016,1
Egypt,EGY,2017,1
Egypt,EGY,2018,1
Egypt,EGY,2019,1
Egypt,EGY,2020,1
Egypt,EGY,2021,1
Egypt,EGY,2022,1
El Salvador,SLV,2012,1
El Salvador,SLV,2013,1
El Salvador,SLV,2014,1
El Salvador,SLV,2015,1
El Salvador,SLV,2016,1
El Salvador,SLV,2017,1
El Salvador,SLV,2018,1
El Salvador,SLV,2019,1
El Salvador,SLV,2020,1
El Salvador,SLV,2021,1
El Salvador,SLV,2022,1
Equatorial Guinea,GNQ,2012,0
Equatorial Guinea,GNQ,2013,0
Equatorial Guinea,GNQ,2014,0
Equatorial Guinea,GNQ,2015,0
Equatorial Guinea,GNQ,2016,0
Equatorial Guinea,GNQ,2017,0
Equatorial Guinea,GNQ,2018,0
Equatorial Guinea,GNQ,2019,0
Equatorial Guinea,GNQ,2020,0
Equatorial Guinea,GNQ,2021,0
Equatorial Guinea,GNQ,2022,0
Eritrea,ERI,2012,1
Eritrea,ERI,2013,1
Eritrea,ERI,2014,1
Eritrea,ERI,2015,1
Eritrea,ERI,2016,1
Eritrea,ERI,2017,1
Eritrea,ERI,2018,1
Eritrea,ERI,2019,1
Eritrea,ERI,2020,1
Eritrea,ERI,2021,1
Eritrea,ERI,2022,1
Estonia,EST,2012,1
Estonia,EST,2013,1
Estonia,EST,2014,1
Estonia,EST,2015,1
Estonia,EST,2016,1
Estonia,EST,2017,1
Estonia,EST,2018,1
Estonia,EST,2019,1
Estonia,EST,2020,1
Estonia,EST,2021,1
Estonia,EST,2022,1
Eswatini,SWZ,2012,0
Eswatini,SWZ,2013,1
Eswatini,SWZ,2014,1
Eswatini,SWZ,2015,1
Eswatini,SWZ,2016,1
Eswatini,SWZ,2017,1
Eswatini,SWZ,2018,1
Eswatini,SWZ,2019,1
Eswatini,SWZ,2020,1
Eswatini,SWZ,2021,1
Eswatini,SWZ,2022,1
Ethiopia,ETH,2012,1
Ethiopia,ETH,2013,1
Ethiopia,ETH,2014,1
Ethiopia,ETH,2015,1
Ethiopia,ETH,2016,1
Ethiopia,ETH,2017,1
Ethiopia,ETH,2018,1
Ethiopia,ETH,2019,1
Ethiopia,ETH,2020,1
Ethiopia,ETH,2021,1
Ethiopia,ETH,2022,1
Europe,,2012,31
Europe,,2013,32
Europe,,2014,32
Europe,,2015,33
Europe,,2016,33
Europe,,2017,34
Europe,,2018,34
Europe,,2019,34
Europe,,2020,34
Europe,,2021,34
Europe,,2022,34
Europe and Northern America,,2012,32
Europe and Northern America,,2013,33
Europe and Northern America,,2014,33
Europe and Northern America,,2015,34
Europe and Northern America,,2016,34
Europe and Northern America,,2017,36
Europe and Northern America,,2018,36
Europe and Northern America,,2019,36
Europe and Northern America,,2020,36
Europe and Northern America,,2021,36
Europe and Northern America,,2022,36
Faeroe Islands,FRO,2012,0
Faeroe Islands,FRO,2013,0
Faeroe Islands,FRO,2014,0
Faeroe Islands,FRO,2015,0
Faeroe Islands,FRO,2016,0
Faeroe Islands,FRO,2017,0
Faeroe Islands,FRO,2018,0
Faeroe Islands,FRO,2019,0
Faeroe Islands,FRO,2020,0
Faeroe Islands,FRO,2021,0
Faeroe Islands,FRO,2022,0
Falkland Islands,FLK,2012,0
Falkland Islands,FLK,2013,0
Falkland Islands,FLK,2014,0
Falkland Islands,FLK,2015,0
Falkland Islands,FLK,2016,0
Falkland Islands,FLK,2017,0
Falkland Islands,FLK,2018,0
Falkland Islands,FLK,2019,0
Falkland Islands,FLK,2020,0
Falkland Islands,FLK,2021,0
Falkland Islands,FLK,2022,0
Fiji,FJI,2012,1
Fiji,FJI,2013,1
Fiji,FJI,2014,1
Fiji,FJI,2015,1
Fiji,FJI,2016,1
Fiji,FJI,2017,1
Fiji,FJI,2018,1
Fiji,FJI,2019,1
Fiji,FJI,2020,1
Fiji,FJI,2021,1
Fiji,FJI,2022,1
Finland,FIN,2012,1
Finland,FIN,2013,1
Finland,FIN,2014,1
Finland,FIN,2015,1
Finland,FIN,2016,1
Finland,FIN,2017,1
Finland,FIN,2018,1
Finland,FIN,2019,1
Finland,FIN,2020,1
Finland,FIN,2021,1
Finland,FIN,2022,1
France,FRA,2012,1
France,FRA,2013,1
France,FRA,2014,1
France,FRA,2015,1
France,FRA,2016,1
France,FRA,2017,1
France,FRA,2018,1
France,FRA,2019,1
France,FRA,2020,1
France,FRA,2021,1
France,FRA,2022,1
French Guiana,GUF,2012,0
French Guiana,GUF,2013,0
French Guiana,GUF,2014,0
French Guiana,GUF,2015,0
French Guiana,GUF,2016,0
French Guiana,GUF,2017,0
French Guiana,GUF,2018,0
French Guiana,GUF,2019,0
French Guiana,GUF,2020,0
French Guiana,GUF,2021,0
French Guiana,GUF,2022,0
French Polynesia,PYF,2012,0
French Polynesia,PYF,2013,0
French Polynesia,PYF,2014,0
French Polynesia,PYF,2015,0
French Polynesia,PYF,2016,0
French Polynesia,PYF,2017,0
French Polynesia,PYF,2018,0
French Polynesia,PYF,2019,0
French Polynesia,PYF,2020,0
French Polynesia,PYF,2021,0
French Polynesia,PYF,2022,0
French Southern Territories,ATF,2012,0
French Southern Territories,ATF,2013,0
French Southern Territories,ATF,2014,0
French Southern Territories,ATF,2015,0
French Southern Territories,ATF,2016,0
French Southern Territories,ATF,2017,0
French Southern Territories,ATF,2018,0
French Southern Territories,ATF,2019,0
French Southern Territories,ATF,2020,0
French Southern Territories,ATF,2021,0
French Southern Territories,ATF,2022,0
Gabon,GAB,2012,1
Gabon,GAB,2013,1
Gabon,GAB,2014,1
Gabon,GAB,2015,1
Gabon,GAB,2016,1
Gabon,GAB,2017,1
Gabon,GAB,2018,1
Gabon,GAB,2019,1
Gabon,GAB,2020,1
Gabon,GAB,2021,1
Gabon,GAB,2022,1
Gambia,GMB,2012,0
Gambia,GMB,2013,0
Gambia,GMB,2014,0
Gambia,GMB,2015,0
Gambia,GMB,2016,0
Gambia,GMB,2017,0
Gambia,GMB,2018,0
Gambia,GMB,2019,0
Gambia,GMB,2020,0
Gambia,GMB,2021,0
Gambia,GMB,2022,0
Georgia,GEO,2012,0
Georgia,GEO,2013,0
Georgia,GEO,2014,0
Georgia,GEO,2015,0
Georgia,GEO,2016,0
Georgia,GEO,2017,0
Georgia,GEO,2018,0
Georgia,GEO,2019,1
Georgia,GEO,2020,1
Georgia,GEO,2021,1
Georgia,GEO,2022,1
Germany,DEU,2012,1
Germany,DEU,2013,1
Germany,DEU,2014,1
Germany,DEU,2015,1
Germany,DEU,2016,1
Germany,DEU,2017,1
Germany,DEU,2018,1
Germany,DEU,2019,1
Germany,DEU,2020,1
Germany,DEU,2021,1
Germany,DEU,2022,1
Ghana,GHA,2012,1
Ghana,GHA,2013,1
Ghana,GHA,2014,1
Ghana,GHA,2015,1
Ghana,GHA,2016,1
Ghana,GHA,2017,1
Ghana,GHA,2018,1
Ghana,GHA,2019,1
Ghana,GHA,2020,1
Ghana,GHA,2021,1
Ghana,GHA,2022,1
Gibraltar,GIB,2012,0
Gibraltar,GIB,2013,0
Gibraltar,GIB,2014,0
Gibraltar,GIB,2015,0
Gibraltar,GIB,2016,0
Gibraltar,GIB,2017,0
Gibraltar,GIB,2018,0
Gibraltar,GIB,2019,0
Gibraltar,GIB,2020,0
Gibraltar,GIB,2021,0
Gibraltar,GIB,2022,0
Greece,GRC,2012,1
Greece,GRC,2013,1
Greece,GRC,2014,1
Greece,GRC,2015,1
Greece,GRC,2016,1
Greece,GRC,2017,1
Greece,GRC,2018,1
Greece,GRC,2019,1
Greece,GRC,2020,1
Greece,GRC,2021,1
Greece,GRC,2022,1
Greenland,GRL,2012,0
Greenland,GRL,2013,0
Greenland,GRL,2014,0
Greenland,GRL,2015,0
Greenland,GRL,2016,0
Greenland,GRL,2017,0
Greenland,GRL,2018,0
Greenland,GRL,2019,0
Greenland,GRL,2020,0
Greenland,GRL,2021,0
Greenland,GRL,2022,0
Grenada,GRD,2012,0
Grenada,GRD,2013,0
Grenada,GRD,2014,0
Grenada,GRD,2015,0
Grenada,GRD,2016,0
Grenada,GRD,2017,0
Grenada,GRD,2018,0
Grenada,GRD,2019,0
Grenada,GRD,2020,0
Grenada,GRD,2021,0
Grenada,GRD,2022,0
Guadeloupe,GLP,2012,0
Guadeloupe,GLP,2013,0
Guadeloupe,GLP,2014,0
Guadeloupe,GLP,2015,0
Guadeloupe,GLP,2016,0
Guadeloupe,GLP,2017,0
Guadeloupe,GLP,2018,0
Guadeloupe,GLP,2019,0
Guadeloupe,GLP,2020,0
Guadeloupe,GLP,2021,0
Guadeloupe,GLP,2022,0
Guam,GUM,2012,0
Guam,GUM,2013,0
Guam,GUM,2014,0
Guam,GUM,2015,0
Guam,GUM,2016,0
Guam,GUM,2017,0
Guam,GUM,2018,0
Guam,GUM,2019,0
Guam,GUM,2020,0
Guam,GUM,2021,0
Guam,GUM,2022,0
Guatemala,GTM,2012,1
Guatemala,GTM,2013,1
Guatemala,GTM,2014,1
Guatemala,GTM,2015,1
Guatemala,GTM,2016,1
Guatemala,GTM,2017,1
Guatemala,GTM,2018,1
Guatemala,GTM,2019,1
Guatemala,GTM,2020,1
Guatemala,GTM,2021,1
Guatemala,GTM,2022,1
Guernsey,GGY,2012,0
Guernsey,GGY,2013,0
Guernsey,GGY,2014,0
Guernsey,GGY,2015,0
Guernsey,GGY,2016,0
Guernsey,GGY,2017,0
Guernsey,GGY,2018,0
Guernsey,GGY,2019,0
Guernsey,GGY,2020,0
Guernsey,GGY,2021,0
Guernsey,GGY,2022,0
Guinea,GIN,2012,1
Guinea,GIN,2013,1
Guinea,GIN,2014,1
Guinea,GIN,2015,1
Guinea,GIN,2016,1
Guinea,GIN,2017,1
Guinea,GIN,2018,1
Guinea,GIN,2019,1
Guinea,GIN,2020,1
Guinea,GIN,2021,1
Guinea,GIN,2022,1
Guinea-Bissau,GNB,2012,1
Guinea-Bissau,GNB,2013,1
Guinea-Bissau,GNB,2014,1
Guinea-Bissau,GNB,2015,1
Guinea-Bissau,GNB,2016,1
Guinea-Bissau,GNB,2017,1
Guinea-Bissau,GNB,2018,1
Guinea-Bissau,GNB,2019,1
Guinea-Bissau,GNB,2021,1
Guinea-Bissau,GNB,2022,1
Guyana,GUY,2012,0
Guyana,GUY,2013,0
Guyana,GUY,2014,0
Guyana,GUY,2015,0
Guyana,GUY,2016,1
Guyana,GUY,2017,1
Guyana,GUY,2018,1
Guyana,GUY,2019,1
Guyana,GUY,2020,1
Guyana,GUY,2021,1
Guyana,GUY,2022,1
Haiti,HTI,2012,0
Haiti,HTI,2013,0
Haiti,HTI,2014,0
Haiti,HTI,2015,0
Haiti,HTI,2016,0
Haiti,HTI,2017,0
Haiti,HTI,2018,0
Haiti,HTI,2019,0
Haiti,HTI,2020,0
Haiti,HTI,2021,0
Haiti,HTI,2022,0
Heard Island and McDonald Islands,HMD,2012,0
Heard Island and McDonald Islands,HMD,2013,0
Heard Island and McDonald Islands,HMD,2014,0
Heard Island and McDonald Islands,HMD,2015,0
Heard Island and McDonald Islands,HMD,2016,0
Heard Island and McDonald Islands,HMD,2017,0
Heard Island and McDonald Islands,HMD,2018,0
Heard Island and McDonald Islands,HMD,2019,0
Heard Island and McDonald Islands,HMD,2020,0
Heard Island and McDonald Islands,HMD,2021,0
Heard Island and McDonald Islands,HMD,2022,0
Honduras,HND,2012,1
Honduras,HND,2013,1
Honduras,HND,2014,1
Honduras,HND,2015,1
Honduras,HND,2016,1
Honduras,HND,2017,1
Honduras,HND,2018,1
Honduras,HND,2019,1
Honduras,HND,2020,1
Honduras,HND,2021,1
Honduras,HND,2022,1
Hungary,HUN,2012,1
Hungary,HUN,2013,1
Hungary,HUN,2014,1
Hungary,HUN,2015,1
Hungary,HUN,2016,1
Hungary,HUN,2017,1
Hungary,HUN,2018,1
Hungary,HUN,2019,1
Hungary,HUN,2020,1
Hungary,HUN,2021,1
Hungary,HUN,2022,1
Iceland,ISL,2012,1
Iceland,ISL,2013,1
Iceland,ISL,2014,1
Iceland,ISL,2015,1
Iceland,ISL,2016,1
Iceland,ISL,2017,1
Iceland,ISL,2018,1
Iceland,ISL,2019,1
Iceland,ISL,2020,1
Iceland,ISL,2021,1
Iceland,ISL,2022,1
India,IND,2012,1
India,IND,2013,1
India,IND,2014,1
India,IND,2015,1
India,IND,2016,1
India,IND,2017,1
India,IND,2018,1
India,IND,2019,1
India,IND,2020,1
India,IND,2021,1
India,IND,2022,1
Indonesia,IDN,2012,1
Indonesia,IDN,2013,1
Indonesia,IDN,2014,1
Indonesia,IDN,2015,1
Indonesia,IDN,2016,1
Indonesia,IDN,2017,1
Indonesia,IDN,2018,1
Indonesia,IDN,2019,1
Indonesia,IDN,2020,1
Indonesia,IDN,2021,1
Indonesia,IDN,2022,1
Iran,IRN,2012,1
Iran,IRN,2013,1
Iran,IRN,2014,1
Iran,IRN,2015,1
Iran,IRN,2016,1
Iran,IRN,2017,1
Iran,IRN,2018,1
Iran,IRN,2019,1
Iran,IRN,2020,1
Iran,IRN,2021,1
Iran,IRN,2022,1
Iraq,IRQ,2012,0
Iraq,IRQ,2013,0
Iraq,IRQ,2014,1
Iraq,IRQ,2015,1
Iraq,IRQ,2016,1
Iraq,IRQ,2017,1
Iraq,IRQ,2018,1
Iraq,IRQ,2019,1
Iraq,IRQ,2020,1
Iraq,IRQ,2021,1
Iraq,IRQ,2022,1
Ireland,IRL,2012,1
Ireland,IRL,2013,1
Ireland,IRL,2014,1
Ireland,IRL,2015,1
Ireland,IRL,2016,1
Ireland,IRL,2017,1
Ireland,IRL,2018,1
Ireland,IRL,2019,1
Ireland,IRL,2020,1
Ireland,IRL,2021,1
Ireland,IRL,2022,1
Isle of Man,IMN,2012,0
Isle of Man,IMN,2013,0
Isle of Man,IMN,2014,0
Isle of Man,IMN,2015,0
Isle of Man,IMN,2016,0
Isle of Man,IMN,2017,0
Isle of Man,IMN,2018,0
Isle of Man,IMN,2019,0
Isle of Man,IMN,2020,0
Isle of Man,IMN,2021,0
Isle of Man,IMN,2022,0
Israel,ISR,2012,0
Israel,ISR,2013,0
Israel,ISR,2014,0
Israel,ISR,2015,0
Israel,ISR,2016,0
Israel,ISR,2017,0
Israel,ISR,2018,0
Israel,ISR,2019,0
Israel,ISR,2020,0
Israel,ISR,2021,0
Israel,ISR,2022,0
Italy,ITA,2012,1
Italy,ITA,2013,1
Italy,ITA,2014,1
Italy,ITA,2015,1
Italy,ITA,2016,1
Italy,ITA,2017,1
Italy,ITA,2018,1
Italy,ITA,2019,1
Italy,ITA,2020,1
Italy,ITA,2021,1
Italy,ITA,2022,1
Jamaica,JAM,2012,1
Jamaica,JAM,2013,1
Jamaica,JAM,2014,1
Jamaica,JAM,2015,1
Jamaica,JAM,2016,1
Jamaica,JAM,2017,1
Jamaica,JAM,2018,1
Jamaica,JAM,2019,1
Jamaica,JAM,2020,1
Jamaica,JAM,2021,1
Jamaica,JAM,2022,1
Japan,JPN,2012,0
Japan,JPN,2013,1
Japan,JPN,2014,1
Japan,JPN,2015,1
Japan,JPN,2016,1
Japan,JPN,2017,1
Japan,JPN,2018,1
Japan,JPN,2019,1
Japan,JPN,2020,1
Japan,JPN,2021,1
Japan,JPN,2022,1
Jersey,JEY,2012,0
Jersey,JEY,2013,0
Jersey,JEY,2014,0
Jersey,JEY,2015,0
Jersey,JEY,2016,0
Jersey,JEY,2017,0
Jersey,JEY,2018,0
Jersey,JEY,2019,0
Jersey,JEY,2020,0
Jersey,JEY,2021,0
Jersey,JEY,2022,0
Jordan,JOR,2012,1
Jordan,JOR,2013,1
Jordan,JOR,2014,1
Jordan,JOR,2015,1
Jordan,JOR,2016,1
Jordan,JOR,2017,1
Jordan,JOR,2018,1
Jordan,JOR,2019,1
Jordan,JOR,2020,1
Jordan,JOR,2021,1
Jordan,JOR,2022,1
Kazakhstan,KAZ,2012,0
Kazakhstan,KAZ,2013,0
Kazakhstan,KAZ,2014,0
Kazakhstan,KAZ,2015,0
Kazakhstan,KAZ,2016,0
Kazakhstan,KAZ,2017,0
Kazakhstan,KAZ,2018,0
Kazakhstan,KAZ,2019,0
Kazakhstan,KAZ,2020,0
Kazakhstan,KAZ,2021,0
Kazakhstan,KAZ,2022,0
Kenya,KEN,2012,1
Kenya,KEN,2013,1
Kenya,KEN,2014,1
Kenya,KEN,2015,1
Kenya,KEN,2016,1
Kenya,KEN,2017,1
Kenya,KEN,2018,1
Kenya,KEN,2019,1
Kenya,KEN,2020,1
Kenya,KEN,2021,1
Kenya,KEN,2022,1
Kiribati,KIR,2012,1
Kiribati,KIR,2013,1
Kiribati,KIR,2014,1
Kiribati,KIR,2015,1
Kiribati,KIR,2016,1
Kiribati,KIR,2017,1
Kiribati,KIR,2018,1
Kiribati,KIR,2019,1
Kiribati,KIR,2020,1
Kiribati,KIR,2021,1
Kiribati,KIR,2022,1
Kuwait,KWT,2012,1
Kuwait,KWT,2013,1
Kuwait,KWT,2014,1
Kuwait,KWT,2015,1
Kuwait,KWT,2016,1
Kuwait,KWT,2017,1
Kuwait,KWT,2018,1
Kuwait,KWT,2019,1
Kuwait,KWT,2020,1
Kuwait,KWT,2021,1
Kuwait,KWT,2022,1
Kyrgyzstan,KGZ,2012,1
Kyrgyzstan,KGZ,2013,1
Kyrgyzstan,KGZ,2014,1
Kyrgyzstan,KGZ,2015,1
Kyrgyzstan,KGZ,2016,1
Kyrgyzstan,KGZ,2017,1
Kyrgyzstan,KGZ,2018,1
Kyrgyzstan,KGZ,2019,1
Kyrgyzstan,KGZ,2020,1
Kyrgyzstan,KGZ,2021,1
Kyrgyzstan,KGZ,2022,1
Landlocked developing countries (LLDCs),,2012,20
Landlocked developing countries (LLDCs),,2013,21
Landlocked developing countries (LLDCs),,2014,21
Landlocked developing countries (LLDCs),,2015,22
Landlocked developing countries (LLDCs),,2016,23
Landlocked developing countries (LLDCs),,2017,23
Landlocked developing countries (LLDCs),,2018,24
Landlocked developing countries (LLDCs),,2019,24
Landlocked developing countries (LLDCs),,2020,25
Landlocked developing countries (LLDCs),,2021,25
Landlocked developing countries (LLDCs),,2022,25
Laos,LAO,2012,1
Laos,LAO,2013,1
Laos,LAO,2014,1
Laos,LAO,2015,1
Laos,LAO,2016,1
Laos,LAO,2017,1
Laos,LAO,2018,1
Laos,LAO,2019,1
Laos,LAO,2020,1
Laos,LAO,2021,1
Laos,LAO,2022,1
Latin America and the Caribbean,,2012,16
Latin America and the Caribbean,,2013,16
Latin America and the Caribbean,,2014,16
Latin America and the Caribbean,,2015,16
Latin America and the Caribbean,,2016,20
Latin America and the Caribbean,,2017,21
Latin America and the Caribbean,,2018,21
Latin America and the Caribbean,,2019,21
Latin America and the Caribbean,,2020,21
Latin America and the Caribbean,,2021,21
Latin America and the Caribbean,,2022,21
Latvia,LVA,2012,1
Latvia,LVA,2013,1
Latvia,LVA,2014,1
Latvia,LVA,2015,1
Latvia,LVA,2016,1
Latvia,LVA,2017,1
Latvia,LVA,2018,1
Latvia,LVA,2019,1
Latvia,LVA,2020,1
Latvia,LVA,2021,1
Latvia,LVA,2022,1
Least developed countries (LDCs),,2012,37
Least developed countries (LDCs),,2013,37
Least developed countries (LDCs),,2014,37
Least developed countries (LDCs),,2015,37
Least developed countries (LDCs),,2016,38
Least developed countries (LDCs),,2017,38
Least developed countries (LDCs),,2018,38
Least developed countries (LDCs),,2019,38
Least developed countries (LDCs),,2020,40
Least developed countries (LDCs),,2021,40
Least developed countries (LDCs),,2022,40
Lebanon,LBN,2012,1
Lebanon,LBN,2013,1
Lebanon,LBN,2014,1
Lebanon,LBN,2015,1
Lebanon,LBN,2016,1
Lebanon,LBN,2017,1
Lebanon,LBN,2018,1
Lebanon,LBN,2019,1
Lebanon,LBN,2020,1
Lebanon,LBN,2021,1
Lebanon,LBN,2022,1
Lesotho,LSO,2012,1
Lesotho,LSO,2013,1
Lesotho,LSO,2014,1
Lesotho,LSO,2015,1
Lesotho,LSO,2016,1
Lesotho,LSO,2017,1
Lesotho,LSO,2018,1
Lesotho,LSO,2019,1
Lesotho,LSO,2020,1
Lesotho,LSO,2021,1
Lesotho,LSO,2022,1
Liberia,LBR,2012,1
Liberia,LBR,2013,1
Liberia,LBR,2014,1
Liberia,LBR,2015,1
Liberia,LBR,2016,1
Liberia,LBR,2017,1
Liberia,LBR,2018,1
Liberia,LBR,2019,1
Liberia,LBR,2020,1
Liberia,LBR,2021,1
Liberia,LBR,2022,1
Libya,LBY,2012,1
Libya,LBY,2013,1
Libya,LBY,2014,1
Libya,LBY,2015,1
Libya,LBY,2016,1
Libya,LBY,2017,1
Libya,LBY,2018,1
Libya,LBY,2019,1
Libya,LBY,2020,1
Libya,LBY,2021,1
Libya,LBY,2022,1
Liechtenstein,LIE,2012,0
Liechtenstein,LIE,2013,0
Liechtenstein,LIE,2014,0
Liechtenstein,LIE,2015,0
Liechtenstein,LIE,2016,0
Liechtenstein,LIE,2017,0
Liechtenstein,LIE,2018,0
Liechtenstein,LIE,2019,0
Liechtenstein,LIE,2020,0
Liechtenstein,LIE,2021,0
Liechtenstein,LIE,2022,0
Lithuania,LTU,2012,1
Lithuania,LTU,2013,1
Lithuania,LTU,2014,1
Lithuania,LTU,2015,1
Lithuania,LTU,2016,1
Lithuania,LTU,2017,1
Lithuania,LTU,2018,1
Lithuania,LTU,2019,1
Lithuania,LTU,2020,1
Lithuania,LTU,2021,1
Lithuania,LTU,2022,1
Luxembourg,LUX,2012,1
Luxembourg,LUX,2013,1
Luxembourg,LUX,2014,1
Luxembourg,LUX,2015,1
Luxembourg,LUX,2016,1
Luxembourg,LUX,2017,1
Luxembourg,LUX,2018,1
Luxembourg,LUX,2019,1
Luxembourg,LUX,2020,1
Luxembourg,LUX,2021,1
Luxembourg,LUX,2022,1
Macao,MAC,2012,0
Macao,MAC,2013,0
Macao,MAC,2014,0
Macao,MAC,2015,0
Macao,MAC,2016,0
Macao,MAC,2017,0
Macao,MAC,2018,0
Macao,MAC,2019,0
Macao,MAC,2020,0
Macao,MAC,2021,0
Macao,MAC,2022,0
Madagascar,MDG,2012,1
Madagascar,MDG,2013,1
Madagascar,MDG,2014,1
Madagascar,MDG,2015,1
Madagascar,MDG,2016,1
Madagascar,MDG,2017,1
Madagascar,MDG,2018,1
Madagascar,MDG,2019,1
Madagascar,MDG,2020,1
Madagascar,MDG,2021,1
Madagascar,MDG,2022,1
Malawi,MWI,2012,1
Malawi,MWI,2013,1
Malawi,MWI,2014,1
Malawi,MWI,2015,1
Malawi,MWI,2016,1
Malawi,MWI,2017,1
Malawi,MWI,2018,1
Malawi,MWI,2019,1
Malawi,MWI,2020,1
Malawi,MWI,2021,1
Malawi,MWI,2022,1
Malaysia,MYS,2012,1
Malaysia,MYS,2013,1
Malaysia,MYS,2014,1
Malaysia,MYS,2015,1
Malaysia,MYS,2016,1
Malaysia,MYS,2017,1
Malaysia,MYS,2018,1
Malaysia,MYS,2019,1
Malaysia,MYS,2020,1
Malaysia,MYS,2021,1
Malaysia,MYS,2022,1
Maldives,MDV,2012,1
Maldives,MDV,2013,1
Maldives,MDV,2014,1
Maldives,MDV,2015,1
Maldives,MDV,2016,1
Maldives,MDV,2017,1
Maldives,MDV,2018,1
Maldives,MDV,2019,1
Maldives,MDV,2020,1
Maldives,MDV,2021,1
Maldives,MDV,2022,1
Mali,MLI,2012,1
Mali,MLI,2013,1
Mali,MLI,2014,1
Mali,MLI,2015,1
Mali,MLI,2016,1
Mali,MLI,2017,1
Mali,MLI,2018,1
Mali,MLI,2019,1
Mali,MLI,2020,1
Mali,MLI,2021,1
Mali,MLI,2022,1
Malta,MLT,2012,0
Malta,MLT,2013,0
Malta,MLT,2014,0
Malta,MLT,2015,0
Malta,MLT,2016,0
Malta,MLT,2017,1
Malta,MLT,2018,1
Malta,MLT,2019,1
Malta,MLT,2020,1
Malta,MLT,2021,1
Malta,MLT,2022,1
Marshall Islands,MHL,2012,0
Marshall Islands,MHL,2013,0
Marshall Islands,MHL,2014,1
Marshall Islands,MHL,2015,1
Marshall Islands,MHL,2016,1
Marshall Islands,MHL,2017,1
Marshall Islands,MHL,2018,1
Marshall Islands,MHL,2019,1
Marshall Islands,MHL,2020,1
Marshall Islands,MHL,2021,1
Marshall Islands,MHL,2022,1
Martinique,MTQ,2012,0
Martinique,MTQ,2013,0
Martinique,MTQ,2014,0
Martinique,MTQ,2015,0
Martinique,MTQ,2016,0
Martinique,MTQ,2017,0
Martinique,MTQ,2018,0
Martinique,MTQ,2019,0
Martinique,MTQ,2020,0
Martinique,MTQ,2021,0
Martinique,MTQ,2022,0
Mauritania,MRT,2012,1
Mauritania,MRT,2013,1
Mauritania,MRT,2014,1
Mauritania,MRT,2015,1
Mauritania,MRT,2016,1
Mauritania,MRT,2017,1
Mauritania,MRT,2018,1
Mauritania,MRT,2019,1
Mauritania,MRT,2020,1
Mauritania,MRT,2021,1
Mauritania,MRT,2022,1
Mauritius,MUS,2012,1
Mauritius,MUS,2013,1
Mauritius,MUS,2014,1
Mauritius,MUS,2015,1
Mauritius,MUS,2016,1
Mauritius,MUS,2017,1
Mauritius,MUS,2018,1
Mauritius,MUS,2019,1
Mauritius,MUS,2020,1
Mauritius,MUS,2021,1
Mauritius,MUS,2022,1
Mayotte,MYT,2012,0
Mayotte,MYT,2013,0
Mayotte,MYT,2014,0
Mayotte,MYT,2015,0
Mayotte,MYT,2016,0
Mayotte,MYT,2017,0
Mayotte,MYT,2018,0
Mayotte,MYT,2019,0
Mayotte,MYT,2020,0
Mayotte,MYT,2021,0
Mayotte,MYT,2022,0
Mexico,MEX,2012,0
Mexico,MEX,2013,0
Mexico,MEX,2014,0
Mexico,MEX,2015,0
Mexico,MEX,2016,0
Mexico,MEX,2017,0
Mexico,MEX,2018,0
Mexico,MEX,2019,0
Mexico,MEX,2020,0
Mexico,MEX,2021,0
Mexico,MEX,2022,0
Micronesia (country),FSM,2012,0
Micronesia (country),FSM,2013,0
Micronesia (country),FSM,2014,0
Micronesia (country),FSM,2015,0
Micronesia (country),FSM,2016,0
Micronesia (country),FSM,2017,0
Micronesia (country),FSM,2018,0
Micronesia (country),FSM,2019,0
Micronesia (country),FSM,2020,0
Micronesia (country),FSM,2021,0
Micronesia (country),FSM,2022,0
Moldova,MDA,2012,0
Moldova,MDA,2013,0
Moldova,MDA,2014,0
Moldova,MDA,2015,1
Moldova,MDA,2016,1
Moldova,MDA,2017,1
Moldova,MDA,2018,1
Moldova,MDA,2019,1
Moldova,MDA,2020,1
Moldova,MDA,2021,1
Moldova,MDA,2022,1
Monaco,MCO,2012,0
Monaco,MCO,2013,0
Monaco,MCO,2014,0
Monaco,MCO,2015,0
Monaco,MCO,2016,0
Monaco,MCO,2017,0
Monaco,MCO,2018,0
Monaco,MCO,2019,0
Monaco,MCO,2020,0
Monaco,MCO,2021,0
Monaco,MCO,2022,0
Mongolia,MNG,2012,0
Mongolia,MNG,2013,0
Mongolia,MNG,2014,0
Mongolia,MNG,2015,0
Mongolia,MNG,2016,0
Mongolia,MNG,2017,0
Mongolia,MNG,2018,1
Mongolia,MNG,2019,1
Mongolia,MNG,2020,1
Mongolia,MNG,2021,1
Mongolia,MNG,2022,1
Montenegro,MNE,2012,1
Montenegro,MNE,2013,1
Montenegro,MNE,2014,1
Montenegro,MNE,2015,1
Montenegro,MNE,2016,1
Montenegro,MNE,2017,1
Montenegro,MNE,2018,1
Montenegro,MNE,2019,1
Montenegro,MNE,2020,1
Montenegro,MNE,2021,1
Montenegro,MNE,2022,1
Montserrat,MSR,2012,0
Montserrat,MSR,2013,0
Montserrat,MSR,2014,0
Montserrat,MSR,2015,0
Montserrat,MSR,2016,0
Montserrat,MSR,2017,0
Montserrat,MSR,2018,0
Montserrat,MSR,2019,0
Montserrat,MSR,2020,0
Montserrat,MSR,2021,0
Montserrat,MSR,2022,0
Morocco,MAR,2012,1
Morocco,MAR,2013,1
Morocco,MAR,2014,1
Morocco,MAR,2015,1
Morocco,MAR,2016,1
Morocco,MAR,2017,1
Morocco,MAR,2018,1
Morocco,MAR,2019,1
Morocco,MAR,2020,1
Morocco,MAR,2021,1
Morocco,MAR,2022,1
Mozambique,MOZ,2012,0
Mozambique,MOZ,2013,0
Mozambique,MOZ,2014,0
Mozambique,MOZ,2015,0
Mozambique,MOZ,2016,0
Mozambique,MOZ,2017,0
Mozambique,MOZ,2018,0
Mozambique,MOZ,2019,0
Mozambique,MOZ,2020,1
Mozambique,MOZ,2021,1
Mozambique,MOZ,2022,1
Myanmar,MMR,2012,1
Myanmar,MMR,2013,1
Myanmar,MMR,2014,1
Myanmar,MMR,2015,1
Myanmar,MMR,2016,1
Myanmar,MMR,2017,1
Myanmar,MMR,2018,1
Myanmar,MMR,2019,1
Myanmar,MMR,2020,1
Myanmar,MMR,2021,1
Myanmar,MMR,2022,1
Namibia,NAM,2012,1
Namibia,NAM,2013,1
Namibia,NAM,2014,1
Namibia,NAM,2015,1
Namibia,NAM,2016,1
Namibia,NAM,2017,1
Namibia,NAM,2018,1
Namibia,NAM,2019,1
Namibia,NAM,2020,1
Namibia,NAM,2021,1
Namibia,NAM,2022,1
Nauru,NRU,2012,0
Nauru,NRU,2013,0
Nauru,NRU,2014,0
Nauru,NRU,2015,0
Nauru,NRU,2016,0
Nauru,NRU,2017,0
Nauru,NRU,2018,0
Nauru,NRU,2019,0
Nauru,NRU,2020,0
Nauru,NRU,2021,0
Nauru,NRU,2022,0
Nepal,NPL,2012,1
Nepal,NPL,2013,1
Nepal,NPL,2014,1
Nepal,NPL,2015,1
Nepal,NPL,2016,1
Nepal,NPL,2017,1
Nepal,NPL,2018,1
Nepal,NPL,2019,1
Nepal,NPL,2020,1
Nepal,NPL,2021,1
Nepal,NPL,2022,1
Netherlands,NLD,2012,1
Netherlands,NLD,2013,1
Netherlands,NLD,2014,1
Netherlands,NLD,2015,1
Netherlands,NLD,2016,1
Netherlands,NLD,2017,1
Netherlands,NLD,2018,1
Netherlands,NLD,2019,1
Netherlands,NLD,2020,1
Netherlands,NLD,2021,1
Netherlands,NLD,2022,1
New Caledonia,NCL,2012,0
New Caledonia,NCL,2013,0
New Caledonia,NCL,2014,0
New Caledonia,NCL,2015,0
New Caledonia,NCL,2016,0
New Caledonia,NCL,2017,0
New Caledonia,NCL,2018,0
New Caledonia,NCL,2019,0
New Caledonia,NCL,2020,0
New Caledonia,NCL,2021,0
New Caledonia,NCL,2022,0
New Zealand,NZL,2012,0
New Zealand,NZL,2013,0
New Zealand,NZL,2014,0
New Zealand,NZL,2015,0
New Zealand,NZL,2016,0
New Zealand,NZL,2017,0
New Zealand,NZL,2018,0
New Zealand,NZL,2019,0
New Zealand,NZL,2020,0
New Zealand,NZL,2021,0
New Zealand,NZL,2022,0
Nicaragua,NIC,2012,1
Nicaragua,NIC,2013,1
Nicaragua,NIC,2014,1
Nicaragua,NIC,2015,1
Nicaragua,NIC,2016,1
Nicaragua,NIC,2017,1
Nicaragua,NIC,2018,1
Nicaragua,NIC,2019,1
Nicaragua,NIC,2020,1
Nicaragua,NIC,2021,1
Nicaragua,NIC,2022,1
Niger,NER,2012,1
Niger,NER,2013,1
Niger,NER,2014,1
Niger,NER,2015,1
Niger,NER,2016,1
Niger,NER,2017,1
Niger,NER,2018,1
Niger,NER,2019,1
Niger,NER,2020,1
Niger,NER,2021,1
Niger,NER,2022,1
Nigeria,NGA,2012,0
Nigeria,NGA,2013,0
Nigeria,NGA,2014,0
Nigeria,NGA,2015,0
Nigeria,NGA,2016,0
Nigeria,NGA,2017,0
Nigeria,NGA,2018,0
Nigeria,NGA,2019,0
Nigeria,NGA,2020,0
Nigeria,NGA,2021,0
Nigeria,NGA,2022,0
Niue,NIU,2012,0
Niue,NIU,2013,0
Niue,NIU,2014,0
Niue,NIU,2015,0
Niue,NIU,2016,0
Niue,NIU,2017,0
Niue,NIU,2018,0
Niue,NIU,2019,0
Niue,NIU,2020,0
Niue,NIU,2021,0
Niue,NIU,2022,0
Norfolk Island,NFK,2012,0
Norfolk Island,NFK,2013,0
Norfolk Island,NFK,2014,0
Norfolk Island,NFK,2015,0
Norfolk Island,NFK,2016,0
Norfolk Island,NFK,2017,0
Norfolk Island,NFK,2018,0
Norfolk Island,NFK,2019,0
Norfolk Island,NFK,2020,0
Norfolk Island,NFK,2021,0
Norfolk Island,NFK,2022,0
North Korea,PRK,2012,1
North Korea,PRK,2013,1
North Korea,PRK,2014,1
North Korea,PRK,2015,1
North Korea,PRK,2016,1
North Korea,PRK,2017,1
North Korea,PRK,2018,1
North Korea,PRK,2019,1
North Korea,PRK,2020,1
North Korea,PRK,2021,1
North Korea,PRK,2022,1
North Macedonia,MKD,2012,0
North Macedonia,MKD,2013,0
North Macedonia,MKD,2014,0
North Macedonia,MKD,2015,0
North Macedonia,MKD,2016,0
North Macedonia,MKD,2017,0
North Macedonia,MKD,2018,0
North Macedonia,MKD,2019,0
North Macedonia,MKD,2020,0
North Macedonia,MKD,2021,0
North Macedonia,MKD,2022,0
Northern Africa,,2012,6
Northern Africa,,2013,6
Northern Africa,,2014,6
Northern Africa,,2015,6
Northern Africa,,2016,6
Northern Africa,,2017,6
Northern Africa,,2018,6
Northern Africa,,2019,6
Northern Africa,,2020,6
Northern Africa,,2021,6
Northern Africa,,2022,6
Northern Africa and Western Asia,,2012,18
Northern Africa and Western Asia,,2013,18
Northern Africa and Western Asia,,2014,19
Northern Africa and Western Asia,,2015,19
Northern Africa and Western Asia,,2016,19
Northern Africa and Western Asia,,2017,19
Northern Africa and Western Asia,,2018,19
Northern Africa and Western Asia,,2019,21
Northern Africa and Western Asia,,2020,21
Northern Africa and Western Asia,,2021,21
Northern Africa and Western Asia,,2022,21
Northern America,,2012,1
Northern America,,2013,1
Northern America,,2014,1
Northern America,,2015,1
Northern America,,2016,1
Northern America,,2017,2
Northern America,,2018,2
Northern America,,2019,2
Northern America,,2020,2
Northern America,,2021,2
Northern America,,2022,2
Northern Mariana Islands,MNP,2012,0
Northern Mariana Islands,MNP,2013,0
Northern Mariana Islands,MNP,2014,0
Northern Mariana Islands,MNP,2015,0
Northern Mariana Islands,MNP,2016,0
Northern Mariana Islands,MNP,2017,0
Northern Mariana Islands,MNP,2018,0
Northern Mariana Islands,MNP,2019,0
Northern Mariana Islands,MNP,2020,0
Northern Mariana Islands,MNP,2021,0
Northern Mariana Islands,MNP,2022,0
Norway,NOR,2012,1
Norway,NOR,2013,1
Norway,NOR,2014,1
Norway,NOR,2015,1
Norway,NOR,2016,1
Norway,NOR,2017,1
Norway,NOR,2018,1
Norway,NOR,2019,1
Norway,NOR,2020,1
Norway,NOR,2021,1
Norway,NOR,2022,1
Oceania,,2012,6
Oceania,,2013,6
Oceania,,2014,7
Oceania,,2015,9
Oceania,,2016,10
Oceania,,2017,10
Oceania,,2018,10
Oceania,,2019,10
Oceania,,2020,10
Oceania,,2021,10
Oceania,,2022,10
Oceania (exc. Australia and New Zealand),,2012,5
Oceania (exc. Australia and New Zealand),,2013,5
Oceania (exc. Australia and New Zealand),,2014,6
Oceania (exc. Australia and New Zealand),,2015,8
Oceania (exc. Australia and New Zealand),,2016,9
Oceania (exc. Australia and New Zealand),,2017,9
Oceania (exc. Australia and New Zealand),,2018,9
Oceania (exc. Australia and New Zealand),,2019,9
Oceania (exc. Australia and New Zealand),,2020,9
Oceania (exc. Australia and New Zealand),,2021,9
Oceania (exc. Australia and New Zealand),,2022,9
Oman,OMN,2012,1
Oman,OMN,2013,1
Oman,OMN,2014,1
Oman,OMN,2015,1
Oman,OMN,2016,1
Oman,OMN,2017,1
Oman,OMN,2018,1
Oman,OMN,2019,1
Oman,OMN,2020,1
Oman,OMN,2021,1
Oman,OMN,2022,1
Pakistan,PAK,2012,1
Pakistan,PAK,2013,1
Pakistan,PAK,2014,1
Pakistan,PAK,2015,1
Pakistan,PAK,2016,1
Pakistan,PAK,2017,1
Pakistan,PAK,2018,1
Pakistan,PAK,2019,1
Pakistan,PAK,2020,1
Pakistan,PAK,2021,1
Pakistan,PAK,2022,1
Palau,PLW,2012,1
Palau,PLW,2013,1
Palau,PLW,2014,1
Palau,PLW,2015,1
Palau,PLW,2016,1
Palau,PLW,2017,1
Palau,PLW,2018,1
Palau,PLW,2019,1
Palau,PLW,2020,1
Palau,PLW,2021,1
Palau,PLW,2022,1
Palestine,PSE,2012,0
Palestine,PSE,2013,0
Palestine,PSE,2014,0
Palestine,PSE,2015,0
Palestine,PSE,2016,0
Palestine,PSE,2017,0
Palestine,PSE,2018,0
Palestine,PSE,2019,0
Palestine,PSE,2020,0
Palestine,PSE,2021,0
Palestine,PSE,2022,0
Panama,PAN,2012,1
Panama,PAN,2013,1
Panama,PAN,2014,1
Panama,PAN,2015,1
Panama,PAN,2016,1
Panama,PAN,2017,1
Panama,PAN,2018,1
Panama,PAN,2019,1
Panama,PAN,2020,1
Panama,PAN,2021,1
Panama,PAN,2022,1
Papua New Guinea,PNG,2012,0
Papua New Guinea,PNG,2013,0
Papua New Guinea,PNG,2014,0
Papua New Guinea,PNG,2015,1
Papua New Guinea,PNG,2016,1
Papua New Guinea,PNG,2017,1
Papua New Guinea,PNG,2018,1
Papua New Guinea,PNG,2019,1
Papua New Guinea,PNG,2020,1
Papua New Guinea,PNG,2021,1
Papua New Guinea,PNG,2022,1
Paraguay,PRY,2012,1
Paraguay,PRY,2013,1
Paraguay,PRY,2014,1
Paraguay,PRY,2015,1
Paraguay,PRY,2016,1
Paraguay,PRY,2017,1
Paraguay,PRY,2018,1
Paraguay,PRY,2019,1
Paraguay,PRY,2020,1
Paraguay,PRY,2021,1
Paraguay,PRY,2022,1
Peru,PER,2012,1
Peru,PER,2013,1
Peru,PER,2014,1
Peru,PER,2015,1
Peru,PER,2016,1
Peru,PER,2017,1
Peru,PER,2018,1
Peru,PER,2019,1
Peru,PER,2020,1
Peru,PER,2021,1
Peru,PER,2022,1
Philippines,PHL,2012,1
Philippines,PHL,2013,1
Philippines,PHL,2014,1
Philippines,PHL,2015,1
Philippines,PHL,2016,1
Philippines,PHL,2017,1
Philippines,PHL,2018,1
Philippines,PHL,2019,1
Philippines,PHL,2020,1
Philippines,PHL,2021,1
Philippines,PHL,2022,1
Pitcairn,PCN,2012,0
Pitcairn,PCN,2013,0
Pitcairn,PCN,2014,0
Pitcairn,PCN,2015,0
Pitcairn,PCN,2016,0
Pitcairn,PCN,2017,0
Pitcairn,PCN,2018,0
Pitcairn,PCN,2019,0
Pitcairn,PCN,2020,0
Pitcairn,PCN,2021,0
Pitcairn,PCN,2022,0
Poland,POL,2012,1
Poland,POL,2013,1
Poland,POL,2014,1
Poland,POL,2015,1
Poland,POL,2016,1
Poland,POL,2017,1
Poland,POL,2018,1
Poland,POL,2019,1
Poland,POL,2020,1
Poland,POL,2021,1
Poland,POL,2022,1
Portugal,PRT,2012,1
Portugal,PRT,2013,1
Portugal,PRT,2014,1
Portugal,PRT,2015,1
Portugal,PRT,2016,1
Portugal,PRT,2017,1
Portugal,PRT,2018,1
Portugal,PRT,2019,1
Portugal,PRT,2020,1
Portugal,PRT,2021,1
Portugal,PRT,2022,1
Puerto Rico,PRI,2012,0
Puerto Rico,PRI,2013,0
Puerto Rico,PRI,2014,0
Puerto Rico,PRI,2015,0
Puerto Rico,PRI,2016,0
Puerto Rico,PRI,2017,0
Puerto Rico,PRI,2018,0
Puerto Rico,PRI,2019,0
Puerto Rico,PRI,2020,0
Puerto Rico,PRI,2021,0
Puerto Rico,PRI,2022,0
Qatar,QAT,2012,1
Qatar,QAT,2013,1
Qatar,QAT,2014,1
Qatar,QAT,2015,1
Qatar,QAT,2016,1
Qatar,QAT,2017,1
Qatar,QAT,2018,1
Qatar,QAT,2019,1
Qatar,QAT,2020,1
Qatar,QAT,2021,1
Qatar,QAT,2022,1
Reunion,REU,2012,0
Reunion,REU,2013,0
Reunion,REU,2014,0
Reunion,REU,2015,0
Reunion,REU,2016,0
Reunion,REU,2017,0
Reunion,REU,2018,0
Reunion,REU,2019,0
Reunion,REU,2020,0
Reunion,REU,2021,0
Reunion,REU,2022,0
Romania,ROU,2012,1
Romania,ROU,2013,1
Romania,ROU,2014,1
Romania,ROU,2015,1
Romania,ROU,2016,1
Romania,ROU,2017,1
Romania,ROU,2018,1
Romania,ROU,2019,1
Romania,ROU,2020,1
Romania,ROU,2021,1
Romania,ROU,2022,1
Russia,RUS,2012,0
Russia,RUS,2013,0
Russia,RUS,2014,0
Russia,RUS,2015,0
Russia,RUS,2016,0
Russia,RUS,2017,0
Russia,RUS,2018,0
Russia,RUS,2019,0
Russia,RUS,2020,0
Russia,RUS,2021,0
Russia,RUS,2022,1
Rwanda,RWA,2012,1
Rwanda,RWA,2013,1
Rwanda,RWA,2014,1
Rwanda,RWA,2015,1
Rwanda,RWA,2016,1
Rwanda,RWA,2017,1
Rwanda,RWA,2018,1
Rwanda,RWA,2019,1
Rwanda,RWA,2020,1
Rwanda,RWA,2021,1
Rwanda,RWA,2022,1
Saint Barthlemy,,2012,0
Saint Barthlemy,,2013,0
Saint Barthlemy,,2014,0
Saint Barthlemy,,2015,0
Saint Barthlemy,,2016,0
Saint Barthlemy,,2017,0
Saint Barthlemy,,2018,0
Saint Barthlemy,,2019,0
Saint Barthlemy,,2020,0
Saint Barthlemy,,2021,0
Saint Barthlemy,,2022,0
Saint Helena,SHN,2012,0
Saint Helena,SHN,2013,0
Saint Helena,SHN,2014,0
Saint Helena,SHN,2015,0
Saint Helena,SHN,2016,0
Saint Helena,SHN,2017,0
Saint Helena,SHN,2018,0
Saint Helena,SHN,2019,0
Saint Helena,SHN,2020,0
Saint Helena,SHN,2021,0
Saint Helena,SHN,2022,0
Saint Kitts and Nevis,KNA,2012,0
Saint Kitts and Nevis,KNA,2013,0
Saint Kitts and Nevis,KNA,2014,0
Saint Kitts and Nevis,KNA,2015,0
Saint Kitts and Nevis,KNA,2016,0
Saint Kitts and Nevis,KNA,2017,0
Saint Kitts and Nevis,KNA,2018,0
Saint Kitts and Nevis,KNA,2019,0
Saint Kitts and Nevis,KNA,2020,0
Saint Kitts and Nevis,KNA,2021,0
Saint Kitts and Nevis,KNA,2022,0
Saint Lucia,LCA,2012,1
Saint Lucia,LCA,2013,1
Saint Lucia,LCA,2014,1
Saint Lucia,LCA,2015,1
Saint Lucia,LCA,2016,1
Saint Lucia,LCA,2017,1
Saint Lucia,LCA,2018,1
Saint Lucia,LCA,2019,1
Saint Lucia,LCA,2020,1
Saint Lucia,LCA,2021,1
Saint Lucia,LCA,2022,1
Saint Martin (French part),MAF,2012,0
Saint Martin (French part),MAF,2013,0
Saint Martin (French part),MAF,2014,0
Saint Martin (French part),MAF,2015,0
Saint Martin (French part),MAF,2016,0
Saint Martin (French part),MAF,2017,0
Saint Martin (French part),MAF,2018,0
Saint Martin (French part),MAF,2019,0
Saint Martin (French part),MAF,2020,0
Saint Martin (French part),MAF,2021,0
Saint Martin (French part),MAF,2022,0
Saint Pierre and Miquelon,SPM,2012,0
Saint Pierre and Miquelon,SPM,2013,0
Saint Pierre and Miquelon,SPM,2014,0
Saint Pierre and Miquelon,SPM,2015,0
Saint Pierre and Miquelon,SPM,2016,0
Saint Pierre and Miquelon,SPM,2017,0
Saint Pierre and Miquelon,SPM,2018,0
Saint Pierre and Miquelon,SPM,2019,0
Saint Pierre and Miquelon,SPM,2020,0
Saint Pierre and Miquelon,SPM,2021,0
Saint Pierre and Miquelon,SPM,2022,0
Saint Vincent and the Grenadines,VCT,2012,0
Saint Vincent and the Grenadines,VCT,2013,0
Saint Vincent and the Grenadines,VCT,2014,0
Saint Vincent and the Grenadines,VCT,2015,0
Saint Vincent and the Grenadines,VCT,2016,0
Saint Vincent and the Grenadines,VCT,2017,0
Saint Vincent and the Grenadines,VCT,2018,0
Saint Vincent and the Grenadines,VCT,2019,0
Saint Vincent and the Grenadines,VCT,2020,0
Saint Vincent and the Grenadines,VCT,2021,0
Saint Vincent and the Grenadines,VCT,2022,0
Samoa,WSM,2012,1
Samoa,WSM,2013,1
Samoa,WSM,2014,1
Samoa,WSM,2015,1
Samoa,WSM,2016,1
Samoa,WSM,2017,1
Samoa,WSM,2018,1
Samoa,WSM,2019,1
Samoa,WSM,2020,1
Samoa,WSM,2021,1
Samoa,WSM,2022,1
San Marino,SMR,2012,0
San Marino,SMR,2013,0
San Marino,SMR,2014,0
San Marino,SMR,2015,0
San Marino,SMR,2016,0
San Marino,SMR,2017,0
San Marino,SMR,2018,0
San Marino,SMR,2019,0
San Marino,SMR,2020,0
San Marino,SMR,2021,0
San Marino,SMR,2022,0
Sao Tome and Principe,STP,2012,1
Sao Tome and Principe,STP,2013,1
Sao Tome and Principe,STP,2014,1
Sao Tome and Principe,STP,2015,1
Sao Tome and Principe,STP,2016,1
Sao Tome and Principe,STP,2017,1
Sao Tome and Principe,STP,2018,1
Sao Tome and Principe,STP,2019,1
Sao Tome and Principe,STP,2020,1
Sao Tome and Principe,STP,2021,1
Sao Tome and Principe,STP,2022,1
Saudi Arabia,SAU,2012,1
Saudi Arabia,SAU,2013,1
Saudi Arabia,SAU,2014,1
Saudi Arabia,SAU,2015,1
Saudi Arabia,SAU,2016,1
Saudi Arabia,SAU,2017,1
Saudi Arabia,SAU,2018,1
Saudi Arabia,SAU,2019,1
Saudi Arabia,SAU,2020,1
Saudi Arabia,SAU,2021,1
Saudi Arabia,SAU,2022,1
Senegal,SEN,2012,1
Senegal,SEN,2013,1
Senegal,SEN,2014,1
Senegal,SEN,2015,1
Senegal,SEN,2016,1
Senegal,SEN,2017,1
Senegal,SEN,2018,1
Senegal,SEN,2019,1
Senegal,SEN,2020,1
Senegal,SEN,2021,1
Senegal,SEN,2022,1
Serbia,SRB,2012,0
Serbia,SRB,2013,1
Serbia,SRB,2014,1
Serbia,SRB,2015,1
Serbia,SRB,2016,1
Serbia,SRB,2017,1
Serbia,SRB,2018,1
Serbia,SRB,2019,1
Serbia,SRB,2020,1
Serbia,SRB,2021,1
Serbia,SRB,2022,1
Seychelles,SYC,2012,1
Seychelles,SYC,2013,1
Seychelles,SYC,2014,1
Seychelles,SYC,2015,1
Seychelles,SYC,2016,1
Seychelles,SYC,2017,1
Seychelles,SYC,2018,1
Seychelles,SYC,2019,1
Seychelles,SYC,2020,1
Seychelles,SYC,2021,1
Seychelles,SYC,2022,1
Sierra Leone,SLE,2012,1
Sierra Leone,SLE,2013,1
Sierra Leone,SLE,2014,1
Sierra Leone,SLE,2015,1
Sierra Leone,SLE,2016,1
Sierra Leone,SLE,2017,1
Sierra Leone,SLE,2018,1
Sierra Leone,SLE,2019,1
Sierra Leone,SLE,2020,1
Sierra Leone,SLE,2021,1
Sierra Leone,SLE,2022,1
Singapore,SGP,2012,0
Singapore,SGP,2013,0
Singapore,SGP,2014,0
Singapore,SGP,2015,0
Singapore,SGP,2016,0
Singapore,SGP,2017,0
Singapore,SGP,2018,0
Singapore,SGP,2019,0
Singapore,SGP,2020,0
Singapore,SGP,2021,0
Singapore,SGP,2022,0
Sint Maarten (Dutch part),SXM,2012,0
Sint Maarten (Dutch part),SXM,2013,0
Sint Maarten (Dutch part),SXM,2014,0
Sint Maarten (Dutch part),SXM,2015,0
Sint Maarten (Dutch part),SXM,2016,0
Sint Maarten (Dutch part),SXM,2017,0
Sint Maarten (Dutch part),SXM,2018,0
Sint Maarten (Dutch part),SXM,2019,0
Sint Maarten (Dutch part),SXM,2020,0
Sint Maarten (Dutch part),SXM,2021,0
Sint Maarten (Dutch part),SXM,2022,0
Slovakia,SVK,2012,1
Slovakia,SVK,2013,1
Slovakia,SVK,2014,1
Slovakia,SVK,2015,1
Slovakia,SVK,2016,1
Slovakia,SVK,2017,1
Slovakia,SVK,2018,1
Slovakia,SVK,2019,1
Slovakia,SVK,2020,1
Slovakia,SVK,2021,1
Slovakia,SVK,2022,1
Slovenia,SVN,2012,1
Slovenia,SVN,2013,1
Slovenia,SVN,2014,1
Slovenia,SVN,2015,1
Slovenia,SVN,2016,1
Slovenia,SVN,2017,1
Slovenia,SVN,2018,1
Slovenia,SVN,2019,1
Slovenia,SVN,2020,1
Slovenia,SVN,2021,1
Slovenia,SVN,2022,1
Small Island Developing States (SIDS),,2012,14
Small Island Developing States (SIDS),,2013,14
Small Island Developing States (SIDS),,2014,15
Small Island Developing States (SIDS),,2015,17
Small Island Developing States (SIDS),,2016,19
Small Island Developing States (SIDS),,2017,20
Small Island Developing States (SIDS),,2018,20
Small Island Developing States (SIDS),,2019,20
Small Island Developing States (SIDS),,2020,20
Small Island Developing States (SIDS),,2021,20
Small Island Developing States (SIDS),,2022,20
Solomon Islands,SLB,2012,0
Solomon Islands,SLB,2013,0
Solomon Islands,SLB,2014,0
Solomon Islands,SLB,2015,0
Solomon Islands,SLB,2016,0
Solomon Islands,SLB,2017,0
Solomon Islands,SLB,2018,0
Solomon Islands,SLB,2019,0
Solomon Islands,SLB,2020,0
Solomon Islands,SLB,2021,0
Solomon Islands,SLB,2022,0
Somalia,SOM,2012,0
Somalia,SOM,2013,0
Somalia,SOM,2014,0
Somalia,SOM,2015,0
Somalia,SOM,2016,0
Somalia,SOM,2017,0
Somalia,SOM,2018,0
Somalia,SOM,2019,0
Somalia,SOM,2020,0
Somalia,SOM,2021,0
Somalia,SOM,2022,0
South Africa,ZAF,2012,0
South Africa,ZAF,2013,0
South Africa,ZAF,2014,0
South Africa,ZAF,2015,0
South Africa,ZAF,2016,0
South Africa,ZAF,2017,0
South Africa,ZAF,2018,0
South Africa,ZAF,2019,0
South Africa,ZAF,2020,0
South Africa,ZAF,2021,0
South Africa,ZAF,2022,0
South Georgia and the South Sandwich Islands,SGS,2012,0
South Georgia and the South Sandwich Islands,SGS,2013,0
South Georgia and the South Sandwich Islands,SGS,2014,0
South Georgia and the South Sandwich Islands,SGS,2015,0
South Georgia and the South Sandwich Islands,SGS,2016,0
South Georgia and the South Sandwich Islands,SGS,2017,0
South Georgia and the South Sandwich Islands,SGS,2018,0
South Georgia and the South Sandwich Islands,SGS,2019,0
South Georgia and the South Sandwich Islands,SGS,2020,0
South Georgia and the South Sandwich Islands,SGS,2021,0
South Georgia and the South Sandwich Islands,SGS,2022,0
South Korea,KOR,2012,1
South Korea,KOR,2013,1
South Korea,KOR,2014,1
South Korea,KOR,2015,1
South Korea,KOR,2016,1
South Korea,KOR,2017,1
South Korea,KOR,2018,1
South Korea,KOR,2019,1
South Korea,KOR,2020,1
South Korea,KOR,2021,1
South Korea,KOR,2022,1
South Sudan,SSD,2012,0
South Sudan,SSD,2013,0
South Sudan,SSD,2014,0
South Sudan,SSD,2015,0
South Sudan,SSD,2016,0
South Sudan,SSD,2017,0
South Sudan,SSD,2018,0
South Sudan,SSD,2019,0
South Sudan,SSD,2020,1
South Sudan,SSD,2021,1
South Sudan,SSD,2022,1
South-eastern Asia,,2012,6
South-eastern Asia,,2013,6
South-eastern Asia,,2014,6
South-eastern Asia,,2015,6
South-eastern Asia,,2016,6
South-eastern Asia,,2017,6
South-eastern Asia,,2018,6
South-eastern Asia,,2019,6
South-eastern Asia,,2020,6
South-eastern Asia,,2021,6
South-eastern Asia,,2022,6
Southern Asia,,2012,8
Southern Asia,,2013,9
Southern Asia,,2014,9
Southern Asia,,2015,9
Southern Asia,,2016,9
Southern Asia,,2017,9
Southern Asia,,2018,9
Southern Asia,,2019,9
Southern Asia,,2020,9
Southern Asia,,2021,9
Southern Asia,,2022,9
Spain,ESP,2012,1
Spain,ESP,2013,1
Spain,ESP,2014,1
Spain,ESP,2015,1
Spain,ESP,2016,1
Spain,ESP,2017,1
Spain,ESP,2018,1
Spain,ESP,2019,1
Spain,ESP,2020,1
Spain,ESP,2021,1
Spain,ESP,2022,1
Sri Lanka,LKA,2012,0
Sri Lanka,LKA,2013,1
Sri Lanka,LKA,2014,1
Sri Lanka,LKA,2015,1
Sri Lanka,LKA,2016,1
Sri Lanka,LKA,2017,1
Sri Lanka,LKA,2018,1
Sri Lanka,LKA,2019,1
Sri Lanka,LKA,2020,1
Sri Lanka,LKA,2021,1
Sri Lanka,LKA,2022,1
Sub-Saharan Africa,,2012,37
Sub-Saharan Africa,,2013,38
Sub-Saharan Africa,,2014,38
Sub-Saharan Africa,,2015,38
Sub-Saharan Africa,,2016,38
Sub-Saharan Africa,,2017,38
Sub-Saharan Africa,,2018,38
Sub-Saharan Africa,,2019,38
Sub-Saharan Africa,,2020,40
Sub-Saharan Africa,,2021,40
Sub-Saharan Africa,,2022,40
Sudan,SDN,2012,1
Sudan,SDN,2013,1
Sudan,SDN,2014,1
Sudan,SDN,2015,1
Sudan,SDN,2016,1
Sudan,SDN,2017,1
Sudan,SDN,2018,1
Sudan,SDN,2019,1
Sudan,SDN,2020,1
Sudan,SDN,2021,1
Sudan,SDN,2022,1
Suriname,SUR,2012,0
Suriname,SUR,2013,0
Suriname,SUR,2014,0
Suriname,SUR,2015,0
Suriname,SUR,2016,0
Suriname,SUR,2017,0
Suriname,SUR,2018,0
Suriname,SUR,2019,0
Suriname,SUR,2020,0
Suriname,SUR,2021,0
Suriname,SUR,2022,0
Svalbard and Jan Mayen,SJM,2012,0
Svalbard and Jan Mayen,SJM,2013,0
Svalbard and Jan Mayen,SJM,2014,0
Svalbard and Jan Mayen,SJM,2015,0
Svalbard and Jan Mayen,SJM,2016,0
Svalbard and Jan Mayen,SJM,2017,0
Svalbard and Jan Mayen,SJM,2018,0
Svalbard and Jan Mayen,SJM,2019,0
Svalbard and Jan Mayen,SJM,2020,0
Svalbard and Jan Mayen,SJM,2021,0
Svalbard and Jan Mayen,SJM,2022,0
Sweden,SWE,2012,1
Sweden,SWE,2013,1
Sweden,SWE,2014,1
Sweden,SWE,2015,1
Sweden,SWE,2016,1
Sweden,SWE,2017,1
Sweden,SWE,2018,1
Sweden,SWE,2019,1
Sweden,SWE,2020,1
Sweden,SWE,2021,1
Sweden,SWE,2022,1
Switzerland,CHE,2012,1
Switzerland,CHE,2013,1
Switzerland,CHE,2014,1
Switzerland,CHE,2015,1
Switzerland,CHE,2016,1
Switzerland,CHE,2017,1
Switzerland,CHE,2018,1
Switzerland,CHE,2019,1
Switzerland,CHE,2020,1
Switzerland,CHE,2021,1
Switzerland,CHE,2022,1
Syria,SYR,2012,1
Syria,SYR,2013,1
Syria,SYR,2014,1
Syria,SYR,2015,1
Syria,SYR,2016,1
Syria,SYR,2017,1
Syria,SYR,2018,1
Syria,SYR,2019,1
Syria,SYR,2020,1
Syria,SYR,2021,1
Syria,SYR,2022,1
Tajikistan,TJK,2012,0
Tajikistan,TJK,2013,0
Tajikistan,TJK,2014,0
Tajikistan,TJK,2015,0
Tajikistan,TJK,2016,0
Tajikistan,TJK,2017,0
Tajikistan,TJK,2018,0
Tajikistan,TJK,2019,0
Tajikistan,TJK,2020,0
Tajikistan,TJK,2021,0
Tajikistan,TJK,2022,0
Tanzania,TZA,2012,1
Tanzania,TZA,2013,1
Tanzania,TZA,2014,1
Tanzania,TZA,2015,1
Tanzania,TZA,2016,1
Tanzania,TZA,2017,1
Tanzania,TZA,2018,1
Tanzania,TZA,2019,1
Tanzania,TZA,2020,1
Tanzania,TZA,2021,1
Tanzania,TZA,2022,1
Thailand,THA,2012,0
Thailand,THA,2013,0
Thailand,THA,2014,0
Thailand,THA,2015,0
Thailand,THA,2016,0
Thailand,THA,2017,0
Thailand,THA,2018,0
Thailand,THA,2019,0
Thailand,THA,2020,0
Thailand,THA,2021,0
Thailand,THA,2022,0
Timor,TLS,2012,0
Timor,TLS,2013,0
Timor,TLS,2014,0
Timor,TLS,2015,0
Timor,TLS,2016,0
Timor,TLS,2017,0
Timor,TLS,2018,0
Timor,TLS,2019,0
Timor,TLS,2020,0
Timor,TLS,2021,0
Timor,TLS,2022,0
Togo,TGO,2012,1
Togo,TGO,2013,1
Togo,TGO,2014,1
Togo,TGO,2015,1
Togo,TGO,2016,1
Togo,TGO,2017,1
Togo,TGO,2018,1
Togo,TGO,2019,1
Togo,TGO,2020,1
Togo,TGO,2021,1
Togo,TGO,2022,1
Tokelau,TKL,2012,0
Tokelau,TKL,2013,0
Tokelau,TKL,2014,0
Tokelau,TKL,2015,0
Tokelau,TKL,2016,0
Tokelau,TKL,2017,0
Tokelau,TKL,2018,0
Tokelau,TKL,2019,0
Tokelau,TKL,2020,0
Tokelau,TKL,2021,0
Tokelau,TKL,2022,0
Tonga,TON,2012,0
Tonga,TON,2013,0
Tonga,TON,2014,0
Tonga,TON,2015,1
Tonga,TON,2016,1
Tonga,TON,2017,1
Tonga,TON,2018,1
Tonga,TON,2019,1
Tonga,TON,2020,1
Tonga,TON,2021,1
Tonga,TON,2022,1
Trinidad and Tobago,TTO,2012,1
Trinidad and Tobago,TTO,2013,1
Trinidad and Tobago,TTO,2014,1
Trinidad and Tobago,TTO,2015,1
Trinidad and Tobago,TTO,2016,1
Trinidad and Tobago,TTO,2017,1
Trinidad and Tobago,TTO,2018,1
Trinidad and Tobago,TTO,2019,1
Trinidad and Tobago,TTO,2020,1
Trinidad and Tobago,TTO,2021,1
Trinidad and Tobago,TTO,2022,1
Tunisia,TUN,2012,1
Tunisia,TUN,2013,1
Tunisia,TUN,2014,1
Tunisia,TUN,2015,1
Tunisia,TUN,2016,1
Tunisia,TUN,2017,1
Tunisia,TUN,2018,1
Tunisia,TUN,2019,1
Tunisia,TUN,2020,1
Tunisia,TUN,2021,1
Tunisia,TUN,2022,1
Turkey,TUR,2012,1
Turkey,TUR,2013,1
Turkey,TUR,2014,1
Turkey,TUR,2015,1
Turkey,TUR,2016,1
Turkey,TUR,2017,1
Turkey,TUR,2018,1
Turkey,TUR,2019,1
Turkey,TUR,2020,1
Turkey,TUR,2021,1
Turkey,TUR,2022,1
Turkmenistan,TKM,2012,0
Turkmenistan,TKM,2013,0
Turkmenistan,TKM,2014,0
Turkmenistan,TKM,2015,0
Turkmenistan,TKM,2016,0
Turkmenistan,TKM,2017,0
Turkmenistan,TKM,2018,0
Turkmenistan,TKM,2019,0
Turkmenistan,TKM,2020,0
Turkmenistan,TKM,2021,0
Turkmenistan,TKM,2022,0
Turks and Caicos Islands,TCA,2012,0
Turks and Caicos Islands,TCA,2013,0
Turks and Caicos Islands,TCA,2014,0
Turks and Caicos Islands,TCA,2015,0
Turks and Caicos Islands,TCA,2016,0
Turks and Caicos Islands,TCA,2017,0
Turks and Caicos Islands,TCA,2018,0
Turks and Caicos Islands,TCA,2019,0
Turks and Caicos Islands,TCA,2020,0
Turks and Caicos Islands,TCA,2021,0
Turks and Caicos Islands,TCA,2022,0
Tuvalu,TUV,2012,0
Tuvalu,TUV,2013,0
Tuvalu,TUV,2014,0
Tuvalu,TUV,2015,0
Tuvalu,TUV,2016,1
Tuvalu,TUV,2017,1
Tuvalu,TUV,2018,1
Tuvalu,TUV,2019,1
Tuvalu,TUV,2020,1
Tuvalu,TUV,2021,1
Tuvalu,TUV,2022,1
Uganda,UGA,2012,1
Uganda,UGA,2013,1
Uganda,UGA,2014,1
Uganda,UGA,2015,1
Uganda,UGA,2016,1
Uganda,UGA,2017,1
Uganda,UGA,2018,1
Uganda,UGA,2019,1
Uganda,UGA,2020,1
Uganda,UGA,2021,1
Uganda,UGA,2022,1
Ukraine,UKR,2012,0
Ukraine,UKR,2013,0
Ukraine,UKR,2014,0
Ukraine,UKR,2015,0
Ukraine,UKR,2016,0
Ukraine,UKR,2017,0
Ukraine,UKR,2018,0
Ukraine,UKR,2019,0
Ukraine,UKR,2020,0
Ukraine,UKR,2021,0
Ukraine,UKR,2022,0
United Arab Emirates,ARE,2012,1
United Arab Emirates,ARE,2013,1
United Arab Emirates,ARE,2014,1
United Arab Emirates,ARE,2015,1
United Arab Emirates,ARE,2016,1
United Arab Emirates,ARE,2017,1
United Arab Emirates,ARE,2018,1
United Arab Emirates,ARE,2019,1
United Arab Emirates,ARE,2020,1
United Arab Emirates,ARE,2021,1
United Arab Emirates,ARE,2022,1
United Kingdom,GBR,2012,1
United Kingdom,GBR,2013,1
United Kingdom,GBR,2014,1
United Kingdom,GBR,2015,1
United Kingdom,GBR,2016,1
United Kingdom,GBR,2017,1
United Kingdom,GBR,2018,1
United Kingdom,GBR,2019,1
United Kingdom,GBR,2020,1
United Kingdom,GBR,2021,1
United Kingdom,GBR,2022,1
United States,USA,2012,0
United States,USA,2013,0
United States,USA,2014,0
United States,USA,2015,0
United States,USA,2016,0
United States,USA,2017,1
United States,USA,2018,1
United States,USA,2019,1
United States,USA,2020,1
United States,USA,2021,1
United States,USA,2022,1
United States Minor Outlying Islands,UMI,2012,0
United States Minor Outlying Islands,UMI,2013,0
United States Minor Outlying Islands,UMI,2014,0
United States Minor Outlying Islands,UMI,2015,0
United States Minor Outlying Islands,UMI,2016,0
United States Minor Outlying Islands,UMI,2017,0
United States Minor Outlying Islands,UMI,2018,0
United States Minor Outlying Islands,UMI,2019,0
United States Minor Outlying Islands,UMI,2020,0
United States Minor Outlying Islands,UMI,2021,0
United States Minor Outlying Islands,UMI,2022,0
United States Virgin Islands,VIR,2012,0
United States Virgin Islands,VIR,2013,0
United States Virgin Islands,VIR,2014,0
United States Virgin Islands,VIR,2015,0
United States Virgin Islands,VIR,2016,0
United States Virgin Islands,VIR,2017,0
United States Virgin Islands,VIR,2018,0
United States Virgin Islands,VIR,2019,0
United States Virgin Islands,VIR,2020,0
United States Virgin Islands,VIR,2021,0
United States Virgin Islands,VIR,2022,0
Uruguay,URY,2012,1
Uruguay,URY,2013,1
Uruguay,URY,2014,1
Uruguay,URY,2015,1
Uruguay,URY,2016,1
Uruguay,URY,2017,1
Uruguay,URY,2018,1
Uruguay,URY,2019,1
Uruguay,URY,2020,1
Uruguay,URY,2021,1
Uruguay,URY,2022,1
Uzbekistan,UZB,2012,0
Uzbekistan,UZB,2013,0
Uzbekistan,UZB,2014,0
Uzbekistan,UZB,2015,0
Uzbekistan,UZB,2016,0
Uzbekistan,UZB,2017,0
Uzbekistan,UZB,2018,0
Uzbekistan,UZB,2019,0
Uzbekistan,UZB,2020,0
Uzbekistan,UZB,2021,0
Uzbekistan,UZB,2022,0
Vanuatu,VUT,2012,0
Vanuatu,VUT,2013,0
Vanuatu,VUT,2014,0
Vanuatu,VUT,2015,0
Vanuatu,VUT,2016,0
Vanuatu,VUT,2017,0
Vanuatu,VUT,2018,0
Vanuatu,VUT,2019,0
Vanuatu,VUT,2020,0
Vanuatu,VUT,2021,0
Vanuatu,VUT,2022,0
Vatican,VAT,2012,0
Vatican,VAT,2013,0
Vatican,VAT,2014,0
Vatican,VAT,2015,0
Vatican,VAT,2016,0
Vatican,VAT,2017,0
Vatican,VAT,2018,0
Vatican,VAT,2019,0
Vatican,VAT,2020,0
Vatican,VAT,2021,0
Vatican,VAT,2022,0
Venezuela,VEN,2012,1
Venezuela,VEN,2013,1
Venezuela,VEN,2014,1
Venezuela,VEN,2015,1
Venezuela,VEN,2016,1
Venezuela,VEN,2017,1
Venezuela,VEN,2018,1
Venezuela,VEN,2019,1
Venezuela,VEN,2020,1
Venezuela,VEN,2021,1
Venezuela,VEN,2022,1
Vietnam,VNM,2012,0
Vietnam,VNM,2013,0
Vietnam,VNM,2014,0
Vietnam,VNM,2015,0
Vietnam,VNM,2016,0
Vietnam,VNM,2017,0
Vietnam,VNM,2018,0
Vietnam,VNM,2019,0
Vietnam,VNM,2020,0
Vietnam,VNM,2021,0
Vietnam,VNM,2022,0
Wallis and Futuna,WLF,2012,0
Wallis and Futuna,WLF,2013,0
Wallis and Futuna,WLF,2014,0
Wallis and Futuna,WLF,2015,0
Wallis and Futuna,WLF,2016,0
Wallis and Futuna,WLF,2017,0
Wallis and Futuna,WLF,2018,0
Wallis and Futuna,WLF,2019,0
Wallis and Futuna,WLF,2020,0
Wallis and Futuna,WLF,2021,0
Wallis and Futuna,WLF,2022,0
Western Asia,,2012,12
Western Asia,,2013,12
Western Asia,,2014,13
Western Asia,,2015,13
Western Asia,,2016,13
Western Asia,,2017,13
Western Asia,,2018,13
Western Asia,,2019,15
Western Asia,,2020,15
Western Asia,,2021,15
Western Asia,,2022,15
Western Sahara,ESH,2012,0
Western Sahara,ESH,2013,0
Western Sahara,ESH,2014,0
Western Sahara,ESH,2015,0
Western Sahara,ESH,2016,0
Western Sahara,ESH,2017,0
Western Sahara,ESH,2018,0
Western Sahara,ESH,2019,0
Western Sahara,ESH,2020,0
Western Sahara,ESH,2021,0
Western Sahara,ESH,2022,0
World,OWID_WRL,2012,126
World,OWID_WRL,2013,130
World,OWID_WRL,2014,132
World,OWID_WRL,2015,135
World,OWID_WRL,2016,140
World,OWID_WRL,2017,143
World,OWID_WRL,2018,144
World,OWID_WRL,2019,146
World,OWID_WRL,2020,148
World,OWID_WRL,2021,148
World,OWID_WRL,2022,148
Yemen,YEM,2012,1
Yemen,YEM,2013,1
Yemen,YEM,2014,1
Yemen,YEM,2015,1
Yemen,YEM,2016,1
Yemen,YEM,2017,1
Yemen,YEM,2018,1
Yemen,YEM,2019,1
Yemen,YEM,2020,1
Yemen,YEM,2021,1
Yemen,YEM,2022,1
Zambia,ZMB,2012,1
Zambia,ZMB,2013,1
Zambia,ZMB,2014,1
Zambia,ZMB,2015,1
Zambia,ZMB,2016,1
Zambia,ZMB,2017,1
Zambia,ZMB,2018,1
Zambia,ZMB,2019,1
Zambia,ZMB,2020,1
Zambia,ZMB,2021,1
Zambia,ZMB,2022,1
Zimbabwe,ZWE,2012,1
Zimbabwe,ZWE,2013,1
Zimbabwe,ZWE,2014,1
Zimbabwe,ZWE,2015,1
Zimbabwe,ZWE,2016,1
Zimbabwe,ZWE,2017,1
Zimbabwe,ZWE,2018,1
Zimbabwe,ZWE,2019,1
Zimbabwe,ZWE,2020,1
Zimbabwe,ZWE,2021,1
Zimbabwe,ZWE,2022,1