Entity,Code,Year,"4.b.1 - Total official flows for scholarships, by recipient countries (millions of constant 2019 United States dollars) - DC_TOF_SCHIPSL"
Afghanistan,AFG,2006,400000
Afghanistan,AFG,2007,400000
Afghanistan,AFG,2008,1100000
Afghanistan,AFG,2009,2900000
Afghanistan,AFG,2010,4000000
Afghanistan,AFG,2011,4800000
Afghanistan,AFG,2012,8100000
Afghanistan,AFG,2013,16200000
Afghanistan,AFG,2014,8100000
Afghanistan,AFG,2015,7400000
Afghanistan,AFG,2016,8800000
Afghanistan,AFG,2017,9000000
Afghanistan,AFG,2018,11600000
Afghanistan,AFG,2019,19900000
Africa,,2006,44724110
Africa,,2007,51877350
Africa,,2008,95437300
Africa,,2009,137520240
Africa,,2010,139322960
Africa,,2011,98238600
Africa,,2012,121795960
Africa,,2013,203541340
Africa,,2014,185662550
Africa,,2015,203965480
Africa,,2016,183194900
Africa,,2017,270225130
Africa,,2018,238549150
Africa,,2019,341314020
Albania,ALB,2006,1100000
Albania,ALB,2007,1000000
Albania,ALB,2008,1600000
Albania,ALB,2009,2100000
Albania,ALB,2010,1900000
Albania,ALB,2011,2400000
Albania,ALB,2012,2100000
Albania,ALB,2013,3200000
Albania,ALB,2014,2700000
Albania,ALB,2015,3800000
Albania,ALB,2016,2900000
Albania,ALB,2017,5100000
Albania,ALB,2018,6300000
Albania,ALB,2019,10900000
Algeria,DZA,2006,1900000
Algeria,DZA,2007,1900000
Algeria,DZA,2008,5200000
Algeria,DZA,2009,7100000
Algeria,DZA,2010,7300000
Algeria,DZA,2011,1900000
Algeria,DZA,2012,5200000
Algeria,DZA,2013,18800000
Algeria,DZA,2014,18600000
Algeria,DZA,2015,15200000
Algeria,DZA,2016,15900000
Algeria,DZA,2017,19900000
Algeria,DZA,2018,19900000
Algeria,DZA,2019,20800000
Angola,AGO,2006,1200000
Angola,AGO,2007,1100000
Angola,AGO,2008,1500000
Angola,AGO,2009,1600000
Angola,AGO,2010,1500000
Angola,AGO,2011,1100000
Angola,AGO,2012,1600000
Angola,AGO,2013,1900000
Angola,AGO,2014,1900000
Angola,AGO,2015,1900000
Angola,AGO,2016,2000000
Angola,AGO,2017,2800000
Angola,AGO,2018,3200000
Angola,AGO,2019,3900000
Anguilla,AIA,2012,0
Antigua and Barbuda,ATG,2006,0
Antigua and Barbuda,ATG,2007,0
Antigua and Barbuda,ATG,2008,0
Antigua and Barbuda,ATG,2009,100000
Antigua and Barbuda,ATG,2010,0
Antigua and Barbuda,ATG,2011,0
Antigua and Barbuda,ATG,2012,0
Antigua and Barbuda,ATG,2013,100000
Antigua and Barbuda,ATG,2014,100000
Antigua and Barbuda,ATG,2015,100000
Antigua and Barbuda,ATG,2016,0
Antigua and Barbuda,ATG,2017,0
Antigua and Barbuda,ATG,2018,100000
Antigua and Barbuda,ATG,2019,200000
Argentina,ARG,2006,200000
Argentina,ARG,2007,1300000
Argentina,ARG,2008,4500000
Argentina,ARG,2009,6700000
Argentina,ARG,2010,6500000
Argentina,ARG,2011,4099999.9999999995
Argentina,ARG,2012,7200000
Argentina,ARG,2013,7200000
Argentina,ARG,2014,5200000
Argentina,ARG,2015,3800000
Argentina,ARG,2016,2300000
Argentina,ARG,2017,4700000
Argentina,ARG,2018,4000000
Argentina,ARG,2019,4400000
Armenia,ARM,2006,500000
Armenia,ARM,2007,500000
Armenia,ARM,2008,1100000
Armenia,ARM,2009,1900000
Armenia,ARM,2010,1600000
Armenia,ARM,2011,1400000
Armenia,ARM,2012,1600000
Armenia,ARM,2013,5100000
Armenia,ARM,2014,4600000
Armenia,ARM,2015,3700000
Armenia,ARM,2016,3600000
Armenia,ARM,2017,6400000
Armenia,ARM,2018,4700000
Armenia,ARM,2019,5700000
Asia,,2006,179780510
Asia,,2007,337513880
Asia,,2008,359456210
Asia,,2009,531655009.99999994
Asia,,2010,634929870
Asia,,2011,654212150
Asia,,2012,471854540
Asia,,2013,449399960
Asia,,2014,433443460
Asia,,2015,382596820
Asia,,2016,345234340
Asia,,2017,320085390
Asia,,2018,433424950
Asia,,2019,529988809.99999994
Azerbaijan,AZE,2006,100000
Azerbaijan,AZE,2007,200000
Azerbaijan,AZE,2008,800000
Azerbaijan,AZE,2009,1300000
Azerbaijan,AZE,2010,1600000
Azerbaijan,AZE,2011,1800000
Azerbaijan,AZE,2012,1400000
Azerbaijan,AZE,2013,2400000
Azerbaijan,AZE,2014,1900000
Azerbaijan,AZE,2015,1900000
Azerbaijan,AZE,2016,2400000
Azerbaijan,AZE,2017,3700000
Azerbaijan,AZE,2018,5600000
Azerbaijan,AZE,2019,11800000
Bangladesh,BGD,2006,6700000
Bangladesh,BGD,2007,6500000
Bangladesh,BGD,2008,8500000
Bangladesh,BGD,2009,16300000
Bangladesh,BGD,2010,18000000
Bangladesh,BGD,2011,21600000
Bangladesh,BGD,2012,19200000
Bangladesh,BGD,2013,19300000
Bangladesh,BGD,2014,19200000
Bangladesh,BGD,2015,14100000
Bangladesh,BGD,2016,9600000
Bangladesh,BGD,2017,13800000
Bangladesh,BGD,2018,11000000
Bangladesh,BGD,2019,16200000
Barbados,BRB,2008,100000
Barbados,BRB,2009,200000
Barbados,BRB,2010,0
Belarus,BLR,2006,100000
Belarus,BLR,2007,100000
Belarus,BLR,2008,2300000
Belarus,BLR,2009,3300000
Belarus,BLR,2010,2000000
Belarus,BLR,2011,2300000
Belarus,BLR,2012,4200000
Belarus,BLR,2013,8000000
Belarus,BLR,2014,6800000
Belarus,BLR,2015,10500000
Belarus,BLR,2016,7800000
Belarus,BLR,2017,6300000
Belarus,BLR,2018,3200000
Belarus,BLR,2019,3400000
Belize,BLZ,2008,0
Belize,BLZ,2009,200000
Belize,BLZ,2010,100000
Belize,BLZ,2011,100000
Belize,BLZ,2012,300000
Belize,BLZ,2013,200000
Belize,BLZ,2014,300000
Belize,BLZ,2015,400000
Belize,BLZ,2016,100000
Belize,BLZ,2017,500000
Belize,BLZ,2018,400000
Belize,BLZ,2019,400000
Benin,BEN,2006,1000000
Benin,BEN,2007,1500000
Benin,BEN,2008,1900000
Benin,BEN,2009,2500000
Benin,BEN,2010,1200000
Benin,BEN,2011,900000
Benin,BEN,2012,1400000
Benin,BEN,2013,2300000
Benin,BEN,2014,1800000
Benin,BEN,2015,2000000
Benin,BEN,2016,2700000
Benin,BEN,2017,1700000
Benin,BEN,2018,2300000
Benin,BEN,2019,4600000
Bhutan,BTN,2006,1200000
Bhutan,BTN,2007,1900000
Bhutan,BTN,2008,2300000
Bhutan,BTN,2009,4200000
Bhutan,BTN,2010,4300000
Bhutan,BTN,2011,5500000
Bhutan,BTN,2012,9300000
Bhutan,BTN,2013,7900000
Bhutan,BTN,2014,7000000
Bhutan,BTN,2015,6200000
Bhutan,BTN,2016,2900000
Bhutan,BTN,2017,3600000
Bhutan,BTN,2018,2400000
Bhutan,BTN,2019,2100000
Bolivia,BOL,2006,500000
Bolivia,BOL,2007,1600000
Bolivia,BOL,2008,2600000
Bolivia,BOL,2009,3600000
Bolivia,BOL,2010,1800000
Bolivia,BOL,2011,1700000
Bolivia,BOL,2012,1300000
Bolivia,BOL,2013,1400000
Bolivia,BOL,2014,1300000
Bolivia,BOL,2015,1200000
Bolivia,BOL,2016,1500000
Bolivia,BOL,2017,1700000
Bolivia,BOL,2018,2000000
Bolivia,BOL,2019,1500000
Bosnia and Herzegovina,BIH,2006,400000
Bosnia and Herzegovina,BIH,2007,300000
Bosnia and Herzegovina,BIH,2008,900000
Bosnia and Herzegovina,BIH,2009,900000
Bosnia and Herzegovina,BIH,2010,1200000
Bosnia and Herzegovina,BIH,2011,1400000
Bosnia and Herzegovina,BIH,2012,1600000
Bosnia and Herzegovina,BIH,2013,2000000
Bosnia and Herzegovina,BIH,2014,1900000
Bosnia and Herzegovina,BIH,2015,2100000
Bosnia and Herzegovina,BIH,2016,1700000
Bosnia and Herzegovina,BIH,2017,2700000
Bosnia and Herzegovina,BIH,2018,4000000
Bosnia and Herzegovina,BIH,2019,5000000
Botswana,BWA,2006,0
Botswana,BWA,2007,100000
Botswana,BWA,2008,300000
Botswana,BWA,2009,600000
Botswana,BWA,2010,700000
Botswana,BWA,2011,1900000
Botswana,BWA,2012,1200000
Botswana,BWA,2013,1600000
Botswana,BWA,2014,1100000
Botswana,BWA,2015,1800000
Botswana,BWA,2016,1100000
Botswana,BWA,2017,1300000
Botswana,BWA,2018,1400000
Botswana,BWA,2019,1300000
Brazil,BRA,2006,1000000
Brazil,BRA,2007,1400000
Brazil,BRA,2008,11500000
Brazil,BRA,2009,17400000
Brazil,BRA,2010,17100000
Brazil,BRA,2011,18300000
Brazil,BRA,2012,20900000
Brazil,BRA,2013,20400000
Brazil,BRA,2014,18100000
Brazil,BRA,2015,14900000
Brazil,BRA,2016,12300000
Brazil,BRA,2017,15800000
Brazil,BRA,2018,14800000
Brazil,BRA,2019,18200000
Burkina Faso,BFA,2006,1300000
Burkina Faso,BFA,2007,1000000
Burkina Faso,BFA,2008,1100000
Burkina Faso,BFA,2009,2300000
Burkina Faso,BFA,2010,8400000
Burkina Faso,BFA,2011,500000
Burkina Faso,BFA,2012,1800000
Burkina Faso,BFA,2013,2100000
Burkina Faso,BFA,2014,1700000
Burkina Faso,BFA,2015,1400000
Burkina Faso,BFA,2016,1400000
Burkina Faso,BFA,2017,1800000
Burkina Faso,BFA,2018,2600000
Burkina Faso,BFA,2019,4900000
Burundi,BDI,2006,1400000
Burundi,BDI,2007,1800000
Burundi,BDI,2008,1700000
Burundi,BDI,2009,2100000
Burundi,BDI,2010,1700000
Burundi,BDI,2011,1500000
Burundi,BDI,2012,1400000
Burundi,BDI,2013,1500000
Burundi,BDI,2014,1000000
Burundi,BDI,2015,1100000
Burundi,BDI,2016,900000
Burundi,BDI,2017,1300000
Burundi,BDI,2018,1600000
Burundi,BDI,2019,3100000
Cambodia,KHM,2006,5100000
Cambodia,KHM,2007,8600000
Cambodia,KHM,2008,4500000
Cambodia,KHM,2009,14300000
Cambodia,KHM,2010,9800000
Cambodia,KHM,2011,13000000
Cambodia,KHM,2012,14100000
Cambodia,KHM,2013,15700000
Cambodia,KHM,2014,24000000
Cambodia,KHM,2015,13400000
Cambodia,KHM,2016,12700000
Cambodia,KHM,2017,13000000
Cambodia,KHM,2018,13800000
Cambodia,KHM,2019,14500000
Cameroon,CMR,2006,800000
Cameroon,CMR,2007,700000
Cameroon,CMR,2008,3200000
Cameroon,CMR,2009,4800000
Cameroon,CMR,2010,3400000
Cameroon,CMR,2011,2900000
Cameroon,CMR,2012,3400000
Cameroon,CMR,2013,8700000
Cameroon,CMR,2014,7800000
Cameroon,CMR,2015,8600000
Cameroon,CMR,2016,8100000
Cameroon,CMR,2017,10000000
Cameroon,CMR,2018,9500000
Cameroon,CMR,2019,13900000
Cape Verde,CPV,2006,1800000
Cape Verde,CPV,2007,1900000
Cape Verde,CPV,2008,2100000
Cape Verde,CPV,2009,2100000
Cape Verde,CPV,2010,1600000
Cape Verde,CPV,2011,1400000
Cape Verde,CPV,2012,3700000
Cape Verde,CPV,2013,2800000
Cape Verde,CPV,2014,2100000
Cape Verde,CPV,2015,1600000
Cape Verde,CPV,2016,1300000
Cape Verde,CPV,2017,2200000
Cape Verde,CPV,2018,1900000
Cape Verde,CPV,2019,2500000
Caribbean,,2006,1991310
Caribbean,,2007,2075110
Caribbean,,2008,3881920
Caribbean,,2009,8022060
Caribbean,,2010,23805480
Caribbean,,2011,2564510
Caribbean,,2012,6202670
Caribbean,,2013,6828660
Caribbean,,2014,7798960
Caribbean,,2015,8202270
Caribbean,,2016,5623370
Caribbean,,2017,9167450
Caribbean,,2018,9346130
Caribbean,,2019,10389470
Caucasus and Central Asia,,2006,4729380
Caucasus and Central Asia,,2007,5585340
Caucasus and Central Asia,,2008,11887220
Caucasus and Central Asia,,2009,16458850.000000002
Caucasus and Central Asia,,2010,17554810
Caucasus and Central Asia,,2011,23090430
Caucasus and Central Asia,,2012,20225310
Caucasus and Central Asia,,2013,28061980
Caucasus and Central Asia,,2014,24607930
Caucasus and Central Asia,,2015,22799290
Caucasus and Central Asia,,2016,22894540
Caucasus and Central Asia,,2017,31496360
Caucasus and Central Asia,,2018,29005730
Caucasus and Central Asia,,2019,58047030
Central African Republic,CAF,2006,500000
Central African Republic,CAF,2007,400000
Central African Republic,CAF,2008,900000
Central African Republic,CAF,2009,1100000
Central African Republic,CAF,2010,1100000
Central African Republic,CAF,2011,200000
Central African Republic,CAF,2012,800000
Central African Republic,CAF,2013,1600000
Central African Republic,CAF,2014,1300000
Central African Republic,CAF,2015,1100000
Central African Republic,CAF,2016,1200000
Central African Republic,CAF,2017,1600000
Central African Republic,CAF,2018,2300000
Central African Republic,CAF,2019,3200000
Central America,,2006,14396070
Central America,,2007,14265620
Central America,,2008,24471350
Central America,,2009,19730670
Central America,,2010,11014890
Central America,,2011,12396580
Central America,,2012,15114740
Central America,,2013,15873200
Central America,,2014,13573640
Central America,,2015,15234780
Central America,,2016,7724820
Central America,,2017,12972170
Central America,,2018,13512260
Central America,,2019,15351830
Central Asia,,2006,3622800
Central Asia,,2007,4505390
Central Asia,,2008,8851560
Central Asia,,2009,10695490
Central Asia,,2010,12401650
Central Asia,,2011,17188770
Central Asia,,2012,14867780
Central Asia,,2013,14990570
Central Asia,,2014,14231110
Central Asia,,2015,13644280
Central Asia,,2016,13475150
Central Asia,,2017,16318280.000000002
Central Asia,,2018,13319120
Central Asia,,2019,33908230
Chad,TCD,2006,1200000
Chad,TCD,2007,900000
Chad,TCD,2008,1500000
Chad,TCD,2009,1600000
Chad,TCD,2010,1200000
Chad,TCD,2011,100000
Chad,TCD,2012,1100000
Chad,TCD,2013,1400000
Chad,TCD,2014,1200000
Chad,TCD,2015,1300000
Chad,TCD,2016,1300000
Chad,TCD,2017,1400000
Chad,TCD,2018,2200000
Chad,TCD,2019,5200000
Chile,CHL,2006,600000
Chile,CHL,2007,1500000
Chile,CHL,2008,4000000
Chile,CHL,2009,6200000
Chile,CHL,2010,3700000
Chile,CHL,2011,4000000
Chile,CHL,2012,4200000
Chile,CHL,2013,3700000
Chile,CHL,2014,3400000
Chile,CHL,2015,4400000
Chile,CHL,2016,3400000
Chile,CHL,2017,3300000
China,CHN,2006,11300000
China,CHN,2007,13700000
China,CHN,2008,31800000
China,CHN,2009,232900000
China,CHN,2010,272000000
China,CHN,2011,287200000
China,CHN,2012,103300000
China,CHN,2013,31800000
China,CHN,2014,29300000
China,CHN,2015,18200000
China,CHN,2016,18300000
China,CHN,2017,19700000
China,CHN,2018,22600000
China,CHN,2019,33700000
Colombia,COL,2006,400000
Colombia,COL,2007,2300000
Colombia,COL,2008,9800000
Colombia,COL,2009,9200000
Colombia,COL,2010,5100000
Colombia,COL,2011,5300000
Colombia,COL,2012,7600000
Colombia,COL,2013,7200000
Colombia,COL,2014,5400000
Colombia,COL,2015,7500000
Colombia,COL,2016,5200000
Colombia,COL,2017,7700000
Colombia,COL,2018,7900000
Colombia,COL,2019,8800000
Comoros,COM,2006,100000
Comoros,COM,2007,100000
Comoros,COM,2008,500000
Comoros,COM,2009,400000
Comoros,COM,2010,300000
Comoros,COM,2011,100000
Comoros,COM,2012,500000
Comoros,COM,2013,4200000
Comoros,COM,2014,5100000
Comoros,COM,2015,5000000
Comoros,COM,2016,5500000
Comoros,COM,2017,5500000
Comoros,COM,2018,5700000
Comoros,COM,2019,7100000
Congo,COG,2006,700000
Congo,COG,2007,600000
Congo,COG,2008,1300000
Congo,COG,2009,1200000
Congo,COG,2010,700000
Congo,COG,2011,500000
Congo,COG,2012,700000
Congo,COG,2013,3500000
Congo,COG,2014,3700000
Congo,COG,2015,4000000
Congo,COG,2016,4300000
Congo,COG,2017,4200000
Congo,COG,2018,6100000
Congo,COG,2019,8000000
Cook Islands,COK,2008,500000
Cook Islands,COK,2009,500000
Cook Islands,COK,2010,300000
Cook Islands,COK,2011,500000
Cook Islands,COK,2012,500000
Cook Islands,COK,2013,600000
Cook Islands,COK,2014,600000
Cook Islands,COK,2015,200000
Cook Islands,COK,2016,500000
Cook Islands,COK,2017,100000
Cook Islands,COK,2018,300000
Cook Islands,COK,2019,100000
Costa Rica,CRI,2006,100000
Costa Rica,CRI,2007,600000
Costa Rica,CRI,2008,1500000
Costa Rica,CRI,2009,2200000
Costa Rica,CRI,2010,1300000
Costa Rica,CRI,2011,1400000
Costa Rica,CRI,2012,1600000
Costa Rica,CRI,2013,1900000
Costa Rica,CRI,2014,1500000
Costa Rica,CRI,2015,1900000
Costa Rica,CRI,2016,900000
Costa Rica,CRI,2017,1200000
Costa Rica,CRI,2018,1400000
Costa Rica,CRI,2019,1500000
Cote d'Ivoire,CIV,2006,200000
Cote d'Ivoire,CIV,2007,100000
Cote d'Ivoire,CIV,2008,1000000
Cote d'Ivoire,CIV,2009,1900000
Cote d'Ivoire,CIV,2010,1300000
Cote d'Ivoire,CIV,2011,800000
Cote d'Ivoire,CIV,2012,1300000
Cote d'Ivoire,CIV,2013,3800000
Cote d'Ivoire,CIV,2014,4099999.9999999995
Cote d'Ivoire,CIV,2015,4200000
Cote d'Ivoire,CIV,2016,4200000
Cote d'Ivoire,CIV,2017,4700000
Cote d'Ivoire,CIV,2018,5800000
Cote d'Ivoire,CIV,2019,8300000.000000001
Croatia,HRV,2006,300000
Croatia,HRV,2007,200000
Croatia,HRV,2008,600000
Croatia,HRV,2009,1000000
Croatia,HRV,2010,800000
Cuba,CUB,2006,1000000
Cuba,CUB,2007,900000
Cuba,CUB,2008,1300000
Cuba,CUB,2009,3200000
Cuba,CUB,2010,1300000
Cuba,CUB,2011,900000
Cuba,CUB,2012,1400000
Cuba,CUB,2013,1300000
Cuba,CUB,2014,1200000
Cuba,CUB,2015,1200000
Cuba,CUB,2016,700000
Cuba,CUB,2017,1500000
Cuba,CUB,2018,1300000
Cuba,CUB,2019,1700000
Democratic Republic of Congo,COD,2006,3700000
Democratic Republic of Congo,COD,2007,6300000
Democratic Republic of Congo,COD,2008,3900000
Democratic Republic of Congo,COD,2009,5400000
Democratic Republic of Congo,COD,2010,2400000
Democratic Republic of Congo,COD,2011,1900000
Democratic Republic of Congo,COD,2012,2000000
Democratic Republic of Congo,COD,2013,3600000
Democratic Republic of Congo,COD,2014,3600000
Democratic Republic of Congo,COD,2015,3600000
Democratic Republic of Congo,COD,2016,4099999.9999999995
Democratic Republic of Congo,COD,2017,6000000
Democratic Republic of Congo,COD,2018,4700000
Democratic Republic of Congo,COD,2019,5100000
"Developed regions (Europe, Cyprus, Israel, Northern America, Japan, Australia & New Zealand)",,2006,5962910
"Developed regions (Europe, Cyprus, Israel, Northern America, Japan, Australia & New Zealand)",,2007,5049530
"Developed regions (Europe, Cyprus, Israel, Northern America, Japan, Australia & New Zealand)",,2008,13107000
"Developed regions (Europe, Cyprus, Israel, Northern America, Japan, Australia & New Zealand)",,2009,17964500
"Developed regions (Europe, Cyprus, Israel, Northern America, Japan, Australia & New Zealand)",,2010,17096250
"Developed regions (Europe, Cyprus, Israel, Northern America, Japan, Australia & New Zealand)",,2011,18086200
"Developed regions (Europe, Cyprus, Israel, Northern America, Japan, Australia & New Zealand)",,2012,21072260
"Developed regions (Europe, Cyprus, Israel, Northern America, Japan, Australia & New Zealand)",,2013,35495390
"Developed regions (Europe, Cyprus, Israel, Northern America, Japan, Australia & New Zealand)",,2014,51210490
"Developed regions (Europe, Cyprus, Israel, Northern America, Japan, Australia & New Zealand)",,2015,56152500
"Developed regions (Europe, Cyprus, Israel, Northern America, Japan, Australia & New Zealand)",,2016,55852970
"Developed regions (Europe, Cyprus, Israel, Northern America, Japan, Australia & New Zealand)",,2017,68421940
"Developed regions (Europe, Cyprus, Israel, Northern America, Japan, Australia & New Zealand)",,2018,71188410
"Developed regions (Europe, Cyprus, Israel, Northern America, Japan, Australia & New Zealand)",,2019,98690640
Developing regions,,2006,431289370
Developing regions,,2007,650773090
Developing regions,,2008,884200960
Developing regions,,2009,1060267170.0000001
Developing regions,,2010,1277051910
Developing regions,,2011,1279047620
Developing regions,,2012,1142037960
Developing regions,,2013,1257782270
Developing regions,,2014,1186150700
Developing regions,,2015,1216791350
Developing regions,,2016,1298913970
Developing regions,,2017,1371987520
Developing regions,,2018,1620569130
Developing regions,,2019,1677188480
Djibouti,DJI,2006,800000
Djibouti,DJI,2007,500000
Djibouti,DJI,2008,1500000
Djibouti,DJI,2009,1700000
Djibouti,DJI,2010,1300000
Djibouti,DJI,2011,100000
Djibouti,DJI,2012,900000
Djibouti,DJI,2013,1300000
Djibouti,DJI,2014,1200000
Djibouti,DJI,2015,1000000
Djibouti,DJI,2016,900000
Djibouti,DJI,2017,1000000
Djibouti,DJI,2018,1400000
Djibouti,DJI,2019,2400000
Dominica,DMA,2006,0
Dominica,DMA,2008,100000
Dominica,DMA,2009,200000
Dominica,DMA,2010,0
Dominica,DMA,2011,100000
Dominica,DMA,2012,100000
Dominica,DMA,2013,200000
Dominica,DMA,2014,300000
Dominica,DMA,2015,200000
Dominica,DMA,2016,200000
Dominica,DMA,2017,500000
Dominica,DMA,2018,300000
Dominica,DMA,2019,500000
Dominican Republic,DOM,2006,100000
Dominican Republic,DOM,2007,300000
Dominican Republic,DOM,2008,600000
Dominican Republic,DOM,2009,1300000
Dominican Republic,DOM,2010,700000
Dominican Republic,DOM,2011,600000
Dominican Republic,DOM,2012,700000
Dominican Republic,DOM,2013,700000
Dominican Republic,DOM,2014,900000
Dominican Republic,DOM,2015,800000
Dominican Republic,DOM,2016,400000
Dominican Republic,DOM,2017,600000
Dominican Republic,DOM,2018,900000
Dominican Republic,DOM,2019,1200000
Eastern Africa,,2006,12356700
Eastern Africa,,2007,14606990
Eastern Africa,,2008,31721080
Eastern Africa,,2009,46119630
Eastern Africa,,2010,45421700
Eastern Africa,,2011,39377320
Eastern Africa,,2012,39127290
Eastern Africa,,2013,56949970
Eastern Africa,,2014,44759890
Eastern Africa,,2015,57334700
Eastern Africa,,2016,46905380
Eastern Africa,,2017,80469910
Eastern Africa,,2018,57959820
Eastern Africa,,2019,94559190
Eastern Asia,,2006,15287210
Eastern Asia,,2007,18726740
Eastern Asia,,2008,37356340
Eastern Asia,,2009,244559890
Eastern Asia,,2010,283899580
Eastern Asia,,2011,305956410
Eastern Asia,,2012,117008630
Eastern Asia,,2013,46319530
Eastern Asia,,2014,44949440
Eastern Asia,,2015,29942620
Eastern Asia,,2016,26395030
Eastern Asia,,2017,26657640
Eastern Asia,,2018,33369200
Eastern Asia,,2019,48613810
Eastern Asia (excluding Japan and China),,2006,3959100
Eastern Asia (excluding Japan and China),,2007,5019560
Eastern Asia (excluding Japan and China),,2008,5550200
Eastern Asia (excluding Japan and China),,2009,11705330
Eastern Asia (excluding Japan and China),,2010,11921510
Eastern Asia (excluding Japan and China),,2011,18785740
Eastern Asia (excluding Japan and China),,2012,13671810
Eastern Asia (excluding Japan and China),,2013,14476750
Eastern Asia (excluding Japan and China),,2014,15606430
Eastern Asia (excluding Japan and China),,2015,11787950
Eastern Asia (excluding Japan and China),,2016,8143630
Eastern Asia (excluding Japan and China),,2017,6994240
Eastern Asia (excluding Japan and China),,2018,10808730
Eastern Asia (excluding Japan and China),,2019,14960930
Eastern Europe,,2006,1628430
Eastern Europe,,2007,1537230
Eastern Europe,,2008,6810400
Eastern Europe,,2009,8982140
Eastern Europe,,2010,8256539.999999999
Eastern Europe,,2011,9603960
Eastern Europe,,2012,12192030
Eastern Europe,,2013,20047100
Eastern Europe,,2014,37276560
Eastern Europe,,2015,42317840
Eastern Europe,,2016,40849520
Eastern Europe,,2017,45518620
Eastern Europe,,2018,49309620
Eastern Europe,,2019,62191800
Ecuador,ECU,2006,500000
Ecuador,ECU,2007,1800000
Ecuador,ECU,2008,2900000
Ecuador,ECU,2009,3000000
Ecuador,ECU,2010,1400000
Ecuador,ECU,2011,1500000
Ecuador,ECU,2012,1800000
Ecuador,ECU,2013,2000000
Ecuador,ECU,2014,1500000
Ecuador,ECU,2015,2400000
Ecuador,ECU,2016,2200000
Ecuador,ECU,2017,2400000
Ecuador,ECU,2018,3000000
Ecuador,ECU,2019,3400000
Egypt,EGY,2006,1000000
Egypt,EGY,2007,700000
Egypt,EGY,2008,5700000
Egypt,EGY,2009,8900000
Egypt,EGY,2010,7900000
Egypt,EGY,2011,7900000
Egypt,EGY,2012,10000000
Egypt,EGY,2013,10400000
Egypt,EGY,2014,16200000
Egypt,EGY,2015,14100000
Egypt,EGY,2016,14900000
Egypt,EGY,2017,18200000
Egypt,EGY,2018,15700000
Egypt,EGY,2019,19300000
El Salvador,SLV,2006,200000
El Salvador,SLV,2007,400000
El Salvador,SLV,2008,700000
El Salvador,SLV,2009,1500000
El Salvador,SLV,2010,900000
El Salvador,SLV,2011,1100000
El Salvador,SLV,2012,800000
El Salvador,SLV,2013,1000000
El Salvador,SLV,2014,800000
El Salvador,SLV,2015,900000
El Salvador,SLV,2016,500000
El Salvador,SLV,2017,700000
El Salvador,SLV,2018,700000
El Salvador,SLV,2019,800000
Equatorial Guinea,GNQ,2006,200000
Equatorial Guinea,GNQ,2007,500000
Equatorial Guinea,GNQ,2008,300000
Equatorial Guinea,GNQ,2009,400000
Equatorial Guinea,GNQ,2010,100000
Equatorial Guinea,GNQ,2011,100000
Equatorial Guinea,GNQ,2012,1800000
Equatorial Guinea,GNQ,2013,200000
Equatorial Guinea,GNQ,2014,200000
Equatorial Guinea,GNQ,2015,200000
Equatorial Guinea,GNQ,2016,100000
Equatorial Guinea,GNQ,2017,300000
Equatorial Guinea,GNQ,2018,300000
Equatorial Guinea,GNQ,2019,500000
Eritrea,ERI,2006,200000
Eritrea,ERI,2007,0
Eritrea,ERI,2008,100000
Eritrea,ERI,2009,400000
Eritrea,ERI,2010,100000
Eritrea,ERI,2011,100000
Eritrea,ERI,2012,100000
Eritrea,ERI,2013,200000
Eritrea,ERI,2014,100000
Eritrea,ERI,2015,100000
Eritrea,ERI,2016,2200000
Eritrea,ERI,2017,4900000
Eritrea,ERI,2018,1200000
Eritrea,ERI,2019,4000000
Eswatini,SWZ,2007,100000
Eswatini,SWZ,2008,200000
Eswatini,SWZ,2009,100000
Eswatini,SWZ,2010,100000
Eswatini,SWZ,2011,900000
Eswatini,SWZ,2012,600000
Eswatini,SWZ,2013,1100000
Eswatini,SWZ,2014,600000
Eswatini,SWZ,2015,1100000
Eswatini,SWZ,2016,600000
Eswatini,SWZ,2017,6600000
Eswatini,SWZ,2018,500000
Eswatini,SWZ,2019,600000
Ethiopia,ETH,2006,2200000
Ethiopia,ETH,2007,1700000
Ethiopia,ETH,2008,2800000
Ethiopia,ETH,2009,7400000
Ethiopia,ETH,2010,3500000
Ethiopia,ETH,2011,4700000
Ethiopia,ETH,2012,5600000
Ethiopia,ETH,2013,6700000
Ethiopia,ETH,2014,5400000
Ethiopia,ETH,2015,7100000
Ethiopia,ETH,2016,6100000
Ethiopia,ETH,2017,6000000
Ethiopia,ETH,2018,6800000
Ethiopia,ETH,2019,18300000
Europe,,2006,5962910
Europe,,2007,5049530
Europe,,2008,13107000
Europe,,2009,17964500
Europe,,2010,17096250
Europe,,2011,18086200
Europe,,2012,21072260
Europe,,2013,35495390
Europe,,2014,51210490
Europe,,2015,56152500
Europe,,2016,55852970
Europe,,2017,68421940
Europe,,2018,71188410
Europe,,2019,98690640
Fiji,FJI,2006,3100000
Fiji,FJI,2007,1700000
Fiji,FJI,2008,1000000
Fiji,FJI,2009,5400000
Fiji,FJI,2010,6300000
Fiji,FJI,2011,6400000
Fiji,FJI,2012,4400000
Fiji,FJI,2013,4500000
Fiji,FJI,2014,5300000
Fiji,FJI,2015,6300000
Fiji,FJI,2016,4900000
Fiji,FJI,2017,3000000
Fiji,FJI,2018,6200000
Fiji,FJI,2019,4200000
Gabon,GAB,2006,900000
Gabon,GAB,2007,700000
Gabon,GAB,2008,1300000
Gabon,GAB,2009,1500000
Gabon,GAB,2010,1000000
Gabon,GAB,2011,500000
Gabon,GAB,2012,300000
Gabon,GAB,2013,1900000
Gabon,GAB,2014,1800000
Gabon,GAB,2015,1700000
Gabon,GAB,2016,1700000
Gabon,GAB,2017,1900000
Gabon,GAB,2018,2000000
Gabon,GAB,2019,2800000
Gambia,GMB,2006,0
Gambia,GMB,2007,0
Gambia,GMB,2008,100000
Gambia,GMB,2009,200000
Gambia,GMB,2010,200000
Gambia,GMB,2011,1100000
Gambia,GMB,2012,700000
Gambia,GMB,2013,1100000
Gambia,GMB,2014,700000
Gambia,GMB,2015,1000000
Gambia,GMB,2016,700000
Gambia,GMB,2017,1100000
Gambia,GMB,2018,2000000
Gambia,GMB,2019,4400000
Georgia,GEO,2006,500000
Georgia,GEO,2007,400000
Georgia,GEO,2008,1200000
Georgia,GEO,2009,2500000
Georgia,GEO,2010,2000000
Georgia,GEO,2011,2700000
Georgia,GEO,2012,2300000
Georgia,GEO,2013,5600000
Georgia,GEO,2014,4000000
Georgia,GEO,2015,3600000
Georgia,GEO,2016,3500000
Georgia,GEO,2017,5100000
Georgia,GEO,2018,5400000
Georgia,GEO,2019,6700000
Ghana,GHA,2006,400000
Ghana,GHA,2007,500000
Ghana,GHA,2008,400000
Ghana,GHA,2009,3100000
Ghana,GHA,2010,2000000
Ghana,GHA,2011,4400000
Ghana,GHA,2012,4600000
Ghana,GHA,2013,5800000
Ghana,GHA,2014,4900000
Ghana,GHA,2015,6600000
Ghana,GHA,2016,6300000
Ghana,GHA,2017,8900000
Ghana,GHA,2018,9600000
Ghana,GHA,2019,13700000
Grenada,GRD,2009,0
Grenada,GRD,2010,100000
Grenada,GRD,2011,100000
Grenada,GRD,2012,100000
Grenada,GRD,2013,200000
Grenada,GRD,2014,200000
Grenada,GRD,2015,300000
Grenada,GRD,2016,100000
Grenada,GRD,2017,100000
Grenada,GRD,2018,100000
Grenada,GRD,2019,0
Guatemala,GTM,2006,500000
Guatemala,GTM,2007,900000
Guatemala,GTM,2008,800000
Guatemala,GTM,2009,1400000
Guatemala,GTM,2010,1200000
Guatemala,GTM,2011,1200000
Guatemala,GTM,2012,1300000
Guatemala,GTM,2013,1300000
Guatemala,GTM,2014,1000000
Guatemala,GTM,2015,1100000
Guatemala,GTM,2016,600000
Guatemala,GTM,2017,800000
Guatemala,GTM,2018,600000
Guatemala,GTM,2019,900000
Guinea,GIN,2006,600000
Guinea,GIN,2007,600000
Guinea,GIN,2008,900000
Guinea,GIN,2009,1000000
Guinea,GIN,2010,500000
Guinea,GIN,2011,400000
Guinea,GIN,2012,700000
Guinea,GIN,2013,2700000
Guinea,GIN,2014,2800000
Guinea,GIN,2015,2500000
Guinea,GIN,2016,2900000
Guinea,GIN,2017,3600000
Guinea,GIN,2018,4099999.9999999995
Guinea,GIN,2019,5500000
Guinea-Bissau,GNB,2006,900000
Guinea-Bissau,GNB,2007,900000
Guinea-Bissau,GNB,2008,1200000
Guinea-Bissau,GNB,2009,1000000
Guinea-Bissau,GNB,2010,900000
Guinea-Bissau,GNB,2011,700000
Guinea-Bissau,GNB,2012,700000
Guinea-Bissau,GNB,2013,700000
Guinea-Bissau,GNB,2014,600000
Guinea-Bissau,GNB,2015,500000
Guinea-Bissau,GNB,2016,600000
Guinea-Bissau,GNB,2017,800000
Guinea-Bissau,GNB,2018,1400000
Guinea-Bissau,GNB,2019,2200000
Guyana,GUY,2008,100000
Guyana,GUY,2009,100000
Guyana,GUY,2010,100000
Guyana,GUY,2011,200000
Guyana,GUY,2012,400000
Guyana,GUY,2013,300000
Guyana,GUY,2014,400000
Guyana,GUY,2015,900000
Guyana,GUY,2016,400000
Guyana,GUY,2017,1100000
Guyana,GUY,2018,1000000
Guyana,GUY,2019,600000
Haiti,HTI,2006,900000
Haiti,HTI,2007,800000
Haiti,HTI,2008,1400000
Haiti,HTI,2009,1700000
Haiti,HTI,2010,21100000
Haiti,HTI,2011,300000
Haiti,HTI,2012,2300000
Haiti,HTI,2013,3200000
Haiti,HTI,2014,3600000
Haiti,HTI,2015,3600000
Haiti,HTI,2016,3400000
Haiti,HTI,2017,4099999.9999999995
Haiti,HTI,2018,4400000
Haiti,HTI,2019,4800000
Honduras,HND,2006,100000
Honduras,HND,2007,700000
Honduras,HND,2008,2200000
Honduras,HND,2009,1100000
Honduras,HND,2010,600000
Honduras,HND,2011,800000
Honduras,HND,2012,700000
Honduras,HND,2013,800000
Honduras,HND,2014,800000
Honduras,HND,2015,900000
Honduras,HND,2016,500000
Honduras,HND,2017,600000
Honduras,HND,2018,700000
Honduras,HND,2019,800000
India,IND,2006,1100000
India,IND,2007,2300000
India,IND,2008,14400000
India,IND,2009,17100000
India,IND,2010,22500000
India,IND,2011,20000000
India,IND,2012,18900000
India,IND,2013,22500000
India,IND,2014,17800000
India,IND,2015,15900000
India,IND,2016,11000000
India,IND,2017,16000000
India,IND,2018,19400000
India,IND,2019,27200000
Indonesia,IDN,2006,53900000
Indonesia,IDN,2007,63200000
Indonesia,IDN,2008,48200000
Indonesia,IDN,2009,59600000
Indonesia,IDN,2010,66800000
Indonesia,IDN,2011,60500000
Indonesia,IDN,2012,66500000
Indonesia,IDN,2013,76000000
Indonesia,IDN,2014,72900000
Indonesia,IDN,2015,67400000
Indonesia,IDN,2016,56400000
Indonesia,IDN,2017,34000000
Indonesia,IDN,2018,53000000
Indonesia,IDN,2019,53600000
Iran,IRN,2006,500000
Iran,IRN,2007,500000
Iran,IRN,2008,2700000
Iran,IRN,2009,7000000
Iran,IRN,2010,4099999.9999999995
Iran,IRN,2011,6100000
Iran,IRN,2012,7000000
Iran,IRN,2013,7200000
Iran,IRN,2014,6600000
Iran,IRN,2015,5900000
Iran,IRN,2016,5800000
Iran,IRN,2017,6200000
Iran,IRN,2018,6900000
Iran,IRN,2019,15100000
Iraq,IRQ,2006,900000
Iraq,IRQ,2007,160900000
Iraq,IRQ,2008,167900000
Iraq,IRQ,2009,9600000
Iraq,IRQ,2010,8000000
Iraq,IRQ,2011,11500000
Iraq,IRQ,2012,11500000
Iraq,IRQ,2013,7200000
Iraq,IRQ,2014,3500000
Iraq,IRQ,2015,5500000
Iraq,IRQ,2016,3900000
Iraq,IRQ,2017,5000000
Iraq,IRQ,2018,6400000
Iraq,IRQ,2019,11000000
Jamaica,JAM,2008,100000
Jamaica,JAM,2009,600000
Jamaica,JAM,2010,200000
Jamaica,JAM,2011,400000
Jamaica,JAM,2012,600000
Jamaica,JAM,2013,500000
Jamaica,JAM,2014,800000
Jamaica,JAM,2015,1100000
Jamaica,JAM,2016,400000
Jamaica,JAM,2017,1500000
Jamaica,JAM,2018,1300000
Jamaica,JAM,2019,1000000
Jordan,JOR,2006,500000
Jordan,JOR,2007,1500000
Jordan,JOR,2008,2300000
Jordan,JOR,2009,3500000
Jordan,JOR,2010,3300000
Jordan,JOR,2011,3400000
Jordan,JOR,2012,3500000
Jordan,JOR,2013,3500000
Jordan,JOR,2014,5400000
Jordan,JOR,2015,4200000
Jordan,JOR,2016,5600000
Jordan,JOR,2017,8400000
Jordan,JOR,2018,12400000
Jordan,JOR,2019,18200000
Kazakhstan,KAZ,2006,200000
Kazakhstan,KAZ,2007,400000
Kazakhstan,KAZ,2008,2200000
Kazakhstan,KAZ,2009,2400000
Kazakhstan,KAZ,2010,3300000
Kazakhstan,KAZ,2011,3900000
Kazakhstan,KAZ,2012,3200000
Kazakhstan,KAZ,2013,3800000
Kazakhstan,KAZ,2014,2700000
Kazakhstan,KAZ,2015,3100000
Kazakhstan,KAZ,2016,3800000
Kazakhstan,KAZ,2017,5000000
Kazakhstan,KAZ,2018,4300000
Kazakhstan,KAZ,2019,12100000
Kenya,KEN,2006,1000000
Kenya,KEN,2007,1000000
Kenya,KEN,2008,3700000
Kenya,KEN,2009,5600000
Kenya,KEN,2010,3800000
Kenya,KEN,2011,6500000
Kenya,KEN,2012,6400000
Kenya,KEN,2013,7900000
Kenya,KEN,2014,5900000
Kenya,KEN,2015,8000000
Kenya,KEN,2016,5600000
Kenya,KEN,2017,8400000
Kenya,KEN,2018,7700000
Kenya,KEN,2019,10800000
Kiribati,KIR,2006,2100000
Kiribati,KIR,2007,1700000
Kiribati,KIR,2008,2900000
Kiribati,KIR,2009,3600000
Kiribati,KIR,2010,5800000
Kiribati,KIR,2011,4500000
Kiribati,KIR,2012,4099999.9999999995
Kiribati,KIR,2013,2200000
Kiribati,KIR,2014,2100000
Kiribati,KIR,2015,3100000
Kiribati,KIR,2016,3000000
Kiribati,KIR,2017,2000000
Kiribati,KIR,2018,3500000
Kiribati,KIR,2019,2800000
Kyrgyzstan,KGZ,2006,300000
Kyrgyzstan,KGZ,2007,1100000
Kyrgyzstan,KGZ,2008,2500000
Kyrgyzstan,KGZ,2009,3500000
Kyrgyzstan,KGZ,2010,3500000
Kyrgyzstan,KGZ,2011,4400000
Kyrgyzstan,KGZ,2012,4000000
Kyrgyzstan,KGZ,2013,3600000
Kyrgyzstan,KGZ,2014,3500000
Kyrgyzstan,KGZ,2015,3400000
Kyrgyzstan,KGZ,2016,3700000
Kyrgyzstan,KGZ,2017,3100000
Kyrgyzstan,KGZ,2018,2900000
Kyrgyzstan,KGZ,2019,8900000
Landlocked developing countries (LLDCs),,2006,31517420
Landlocked developing countries (LLDCs),,2007,37390830
Landlocked developing countries (LLDCs),,2008,54708250
Landlocked developing countries (LLDCs),,2009,94641710
Landlocked developing countries (LLDCs),,2010,125494740
Landlocked developing countries (LLDCs),,2011,105004110
Landlocked developing countries (LLDCs),,2012,102022230
Landlocked developing countries (LLDCs),,2013,131097040
Landlocked developing countries (LLDCs),,2014,126056890
Landlocked developing countries (LLDCs),,2015,124912360
Landlocked developing countries (LLDCs),,2016,108758400
Landlocked developing countries (LLDCs),,2017,142230980
Landlocked developing countries (LLDCs),,2018,145055200
Landlocked developing countries (LLDCs),,2019,229545770
Laos,LAO,2006,6900000
Laos,LAO,2007,7000000
Laos,LAO,2008,4500000
Laos,LAO,2009,10500000
Laos,LAO,2010,11900000
Laos,LAO,2011,11700000
Laos,LAO,2012,11000000
Laos,LAO,2013,13900000
Laos,LAO,2014,15300000
Laos,LAO,2015,11400000
Laos,LAO,2016,10700000
Laos,LAO,2017,7400000
Laos,LAO,2018,10700000
Laos,LAO,2019,11100000
Latin America and the Caribbean,,2006,20600790
Latin America and the Caribbean,,2007,29947210
Latin America and the Caribbean,,2008,73713440
Latin America and the Caribbean,,2009,83964400
Latin America and the Caribbean,,2010,75629380
Latin America and the Caribbean,,2011,55912940
Latin America and the Caribbean,,2012,70902550
Latin America and the Caribbean,,2013,72997200
Latin America and the Caribbean,,2014,63582500
Latin America and the Caribbean,,2015,66724790
Latin America and the Caribbean,,2016,45479160
Latin America and the Caribbean,,2017,64842640
Latin America and the Caribbean,,2018,62197220
Latin America and the Caribbean,,2019,70509740
Least developed countries (LDCs),,2006,66524230
Least developed countries (LDCs),,2007,73954820
Least developed countries (LDCs),,2008,92208470
Least developed countries (LDCs),,2009,152932630
Least developed countries (LDCs),,2010,194183360
Least developed countries (LDCs),,2011,147626420
Least developed countries (LDCs),,2012,157184740
Least developed countries (LDCs),,2013,198646270
Least developed countries (LDCs),,2014,183520560
Least developed countries (LDCs),,2015,203151040
Least developed countries (LDCs),,2016,178045190
Least developed countries (LDCs),,2017,219004710
Least developed countries (LDCs),,2018,185426170
Least developed countries (LDCs),,2019,277343770
Lebanon,LBN,2006,800000
Lebanon,LBN,2007,700000
Lebanon,LBN,2008,3400000
Lebanon,LBN,2009,3200000
Lebanon,LBN,2010,1900000
Lebanon,LBN,2011,1500000
Lebanon,LBN,2012,2000000
Lebanon,LBN,2013,4500000
Lebanon,LBN,2014,2400000
Lebanon,LBN,2015,2600000
Lebanon,LBN,2016,3500000
Lebanon,LBN,2017,4400000
Lebanon,LBN,2018,4099999.9999999995
Lebanon,LBN,2019,5200000
Lesotho,LSO,2007,200000
Lesotho,LSO,2008,500000
Lesotho,LSO,2009,600000
Lesotho,LSO,2010,500000
Lesotho,LSO,2011,900000
Lesotho,LSO,2012,600000
Lesotho,LSO,2013,900000
Lesotho,LSO,2014,600000
Lesotho,LSO,2015,900000
Lesotho,LSO,2016,400000
Lesotho,LSO,2017,900000
Lesotho,LSO,2018,400000
Lesotho,LSO,2019,600000
Liberia,LBR,2007,0
Liberia,LBR,2008,300000
Liberia,LBR,2009,200000
Liberia,LBR,2010,100000
Liberia,LBR,2011,1100000
Liberia,LBR,2012,900000
Liberia,LBR,2013,1400000
Liberia,LBR,2014,700000
Liberia,LBR,2015,900000
Liberia,LBR,2016,400000
Liberia,LBR,2017,1300000
Liberia,LBR,2018,600000
Liberia,LBR,2019,1500000
Libya,LBY,2006,0
Libya,LBY,2007,0
Libya,LBY,2008,100000
Libya,LBY,2009,100000
Libya,LBY,2010,200000
Libya,LBY,2011,1300000
Libya,LBY,2012,1000000
Libya,LBY,2013,800000
Libya,LBY,2014,800000
Libya,LBY,2015,1200000
Libya,LBY,2016,400000
Libya,LBY,2017,1800000
Libya,LBY,2018,1700000
Libya,LBY,2019,3300000
Madagascar,MDG,2006,600000
Madagascar,MDG,2007,500000
Madagascar,MDG,2008,1200000
Madagascar,MDG,2009,1500000
Madagascar,MDG,2010,1100000
Madagascar,MDG,2011,1000000
Madagascar,MDG,2012,1500000
Madagascar,MDG,2013,3200000
Madagascar,MDG,2014,2700000
Madagascar,MDG,2015,3000000
Madagascar,MDG,2016,2700000
Madagascar,MDG,2017,3700000
Madagascar,MDG,2018,3900000
Madagascar,MDG,2019,4500000
Malawi,MWI,2006,300000
Malawi,MWI,2007,500000
Malawi,MWI,2008,500000
Malawi,MWI,2009,1200000
Malawi,MWI,2010,700000
Malawi,MWI,2011,2300000
Malawi,MWI,2012,2100000
Malawi,MWI,2013,3400000
Malawi,MWI,2014,1700000
Malawi,MWI,2015,2000000
Malawi,MWI,2016,1400000
Malawi,MWI,2017,2800000
Malawi,MWI,2018,2500000
Malawi,MWI,2019,2800000
Malaysia,MYS,2006,9100000
Malaysia,MYS,2007,2300000
Malaysia,MYS,2008,2300000
Malaysia,MYS,2009,8300000.000000001
Malaysia,MYS,2010,11400000
Malaysia,MYS,2011,13000000
Malaysia,MYS,2012,7300000
Malaysia,MYS,2013,3100000
Malaysia,MYS,2014,6900000
Malaysia,MYS,2015,3700000
Malaysia,MYS,2016,1300000
Malaysia,MYS,2017,3300000
Malaysia,MYS,2018,6100000
Malaysia,MYS,2019,9600000
Maldives,MDV,2006,1400000
Maldives,MDV,2007,1300000
Maldives,MDV,2008,2000000
Maldives,MDV,2009,2500000
Maldives,MDV,2010,2700000
Maldives,MDV,2011,2600000
Maldives,MDV,2012,4000000
Maldives,MDV,2013,4400000
Maldives,MDV,2014,3400000
Maldives,MDV,2015,3800000
Maldives,MDV,2016,2800000
Maldives,MDV,2017,1000000
Maldives,MDV,2018,2000000
Maldives,MDV,2019,1900000
Mali,MLI,2006,900000
Mali,MLI,2007,1200000
Mali,MLI,2008,3100000
Mali,MLI,2009,3700000
Mali,MLI,2010,3000000
Mali,MLI,2011,2000000
Mali,MLI,2012,2600000
Mali,MLI,2013,4000000
Mali,MLI,2014,3700000
Mali,MLI,2015,3600000
Mali,MLI,2016,2700000
Mali,MLI,2017,3500000
Mali,MLI,2018,4400000
Mali,MLI,2019,6700000
Marshall Islands,MHL,2006,300000
Marshall Islands,MHL,2007,100000
Marshall Islands,MHL,2008,200000
Marshall Islands,MHL,2009,300000
Marshall Islands,MHL,2010,200000
Marshall Islands,MHL,2011,300000
Marshall Islands,MHL,2012,200000
Marshall Islands,MHL,2013,200000
Marshall Islands,MHL,2014,200000
Marshall Islands,MHL,2015,100000
Marshall Islands,MHL,2016,100000
Marshall Islands,MHL,2017,6600000
Marshall Islands,MHL,2018,100000
Marshall Islands,MHL,2019,0
Mauritania,MRT,2006,700000
Mauritania,MRT,2007,900000
Mauritania,MRT,2008,1800000
Mauritania,MRT,2009,1700000
Mauritania,MRT,2010,1000000
Mauritania,MRT,2011,300000
Mauritania,MRT,2012,1000000
Mauritania,MRT,2013,1500000
Mauritania,MRT,2014,1400000
Mauritania,MRT,2015,1300000
Mauritania,MRT,2016,1100000
Mauritania,MRT,2017,1400000
Mauritania,MRT,2018,1600000
Mauritania,MRT,2019,3600000
Mauritius,MUS,2006,0
Mauritius,MUS,2007,100000
Mauritius,MUS,2008,1800000
Mauritius,MUS,2009,2000000
Mauritius,MUS,2010,1600000
Mauritius,MUS,2011,700000
Mauritius,MUS,2012,1600000
Mauritius,MUS,2013,2600000
Mauritius,MUS,2014,1600000
Mauritius,MUS,2015,2000000
Mauritius,MUS,2016,1500000
Mauritius,MUS,2017,4600000
Mauritius,MUS,2018,2000000
Mauritius,MUS,2019,2300000
Melanesia,OWID_MNS,2006,27472340
Melanesia,OWID_MNS,2007,21684140
Melanesia,OWID_MNS,2008,19694390
Melanesia,OWID_MNS,2009,32848480.000000004
Melanesia,OWID_MNS,2010,30743550
Melanesia,OWID_MNS,2011,33599590
Melanesia,OWID_MNS,2012,30527560
Melanesia,OWID_MNS,2013,43006430
Melanesia,OWID_MNS,2014,36608270
Melanesia,OWID_MNS,2015,43753890
Melanesia,OWID_MNS,2016,40265570
Melanesia,OWID_MNS,2017,21441000
Melanesia,OWID_MNS,2018,27836680
Melanesia,OWID_MNS,2019,21272750
Mexico,MEX,2006,13100000
Mexico,MEX,2007,10300000
Mexico,MEX,2008,17800000
Mexico,MEX,2009,10800000
Mexico,MEX,2010,5500000
Mexico,MEX,2011,6200000
Mexico,MEX,2012,9100000
Mexico,MEX,2013,9100000
Mexico,MEX,2014,8100000
Mexico,MEX,2015,8199999.999999999
Mexico,MEX,2016,4300000
Mexico,MEX,2017,7800000
Mexico,MEX,2018,8199999.999999999
Mexico,MEX,2019,9400000
Micronesia (country),FSM,2006,1300000
Micronesia (country),FSM,2007,600000
Micronesia (country),FSM,2008,700000
Micronesia (country),FSM,2009,700000
Micronesia (country),FSM,2010,200000
Micronesia (country),FSM,2011,100000
Micronesia (country),FSM,2012,100000
Micronesia (country),FSM,2013,100000
Micronesia (country),FSM,2014,100000
Micronesia (country),FSM,2015,200000
Micronesia (country),FSM,2016,200000
Micronesia (country),FSM,2017,1300000
Micronesia (country),FSM,2018,300000
Micronesia (country),FSM,2019,200000
Middle Africa,,2006,9909090
Middle Africa,,2007,12207840
Middle Africa,,2008,15301390
Middle Africa,,2009,18902300
Middle Africa,,2010,12350180
Middle Africa,,2011,7942220
Middle Africa,,2012,13774980
Middle Africa,,2013,24055740
Middle Africa,,2014,22319490
Middle Africa,,2015,22783450
Middle Africa,,2016,23402340
Middle Africa,,2017,29013070
Middle Africa,,2018,31092140
Middle Africa,,2019,43453570
Moldova,MDA,2006,400000
Moldova,MDA,2007,300000
Moldova,MDA,2008,1100000
Moldova,MDA,2009,1300000
Moldova,MDA,2010,1200000
Moldova,MDA,2011,1900000
Moldova,MDA,2012,1700000
Moldova,MDA,2013,2800000
Moldova,MDA,2014,18700000
Moldova,MDA,2015,20600000
Moldova,MDA,2016,21300000
Moldova,MDA,2017,27000000
Moldova,MDA,2018,35200000
Moldova,MDA,2019,44700000
Mongolia,MNG,2006,3900000
Mongolia,MNG,2007,5000000
Mongolia,MNG,2008,5100000
Mongolia,MNG,2009,11200000
Mongolia,MNG,2010,11500000
Mongolia,MNG,2011,18500000
Mongolia,MNG,2012,13300000
Mongolia,MNG,2013,14000000
Mongolia,MNG,2014,15300000
Mongolia,MNG,2015,10800000
Mongolia,MNG,2016,8000000
Mongolia,MNG,2017,6900000
Mongolia,MNG,2018,10700000
Mongolia,MNG,2019,14900000
Montenegro,MNE,2006,100000
Montenegro,MNE,2007,200000
Montenegro,MNE,2008,200000
Montenegro,MNE,2009,600000
Montenegro,MNE,2010,400000
Montenegro,MNE,2011,400000
Montenegro,MNE,2012,600000
Montenegro,MNE,2013,700000
Montenegro,MNE,2014,500000
Montenegro,MNE,2015,700000
Montenegro,MNE,2016,300000
Montenegro,MNE,2017,800000
Montenegro,MNE,2018,1100000
Montenegro,MNE,2019,2500000
Montserrat,MSR,2012,0
Montserrat,MSR,2013,0
Montserrat,MSR,2014,0
Montserrat,MSR,2015,100000
Montserrat,MSR,2017,100000
Montserrat,MSR,2018,100000
Montserrat,MSR,2019,100000
Morocco,MAR,2006,3000000
Morocco,MAR,2007,3500000
Morocco,MAR,2008,6500000
Morocco,MAR,2009,10200000
Morocco,MAR,2010,5700000
Morocco,MAR,2011,2300000
Morocco,MAR,2012,6500000
Morocco,MAR,2013,20000000
Morocco,MAR,2014,20000000
Morocco,MAR,2015,21300000
Morocco,MAR,2016,20200000
Morocco,MAR,2017,24500000
Morocco,MAR,2018,23500000
Morocco,MAR,2019,25400000
Mozambique,MOZ,2006,2100000
Mozambique,MOZ,2007,2900000
Mozambique,MOZ,2008,5800000
Mozambique,MOZ,2009,4400000
Mozambique,MOZ,2010,2900000
Mozambique,MOZ,2011,4099999.9999999995
Mozambique,MOZ,2012,3000000
Mozambique,MOZ,2013,3500000
Mozambique,MOZ,2014,2200000
Mozambique,MOZ,2015,2700000
Mozambique,MOZ,2016,2800000
Mozambique,MOZ,2017,11200000
Mozambique,MOZ,2018,3300000
Mozambique,MOZ,2019,3600000
Myanmar,MMR,2006,3000000
Myanmar,MMR,2007,2700000
Myanmar,MMR,2008,3900000
Myanmar,MMR,2009,7400000
Myanmar,MMR,2010,8000000
Myanmar,MMR,2011,10700000
Myanmar,MMR,2012,8000000
Myanmar,MMR,2013,9500000
Myanmar,MMR,2014,11500000
Myanmar,MMR,2015,12500000
Myanmar,MMR,2016,12500000
Myanmar,MMR,2017,11000000
Myanmar,MMR,2018,14000000
Myanmar,MMR,2019,14900000
Namibia,NAM,2006,0
Namibia,NAM,2007,300000
Namibia,NAM,2008,500000
Namibia,NAM,2009,700000
Namibia,NAM,2010,400000
Namibia,NAM,2011,1000000
Namibia,NAM,2012,800000
Namibia,NAM,2013,1300000
Namibia,NAM,2014,1400000
Namibia,NAM,2015,1400000
Namibia,NAM,2016,500000
Namibia,NAM,2017,1300000
Namibia,NAM,2018,700000
Namibia,NAM,2019,900000
Nauru,NRU,2007,300000
Nauru,NRU,2008,0
Nauru,NRU,2009,400000
Nauru,NRU,2010,300000
Nauru,NRU,2011,400000
Nauru,NRU,2012,0
Nauru,NRU,2013,300000
Nauru,NRU,2014,400000
Nauru,NRU,2015,700000
Nauru,NRU,2016,500000
Nauru,NRU,2017,5200000
Nauru,NRU,2018,800000
Nauru,NRU,2019,700000
Nepal,NPL,2006,1600000
Nepal,NPL,2007,1100000
Nepal,NPL,2008,2000000
Nepal,NPL,2009,8500000
Nepal,NPL,2010,9100000
Nepal,NPL,2011,10600000
Nepal,NPL,2012,7800000
Nepal,NPL,2013,7600000
Nepal,NPL,2014,5900000
Nepal,NPL,2015,6700000
Nepal,NPL,2016,4500000
Nepal,NPL,2017,5200000
Nepal,NPL,2018,4200000
Nepal,NPL,2019,7400000
Nicaragua,NIC,2006,300000
Nicaragua,NIC,2007,1000000
Nicaragua,NIC,2008,1000000
Nicaragua,NIC,2009,1500000
Nicaragua,NIC,2010,700000
Nicaragua,NIC,2011,700000
Nicaragua,NIC,2012,700000
Nicaragua,NIC,2013,900000
Nicaragua,NIC,2014,600000
Nicaragua,NIC,2015,900000
Nicaragua,NIC,2016,600000
Nicaragua,NIC,2017,700000
Nicaragua,NIC,2018,700000
Nicaragua,NIC,2019,800000
Niger,NER,2006,1200000
Niger,NER,2007,2100000
Niger,NER,2008,1600000
Niger,NER,2009,1800000
Niger,NER,2010,18600000
Niger,NER,2011,700000
Niger,NER,2012,1200000
Niger,NER,2013,1400000
Niger,NER,2014,900000
Niger,NER,2015,1300000
Niger,NER,2016,700000
Niger,NER,2017,1000000
Niger,NER,2018,1300000
Niger,NER,2019,3200000
Nigeria,NGA,2006,1300000
Nigeria,NGA,2007,1200000
Nigeria,NGA,2008,1200000
Nigeria,NGA,2009,3200000
Nigeria,NGA,2010,1500000
Nigeria,NGA,2011,3400000
Nigeria,NGA,2012,3500000
Nigeria,NGA,2013,4800000
Nigeria,NGA,2014,3900000
Nigeria,NGA,2015,5300000
Nigeria,NGA,2016,4500000
Nigeria,NGA,2017,10700000
Nigeria,NGA,2018,10400000
Nigeria,NGA,2019,17300000
Niue,NIU,2006,300000
Niue,NIU,2007,100000
Niue,NIU,2008,200000
Niue,NIU,2009,600000
Niue,NIU,2010,200000
Niue,NIU,2011,400000
Niue,NIU,2012,100000
Niue,NIU,2013,400000
Niue,NIU,2014,200000
Niue,NIU,2015,100000
Niue,NIU,2016,300000
Niue,NIU,2017,200000
Niue,NIU,2018,400000
Niue,NIU,2019,400000
North Korea,PRK,2006,0
North Korea,PRK,2007,0
North Korea,PRK,2008,500000
North Korea,PRK,2009,500000
North Korea,PRK,2010,400000
North Korea,PRK,2011,300000
North Korea,PRK,2012,400000
North Korea,PRK,2013,500000
North Korea,PRK,2014,300000
North Korea,PRK,2015,900000
North Korea,PRK,2016,100000
North Korea,PRK,2017,100000
North Korea,PRK,2018,100000
North Korea,PRK,2019,100000
North Macedonia,MKD,2006,1000000
North Macedonia,MKD,2007,800000
North Macedonia,MKD,2008,1100000
North Macedonia,MKD,2009,1100000
North Macedonia,MKD,2010,1400000
North Macedonia,MKD,2011,1400000
North Macedonia,MKD,2012,1600000
North Macedonia,MKD,2013,3400000
North Macedonia,MKD,2014,2000000
North Macedonia,MKD,2015,1800000
North Macedonia,MKD,2016,1500000
North Macedonia,MKD,2017,2000000
North Macedonia,MKD,2018,2500000
North Macedonia,MKD,2019,4300000
Northern Africa,,2006,8830260
Northern Africa,,2007,8467030
Northern Africa,,2008,24843430
Northern Africa,,2009,37386830
Northern Africa,,2010,27776440
Northern Africa,,2011,18237730
Northern Africa,,2012,30226820
Northern Africa,,2013,65539040
Northern Africa,,2014,69864870
Northern Africa,,2015,69243110
Northern Africa,,2016,66458510.00000001
Northern Africa,,2017,86097810
Northern Africa,,2018,81615870
Northern Africa,,2019,97709100
ODA residual,,2006,143000000
ODA residual,,2007,197000000
ODA residual,,2008,314000000
ODA residual,,2009,242000000
ODA residual,,2010,363000000
ODA residual,,2011,403000000
ODA residual,,2012,411000000
ODA residual,,2013,438000000
ODA residual,,2014,401000000
ODA residual,,2015,448000000
ODA residual,,2016,614000000
ODA residual,,2017,600000000
ODA residual,,2018,770000000
ODA residual,,2019,601000000
Oceania,,2006,37515870
Oceania,,2007,29315600
Oceania,,2008,28715170
Oceania,,2009,47637840
Oceania,,2010,46925760
Oceania,,2011,49384420
Oceania,,2012,45821480
Oceania,,2013,58646780
Oceania,,2014,51593200
Oceania,,2015,59375240
Oceania,,2016,54989790
Oceania,,2017,48325970
Oceania,,2018,45213740
Oceania,,2019,36179930
Oman,OMN,2006,0
Oman,OMN,2007,0
Oman,OMN,2008,100000
Oman,OMN,2009,400000
Oman,OMN,2010,600000
Pakistan,PAK,2006,2400000
Pakistan,PAK,2007,2200000
Pakistan,PAK,2008,3800000
Pakistan,PAK,2009,8800000
Pakistan,PAK,2010,13900000
Pakistan,PAK,2011,10600000
Pakistan,PAK,2012,13600000
Pakistan,PAK,2013,15200000
Pakistan,PAK,2014,15500000
Pakistan,PAK,2015,14800000
Pakistan,PAK,2016,12600000
Pakistan,PAK,2017,13800000
Pakistan,PAK,2018,16399999.999999998
Pakistan,PAK,2019,23000000
Palau,PLW,2006,200000
Palau,PLW,2007,100000
Palau,PLW,2008,900000
Palau,PLW,2009,100000
Palau,PLW,2010,0
Palau,PLW,2011,100000
Palau,PLW,2012,100000
Palau,PLW,2013,200000
Palau,PLW,2014,200000
Palau,PLW,2015,100000
Palau,PLW,2016,100000
Palau,PLW,2017,200000
Palau,PLW,2018,100000
Palau,PLW,2019,100000
Palestine,PSE,2006,20900000
Palestine,PSE,2007,8600000
Palestine,PSE,2008,3700000
Palestine,PSE,2009,4800000
Palestine,PSE,2010,20000000
Palestine,PSE,2011,3300000
Palestine,PSE,2012,5500000
Palestine,PSE,2013,5300000
Palestine,PSE,2014,4200000
Palestine,PSE,2015,6100000
Palestine,PSE,2016,5300000
Palestine,PSE,2017,10800000
Palestine,PSE,2018,5600000
Palestine,PSE,2019,13800000
Panama,PAN,2006,100000
Panama,PAN,2007,400000
Panama,PAN,2008,600000
Panama,PAN,2009,1200000
Panama,PAN,2010,800000
Panama,PAN,2011,900000
Panama,PAN,2012,600000
Panama,PAN,2013,600000
Panama,PAN,2014,600000
Panama,PAN,2015,900000
Panama,PAN,2016,400000
Panama,PAN,2017,700000
Panama,PAN,2018,900000
Panama,PAN,2019,700000
Papua New Guinea,PNG,2006,19500000
Papua New Guinea,PNG,2007,16100000.000000002
Papua New Guinea,PNG,2008,13900000
Papua New Guinea,PNG,2009,18400000
Papua New Guinea,PNG,2010,15500000
Papua New Guinea,PNG,2011,17500000
Papua New Guinea,PNG,2012,17500000
Papua New Guinea,PNG,2013,28100000
Papua New Guinea,PNG,2014,22100000
Papua New Guinea,PNG,2015,28000000
Papua New Guinea,PNG,2016,27300000
Papua New Guinea,PNG,2017,6300000
Papua New Guinea,PNG,2018,14000000
Papua New Guinea,PNG,2019,10200000
Paraguay,PRY,2006,100000
Paraguay,PRY,2007,400000
Paraguay,PRY,2008,700000
Paraguay,PRY,2009,1100000
Paraguay,PRY,2010,700000
Paraguay,PRY,2011,1000000
Paraguay,PRY,2012,700000
Paraguay,PRY,2013,1100000
Paraguay,PRY,2014,900000
Paraguay,PRY,2015,900000
Paraguay,PRY,2016,500000
Paraguay,PRY,2017,600000
Paraguay,PRY,2018,1200000
Paraguay,PRY,2019,1200000
Peru,PER,2006,700000
Peru,PER,2007,2400000
Peru,PER,2008,5700000
Peru,PER,2009,5500000
Peru,PER,2010,2600000
Peru,PER,2011,2800000
Peru,PER,2012,3000000
Peru,PER,2013,3900000
Peru,PER,2014,3500000
Peru,PER,2015,3800000
Peru,PER,2016,2400000
Peru,PER,2017,2600000
Peru,PER,2018,3100000
Peru,PER,2019,4000000
Philippines,PHL,2006,9200000
Philippines,PHL,2007,10800000
Philippines,PHL,2008,4900000
Philippines,PHL,2009,18100000
Philippines,PHL,2010,23700000
Philippines,PHL,2011,16800000
Philippines,PHL,2012,18800000
Philippines,PHL,2013,21300000
Philippines,PHL,2014,20100000
Philippines,PHL,2015,14600000
Philippines,PHL,2016,13300000
Philippines,PHL,2017,7400000
Philippines,PHL,2018,82100000
Philippines,PHL,2019,18400000
Polynesia,OWID_PYA,2006,6189690
Polynesia,OWID_PYA,2007,4781890
Polynesia,OWID_PYA,2008,4331520
Polynesia,OWID_PYA,2009,9759490
Polynesia,OWID_PYA,2010,9549510
Polynesia,OWID_PYA,2011,10413660
Polynesia,OWID_PYA,2012,10777320
Polynesia,OWID_PYA,2013,12536880
Polynesia,OWID_PYA,2014,11907200
Polynesia,OWID_PYA,2015,11462290
Polynesia,OWID_PYA,2016,10856190
Polynesia,OWID_PYA,2017,11544650
Polynesia,OWID_PYA,2018,12677380
Polynesia,OWID_PYA,2019,11152490
Rwanda,RWA,2006,900000
Rwanda,RWA,2007,1300000
Rwanda,RWA,2008,2500000
Rwanda,RWA,2009,4800000
Rwanda,RWA,2010,20200000
Rwanda,RWA,2011,2500000
Rwanda,RWA,2012,1700000
Rwanda,RWA,2013,3400000
Rwanda,RWA,2014,3300000
Rwanda,RWA,2015,3900000
Rwanda,RWA,2016,3200000
Rwanda,RWA,2017,11800000
Rwanda,RWA,2018,4099999.9999999995
Rwanda,RWA,2019,6700000
Saint Helena,SHN,2008,0
Saint Helena,SHN,2009,0
Saint Helena,SHN,2010,0
Saint Helena,SHN,2011,0
Saint Helena,SHN,2012,100000
Saint Helena,SHN,2013,100000
Saint Helena,SHN,2014,0
Saint Helena,SHN,2017,0
Saint Helena,SHN,2018,0
Saint Helena,SHN,2019,0
Saint Kitts and Nevis,KNA,2008,0
Saint Kitts and Nevis,KNA,2009,0
Saint Kitts and Nevis,KNA,2010,0
Saint Kitts and Nevis,KNA,2011,0
Saint Kitts and Nevis,KNA,2012,200000
Saint Kitts and Nevis,KNA,2013,200000
Saint Lucia,LCA,2006,0
Saint Lucia,LCA,2008,100000
Saint Lucia,LCA,2009,300000
Saint Lucia,LCA,2010,200000
Saint Lucia,LCA,2011,100000
Saint Lucia,LCA,2012,300000
Saint Lucia,LCA,2013,200000
Saint Lucia,LCA,2014,500000
Saint Lucia,LCA,2015,500000
Saint Lucia,LCA,2016,200000
Saint Lucia,LCA,2017,500000
Saint Lucia,LCA,2018,600000
Saint Lucia,LCA,2019,600000
Saint Vincent and the Grenadines,VCT,2008,100000
Saint Vincent and the Grenadines,VCT,2009,100000
Saint Vincent and the Grenadines,VCT,2010,100000
Saint Vincent and the Grenadines,VCT,2011,100000
Saint Vincent and the Grenadines,VCT,2012,200000
Saint Vincent and the Grenadines,VCT,2013,100000
Saint Vincent and the Grenadines,VCT,2014,200000
Saint Vincent and the Grenadines,VCT,2015,400000
Saint Vincent and the Grenadines,VCT,2016,100000
Saint Vincent and the Grenadines,VCT,2017,200000
Saint Vincent and the Grenadines,VCT,2018,200000
Saint Vincent and the Grenadines,VCT,2019,200000
Samoa,WSM,2006,3100000
Samoa,WSM,2007,2500000
Samoa,WSM,2008,1900000
Samoa,WSM,2009,4800000
Samoa,WSM,2010,5600000
Samoa,WSM,2011,6100000
Samoa,WSM,2012,6400000
Samoa,WSM,2013,7100000
Samoa,WSM,2014,6400000
Samoa,WSM,2015,6000000
Samoa,WSM,2016,6200000
Samoa,WSM,2017,6500000
Samoa,WSM,2018,8000000
Samoa,WSM,2019,7100000
Sao Tome and Principe,STP,2006,800000
Sao Tome and Principe,STP,2007,1100000
Sao Tome and Principe,STP,2008,1400000
Sao Tome and Principe,STP,2009,1200000
Sao Tome and Principe,STP,2010,1000000
Sao Tome and Principe,STP,2011,700000
Sao Tome and Principe,STP,2012,2000000
Sao Tome and Principe,STP,2013,1200000
Sao Tome and Principe,STP,2014,800000
Sao Tome and Principe,STP,2015,500000
Sao Tome and Principe,STP,2016,500000
Sao Tome and Principe,STP,2017,800000
Sao Tome and Principe,STP,2018,800000
Sao Tome and Principe,STP,2019,800000
Saudi Arabia,SAU,2006,0
Saudi Arabia,SAU,2007,0
Senegal,SEN,2006,1900000
Senegal,SEN,2007,2200000
Senegal,SEN,2008,2300000
Senegal,SEN,2009,3800000
Senegal,SEN,2010,3900000
Senegal,SEN,2011,1300000
Senegal,SEN,2012,1600000
Senegal,SEN,2013,5100000
Senegal,SEN,2014,4700000
Senegal,SEN,2015,6200000
Senegal,SEN,2016,4300000
Senegal,SEN,2017,5600000
Senegal,SEN,2018,6700000
Senegal,SEN,2019,8300000.000000001
Serbia,SRB,2006,1500000
Serbia,SRB,2007,1000000
Serbia,SRB,2008,2000000
Serbia,SRB,2009,3400000
Serbia,SRB,2010,3000000
Serbia,SRB,2011,2800000
Serbia,SRB,2012,3000000
Serbia,SRB,2013,6100000
Serbia,SRB,2014,6800000
Serbia,SRB,2015,5400000
Serbia,SRB,2016,8600000
Serbia,SRB,2017,12200000
Serbia,SRB,2018,8000000
Serbia,SRB,2019,13700000
Seychelles,SYC,2006,100000
Seychelles,SYC,2007,200000
Seychelles,SYC,2008,300000
Seychelles,SYC,2009,400000
Seychelles,SYC,2010,300000
Seychelles,SYC,2011,600000
Seychelles,SYC,2012,600000
Seychelles,SYC,2013,1100000
Seychelles,SYC,2014,600000
Seychelles,SYC,2015,900000
Seychelles,SYC,2016,400000
Seychelles,SYC,2017,1600000
Sierra Leone,SLE,2006,100000
Sierra Leone,SLE,2007,200000
Sierra Leone,SLE,2008,100000
Sierra Leone,SLE,2009,100000
Sierra Leone,SLE,2010,100000
Sierra Leone,SLE,2011,1000000
Sierra Leone,SLE,2012,800000
Sierra Leone,SLE,2013,1200000
Sierra Leone,SLE,2014,700000
Sierra Leone,SLE,2015,900000
Sierra Leone,SLE,2016,300000
Sierra Leone,SLE,2017,2100000
Sierra Leone,SLE,2018,800000
Sierra Leone,SLE,2019,2200000
Small Island Developing States (SIDS),,2006,47577830
Small Island Developing States (SIDS),,2007,39036730
Small Island Developing States (SIDS),,2008,44235950
Small Island Developing States (SIDS),,2009,68426660
Small Island Developing States (SIDS),,2010,82991890
Small Island Developing States (SIDS),,2011,63234510
Small Island Developing States (SIDS),,2012,71782430
Small Island Developing States (SIDS),,2013,90336380
Small Island Developing States (SIDS),,2014,81262050
Small Island Developing States (SIDS),,2015,91791970
Small Island Developing States (SIDS),,2016,81281340
Small Island Developing States (SIDS),,2017,81958320
Small Island Developing States (SIDS),,2018,75530820
Small Island Developing States (SIDS),,2019,70527170
Solomon Islands,SLB,2006,2100000
Solomon Islands,SLB,2007,2400000
Solomon Islands,SLB,2008,1900000
Solomon Islands,SLB,2009,3800000
Solomon Islands,SLB,2010,4700000
Solomon Islands,SLB,2011,5800000
Solomon Islands,SLB,2012,5400000
Solomon Islands,SLB,2013,6300000
Solomon Islands,SLB,2014,5400000
Solomon Islands,SLB,2015,6200000
Solomon Islands,SLB,2016,5200000
Solomon Islands,SLB,2017,8000000
Solomon Islands,SLB,2018,4500000
Solomon Islands,SLB,2019,4500000
Somalia,SOM,2007,0
Somalia,SOM,2009,100000
Somalia,SOM,2011,0
Somalia,SOM,2012,200000
Somalia,SOM,2013,300000
Somalia,SOM,2014,200000
Somalia,SOM,2015,300000
Somalia,SOM,2016,200000
Somalia,SOM,2017,700000
Somalia,SOM,2018,1700000
Somalia,SOM,2019,7300000
South Africa,ZAF,2006,400000
South Africa,ZAF,2007,900000
South Africa,ZAF,2008,2000000
South Africa,ZAF,2009,2700000
South Africa,ZAF,2010,6400000
South Africa,ZAF,2011,7300000
South Africa,ZAF,2012,7500000
South Africa,ZAF,2013,9200000
South Africa,ZAF,2014,8600000
South Africa,ZAF,2015,8600000
South Africa,ZAF,2016,8400000
South Africa,ZAF,2017,12200000
South Africa,ZAF,2018,7200000
South Africa,ZAF,2019,9100000
South America,,2006,4213420
South America,,2007,13606480
South America,,2008,45360170
South America,,2009,56211670
South America,,2010,40809010
South America,,2011,40951850
South America,,2012,49585140
South America,,2013,50295340
South America,,2014,42209900
South America,,2015,43287740
South America,,2016,32130969.999999996
South America,,2017,42703020
South America,,2018,39338830
South America,,2019,44768440
South Sudan,SSD,2011,200000
South Sudan,SSD,2012,300000
South Sudan,SSD,2013,1000000
South Sudan,SSD,2014,400000
South Sudan,SSD,2015,500000
South Sudan,SSD,2016,400000
South Sudan,SSD,2017,1600000
South Sudan,SSD,2018,800000
South Sudan,SSD,2019,1100000
South-eastern Asia,,2006,116551450
South-eastern Asia,,2007,121647460
South-eastern Asia,,2008,87175310
South-eastern Asia,,2009,166319100
South-eastern Asia,,2010,203978580
South-eastern Asia,,2011,202616010
South-eastern Asia,,2012,202339670
South-eastern Asia,,2013,228720080
South-eastern Asia,,2014,238420460
South-eastern Asia,,2015,181480450
South-eastern Asia,,2016,155558210
South-eastern Asia,,2017,104333080
South-eastern Asia,,2018,220752450
South-eastern Asia,,2019,165355400
Southern Africa,,2006,436950
Southern Africa,,2007,1520340
Southern Africa,,2008,3390980
Southern Africa,,2009,4686750
Southern Africa,,2010,7985390
Southern Africa,,2011,12018140
Southern Africa,,2012,10711170
Southern Africa,,2013,14157170
Southern Africa,,2014,12386490
Southern Africa,,2015,13650280
Southern Africa,,2016,11043960
Southern Africa,,2017,22176060
Southern Africa,,2018,10177650
Southern Africa,,2019,12502310
Southern Asia,,2006,18266570
Southern Asia,,2007,18274670
Southern Asia,,2008,39561620
Southern Asia,,2009,73848280
Southern Asia,,2010,86445980
Southern Asia,,2011,92254940
Southern Asia,,2012,98441670
Southern Asia,,2013,111562280
Southern Asia,,2014,94171260
Southern Asia,,2015,84225320
Southern Asia,,2016,64820910
Southern Asia,,2017,74606730
Southern Asia,,2018,80825030
Southern Asia,,2019,121631570
Southern Asia (excluding India),,2006,17130740
Southern Asia (excluding India),,2007,16019929.999999998
Southern Asia (excluding India),,2008,25164560
Southern Asia (excluding India),,2009,56779210
Southern Asia (excluding India),,2010,63918410
Southern Asia (excluding India),,2011,72273160
Southern Asia (excluding India),,2012,79500420
Southern Asia (excluding India),,2013,89021610
Southern Asia (excluding India),,2014,76359340
Southern Asia (excluding India),,2015,68281510
Southern Asia (excluding India),,2016,53806720
Southern Asia (excluding India),,2017,58626900
Southern Asia (excluding India),,2018,61377360
Southern Asia (excluding India),,2019,94406610
Southern Europe,,2006,4334480
Southern Europe,,2007,3512300
Southern Europe,,2008,6296600
Southern Europe,,2009,8982360
Southern Europe,,2010,8839720
Southern Europe,,2011,8482240
Southern Europe,,2012,8880230
Southern Europe,,2013,15448290
Southern Europe,,2014,13933930
Southern Europe,,2015,13834660
Southern Europe,,2016,15003450
Southern Europe,,2017,22903320
Southern Europe,,2018,21878790
Southern Europe,,2019,36498840
Sri Lanka,LKA,2006,3000000
Sri Lanka,LKA,2007,2200000
Sri Lanka,LKA,2008,2900000
Sri Lanka,LKA,2009,6400000
Sri Lanka,LKA,2010,7900000
Sri Lanka,LKA,2011,10500000
Sri Lanka,LKA,2012,10400000
Sri Lanka,LKA,2013,11200000
Sri Lanka,LKA,2014,10600000
Sri Lanka,LKA,2015,9500000
Sri Lanka,LKA,2016,6800000
Sri Lanka,LKA,2017,6300000
Sri Lanka,LKA,2018,6900000
Sri Lanka,LKA,2019,8800000
Sub-Saharan Africa,,2006,35893860
Sub-Saharan Africa,,2007,43410320
Sub-Saharan Africa,,2008,70593880
Sub-Saharan Africa,,2009,100133420
Sub-Saharan Africa,,2010,111546520
Sub-Saharan Africa,,2011,80000870
Sub-Saharan Africa,,2012,91569140
Sub-Saharan Africa,,2013,138002300
Sub-Saharan Africa,,2014,115797670
Sub-Saharan Africa,,2015,134722370
Sub-Saharan Africa,,2016,116736380
Sub-Saharan Africa,,2017,184127320
Sub-Saharan Africa,,2018,156933280
Sub-Saharan Africa,,2019,243604920
Sudan,SDN,2006,1600000
Sudan,SDN,2007,1000000
Sudan,SDN,2008,1900000
Sudan,SDN,2009,1700000
Sudan,SDN,2010,1500000
Sudan,SDN,2011,2000000
Sudan,SDN,2012,2400000
Sudan,SDN,2013,2400000
Sudan,SDN,2014,2100000
Sudan,SDN,2015,2500000
Sudan,SDN,2016,1800000
Sudan,SDN,2017,2400000
Sudan,SDN,2018,3400000
Sudan,SDN,2019,9600000
Suriname,SUR,2007,0
Suriname,SUR,2009,0
Suriname,SUR,2010,0
Suriname,SUR,2012,0
Suriname,SUR,2013,400000
Suriname,SUR,2014,500000
Suriname,SUR,2015,700000
Suriname,SUR,2016,700000
Suriname,SUR,2017,800000
Suriname,SUR,2018,900000
Suriname,SUR,2019,800000
Syria,SYR,2006,800000
Syria,SYR,2007,700000
Syria,SYR,2008,1800000
Syria,SYR,2009,2700000
Syria,SYR,2010,2900000
Syria,SYR,2011,3100000
Syria,SYR,2012,2800000
Syria,SYR,2013,3400000
Syria,SYR,2014,5200000
Syria,SYR,2015,8800000
Syria,SYR,2016,15300000
Syria,SYR,2017,12800000
Syria,SYR,2018,15300000
Syria,SYR,2019,50700000
Tajikistan,TJK,2006,0
Tajikistan,TJK,2007,0
Tajikistan,TJK,2008,300000
Tajikistan,TJK,2009,400000
Tajikistan,TJK,2010,800000
Tajikistan,TJK,2011,1700000
Tajikistan,TJK,2012,1800000
Tajikistan,TJK,2013,2000000
Tajikistan,TJK,2014,2000000
Tajikistan,TJK,2015,2000000
Tajikistan,TJK,2016,1700000
Tajikistan,TJK,2017,1400000
Tajikistan,TJK,2018,1800000
Tajikistan,TJK,2019,4400000
Tanzania,TZA,2006,1100000
Tanzania,TZA,2007,1600000
Tanzania,TZA,2008,2300000
Tanzania,TZA,2009,5100000
Tanzania,TZA,2010,3300000
Tanzania,TZA,2011,5700000
Tanzania,TZA,2012,4900000
Tanzania,TZA,2013,6500000
Tanzania,TZA,2014,5100000
Tanzania,TZA,2015,7800000
Tanzania,TZA,2016,4900000
Tanzania,TZA,2017,4500000
Tanzania,TZA,2018,5200000
Tanzania,TZA,2019,7200000
Thailand,THA,2006,500000
Thailand,THA,2007,900000
Thailand,THA,2008,3800000
Thailand,THA,2009,10300000
Thailand,THA,2010,18600000
Thailand,THA,2011,22000000
Thailand,THA,2012,16200000
Thailand,THA,2013,16600000.000000002
Thailand,THA,2014,17700000
Thailand,THA,2015,4800000
Thailand,THA,2016,3500000
Thailand,THA,2017,5300000
Thailand,THA,2018,5800000
Thailand,THA,2019,10300000
Timor,TLS,2006,3000000
Timor,TLS,2007,2300000
Timor,TLS,2008,2400000
Timor,TLS,2009,2800000
Timor,TLS,2010,4000000
Timor,TLS,2011,4300000
Timor,TLS,2012,6000000
Timor,TLS,2013,7000000
Timor,TLS,2014,6500000
Timor,TLS,2015,8100000
Timor,TLS,2016,7000000
Timor,TLS,2017,5700000
Timor,TLS,2018,4900000
Timor,TLS,2019,5400000
Togo,TGO,2006,900000
Togo,TGO,2007,700000
Togo,TGO,2008,1300000
Togo,TGO,2009,1800000
Togo,TGO,2010,1400000
Togo,TGO,2011,800000
Togo,TGO,2012,1400000
Togo,TGO,2013,2100000
Togo,TGO,2014,1700000
Togo,TGO,2015,1700000
Togo,TGO,2016,1400000
Togo,TGO,2017,1900000
Togo,TGO,2018,2100000
Togo,TGO,2019,4200000
Tokelau,TKL,2006,200000
Tokelau,TKL,2007,200000
Tokelau,TKL,2008,100000
Tokelau,TKL,2009,100000
Tokelau,TKL,2010,200000
Tokelau,TKL,2012,0
Tokelau,TKL,2014,0
Tokelau,TKL,2016,100000
Tokelau,TKL,2017,100000
Tokelau,TKL,2018,0
Tokelau,TKL,2019,0
Tonga,TON,2006,1500000
Tonga,TON,2007,1000000
Tonga,TON,2008,1400000
Tonga,TON,2009,3200000
Tonga,TON,2010,2300000
Tonga,TON,2011,2500000
Tonga,TON,2012,2900000
Tonga,TON,2013,3200000
Tonga,TON,2014,3300000
Tonga,TON,2015,3300000
Tonga,TON,2016,2200000
Tonga,TON,2017,3100000
Tonga,TON,2018,2900000
Tonga,TON,2019,2500000
Trinidad and Tobago,TTO,2008,100000
Trinidad and Tobago,TTO,2009,300000
Trinidad and Tobago,TTO,2010,100000
Tunisia,TUN,2006,1300000
Tunisia,TUN,2007,1400000
Tunisia,TUN,2008,5400000
Tunisia,TUN,2009,9300000
Tunisia,TUN,2010,5100000
Tunisia,TUN,2011,2800000
Tunisia,TUN,2012,5100000
Tunisia,TUN,2013,13300000
Tunisia,TUN,2014,12200000
Tunisia,TUN,2015,14900000
Tunisia,TUN,2016,13300000
Tunisia,TUN,2017,19300000
Tunisia,TUN,2018,17400000
Tunisia,TUN,2019,19300000
Turkey,TUR,2006,900000
Turkey,TUR,2007,900000
Turkey,TUR,2008,3500000
Turkey,TUR,2009,4900000
Turkey,TUR,2010,5100000
Turkey,TUR,2011,5800000
Turkey,TUR,2012,6900000
Turkey,TUR,2013,8700000
Turkey,TUR,2014,9000000
Turkey,TUR,2015,9600000
Turkey,TUR,2016,17100000
Turkey,TUR,2017,17100000
Turkey,TUR,2018,22200000
Turkey,TUR,2019,25200000
Turkmenistan,TKM,2007,0
Turkmenistan,TKM,2008,100000
Turkmenistan,TKM,2009,300000
Turkmenistan,TKM,2010,800000
Turkmenistan,TKM,2011,800000
Turkmenistan,TKM,2012,600000
Turkmenistan,TKM,2013,600000
Turkmenistan,TKM,2014,800000
Turkmenistan,TKM,2015,900000
Turkmenistan,TKM,2016,600000
Turkmenistan,TKM,2017,800000
Turkmenistan,TKM,2018,900000
Turkmenistan,TKM,2019,1600000
Tuvalu,TUV,2006,1000000
Tuvalu,TUV,2007,1000000
Tuvalu,TUV,2008,300000
Tuvalu,TUV,2009,700000
Tuvalu,TUV,2010,900000
Tuvalu,TUV,2011,900000
Tuvalu,TUV,2012,800000
Tuvalu,TUV,2013,1200000
Tuvalu,TUV,2014,1400000
Tuvalu,TUV,2015,1700000
Tuvalu,TUV,2016,1600000
Tuvalu,TUV,2017,1500000
Tuvalu,TUV,2018,1100000
Tuvalu,TUV,2019,1000000
Uganda,UGA,2006,800000
Uganda,UGA,2007,2000000
Uganda,UGA,2008,1600000
Uganda,UGA,2009,3300000
Uganda,UGA,2010,2100000
Uganda,UGA,2011,4800000
Uganda,UGA,2012,3900000
Uganda,UGA,2013,4900000
Uganda,UGA,2014,4099999.9999999995
Uganda,UGA,2015,5700000
Uganda,UGA,2016,4600000
Uganda,UGA,2017,4000000
Uganda,UGA,2018,3900000
Uganda,UGA,2019,6400000
Ukraine,UKR,2006,1100000
Ukraine,UKR,2007,1100000
Ukraine,UKR,2008,3400000
Ukraine,UKR,2009,4400000
Ukraine,UKR,2010,5100000
Ukraine,UKR,2011,5400000
Ukraine,UKR,2012,6300000
Ukraine,UKR,2013,9200000
Ukraine,UKR,2014,11800000
Ukraine,UKR,2015,11200000
Ukraine,UKR,2016,11800000
Ukraine,UKR,2017,12300000
Ukraine,UKR,2018,10900000
Ukraine,UKR,2019,14100000
Uruguay,URY,2006,200000
Uruguay,URY,2007,300000
Uruguay,URY,2008,1700000
Uruguay,URY,2009,1200000
Uruguay,URY,2010,600000
Uruguay,URY,2011,400000
Uruguay,URY,2012,700000
Uruguay,URY,2013,700000
Uruguay,URY,2014,500000
Uruguay,URY,2015,1400000
Uruguay,URY,2016,400000
Uruguay,URY,2017,800000
Uzbekistan,UZB,2006,3100000
Uzbekistan,UZB,2007,3100000
Uzbekistan,UZB,2008,3700000
Uzbekistan,UZB,2009,4099999.9999999995
Uzbekistan,UZB,2010,3900000
Uzbekistan,UZB,2011,6500000
Uzbekistan,UZB,2012,5300000
Uzbekistan,UZB,2013,5000000
Uzbekistan,UZB,2014,5300000
Uzbekistan,UZB,2015,4200000
Uzbekistan,UZB,2016,3700000
Uzbekistan,UZB,2017,6000000
Uzbekistan,UZB,2018,3400000
Uzbekistan,UZB,2019,6900000
Vanuatu,VUT,2006,2700000
Vanuatu,VUT,2007,1500000
Vanuatu,VUT,2008,2800000
Vanuatu,VUT,2009,5200000
Vanuatu,VUT,2010,4300000
Vanuatu,VUT,2011,3900000
Vanuatu,VUT,2012,3400000
Vanuatu,VUT,2013,4099999.9999999995
Vanuatu,VUT,2014,3800000
Vanuatu,VUT,2015,3200000
Vanuatu,VUT,2016,2800000
Vanuatu,VUT,2017,4099999.9999999995
Vanuatu,VUT,2018,3100000
Vanuatu,VUT,2019,2400000
Venezuela,VEN,2006,100000
Venezuela,VEN,2007,600000
Venezuela,VEN,2008,1900000
Venezuela,VEN,2009,2200000
Venezuela,VEN,2010,1300000
Venezuela,VEN,2011,1700000
Venezuela,VEN,2012,1700000
Venezuela,VEN,2013,2000000
Venezuela,VEN,2014,1600000
Venezuela,VEN,2015,1400000
Venezuela,VEN,2016,1000000
Venezuela,VEN,2017,1200000
Venezuela,VEN,2018,1500000
Venezuela,VEN,2019,1800000
Vietnam,VNM,2006,25800000
Vietnam,VNM,2007,24000000
Vietnam,VNM,2008,12800000
Vietnam,VNM,2009,35000000
Vietnam,VNM,2010,49900000
Vietnam,VNM,2011,50500000
Vietnam,VNM,2012,54400000
Vietnam,VNM,2013,65599999.99999999
Vietnam,VNM,2014,63400000
Vietnam,VNM,2015,45700000
Vietnam,VNM,2016,38100000
Vietnam,VNM,2017,17300000
Vietnam,VNM,2018,30300000
Vietnam,VNM,2019,27800000
Wallis and Futuna,WLF,2009,0
Wallis and Futuna,WLF,2010,0
Wallis and Futuna,WLF,2011,100000
Wallis and Futuna,WLF,2012,100000
Wallis and Futuna,WLF,2013,100000
Wallis and Futuna,WLF,2014,100000
Wallis and Futuna,WLF,2015,0
Western Africa,,2006,13191110
Western Africa,,2007,15075160
Western Africa,,2008,20180440
Western Africa,,2009,30424740
Western Africa,,2010,45789260
Western Africa,,2011,20663180
Western Africa,,2012,27955700
Western Africa,,2013,42839430
Western Africa,,2014,36331810
Western Africa,,2015,40953930
Western Africa,,2016,35384700
Western Africa,,2017,52468290
Western Africa,,2018,57703670
Western Africa,,2019,93089840
Western Asia,,2006,26052480
Western Asia,,2007,174359630
Western Asia,,2008,186511390
Western Asia,,2009,36232250
Western Asia,,2010,48204090
Western Asia,,2011,36196020
Western Asia,,2012,39196790
Western Asia,,2013,47807490
Western Asia,,2014,41671180
Western Asia,,2015,73304150
Western Asia,,2016,84985040
Western Asia,,2017,98169660
Western Asia,,2018,85159160
Western Asia,,2019,160479810
Yemen,YEM,2006,100000
Yemen,YEM,2007,0
Yemen,YEM,2008,700000
Yemen,YEM,2009,1400000
Yemen,YEM,2010,1200000
Yemen,YEM,2011,1800000
Yemen,YEM,2012,1700000
Yemen,YEM,2013,2000000
Yemen,YEM,2014,1600000
Yemen,YEM,2015,27300000
Yemen,YEM,2016,24800000
Yemen,YEM,2017,24400000
Yemen,YEM,2018,3400000
Yemen,YEM,2019,12300000
Zambia,ZMB,2006,600000
Zambia,ZMB,2007,300000
Zambia,ZMB,2008,5200000
Zambia,ZMB,2009,3100000
Zambia,ZMB,2010,1500000
Zambia,ZMB,2011,3500000
Zambia,ZMB,2012,2900000
Zambia,ZMB,2013,3800000
Zambia,ZMB,2014,2300000
Zambia,ZMB,2015,2800000
Zambia,ZMB,2016,2100000
Zambia,ZMB,2017,5200000
Zambia,ZMB,2018,3500000
Zambia,ZMB,2019,3500000
Zimbabwe,ZWE,2006,100000
Zimbabwe,ZWE,2007,100000
Zimbabwe,ZWE,2008,200000
Zimbabwe,ZWE,2009,2400000
Zimbabwe,ZWE,2010,1000000
Zimbabwe,ZWE,2011,1000000
Zimbabwe,ZWE,2012,1300000
Zimbabwe,ZWE,2013,1600000
Zimbabwe,ZWE,2014,1700000
Zimbabwe,ZWE,2015,3200000
Zimbabwe,ZWE,2016,1500000
Zimbabwe,ZWE,2017,1800000
Zimbabwe,ZWE,2018,2600000
Zimbabwe,ZWE,2019,3500000