Entity,Code,Year,"Youth literacy rate, population 15-24 years, male (%)"
Afghanistan,AFG,1979,45.7960205078125
Afghanistan,AFG,2011,61.87907
Albania,ALB,2001,99.36846
Albania,ALB,2008,98.53712
Albania,ALB,2011,98.73136
Albania,ALB,2012,99.37598
Algeria,DZA,1987,86.2300872802734
Algeria,DZA,2002,94.05754
Algeria,DZA,2006,94.38148000000001
Algeria,DZA,2008,95.74706
American Samoa,ASM,1980,97.8886184692383
Andorra,AND,2015,100
Andorra,AND,2016,100
Angola,AGO,2001,83.77693000000001
Angola,AGO,2014,84.86238
Arab World,,1985,82.0033493041992
Arab World,,1986,82.0033493041992
Arab World,,1987,82.0033493041992
Arab World,,1988,82.0033493041992
Arab World,,1989,82.0033493041992
Arab World,,1990,82.0033493041992
Arab World,,1991,82.0033493041992
Arab World,,1992,82.0033493041992
Arab World,,1993,82.0033493041992
Arab World,,1994,82.0033493041992
Arab World,,1995,87.18421173095699
Arab World,,1996,87.18421173095699
Arab World,,1997,87.18421173095699
Arab World,,1998,87.18421173095699
Arab World,,1999,87.18421173095699
Arab World,,2000,87.18421173095699
Arab World,,2001,87.18421173095699
Arab World,,2002,87.18421173095699
Arab World,,2003,87.18421173095699
Arab World,,2004,87.18421173095699
Arab World,,2005,91.6324920654297
Arab World,,2006,91.6324920654297
Arab World,,2007,91.6324920654297
Arab World,,2008,91.6324920654297
Arab World,,2009,91.6324920654297
Arab World,,2010,91.6324920654297
Arab World,,2011,91.6324920654297
Arab World,,2012,91.6324920654297
Arab World,,2013,91.6324920654297
Arab World,,2014,91.6324920654297
Argentina,ARG,1980,96.45922088623051
Argentina,ARG,1991,98.06549072265629
Argentina,ARG,2001,98.7079
Argentina,ARG,2015,99.13
Armenia,ARM,1989,99.9093704223633
Armenia,ARM,2001,99.75235
Armenia,ARM,2011,99.81841999999999
Aruba,ABW,2000,98.88176
Aruba,ABW,2010,98.96573000000001
Azerbaijan,AZE,1999,99.87034
Azerbaijan,AZE,2007,100
Azerbaijan,AZE,2009,99.95678000000001
Azerbaijan,AZE,2010,99.96745
Azerbaijan,AZE,2011,99.95603
Azerbaijan,AZE,2012,99.955
Azerbaijan,AZE,2013,99.97686999999999
Azerbaijan,AZE,2014,99.97624
Azerbaijan,AZE,2015,99.96367
Azerbaijan,AZE,2016,99.96238000000001
Bahrain,BHR,1981,89.6903762817383
Bahrain,BHR,1991,97.2586669921875
Bahrain,BHR,2001,96.82708000000001
Bahrain,BHR,2010,98.61991
Bangladesh,BGD,1981,44.3621597290039
Bangladesh,BGD,1991,51.7367286682129
Bangladesh,BGD,2001,67.16381
Bangladesh,BGD,2007,54.274330000000006
Bangladesh,BGD,2011,55.753930000000004
Bangladesh,BGD,2016,90.90535
Barbados,BRB,1970,99.7203903198242
Belarus,BLR,1989,99.7319793701172
Belarus,BLR,1999,99.75686999999999
Belarus,BLR,2009,99.80033
Belize,BLZ,1991,78.8059463500977
Benin,BEN,1979,45.7106399536133
Benin,BEN,1992,55.130218505859396
Benin,BEN,2002,59.20508
Benin,BEN,2006,54.86694
Benin,BEN,2012,63.94092
Bhutan,BTN,2005,80.04191999999999
Bhutan,BTN,2012,90.39581
Bolivia,BOL,1976,91.4681396484375
Bolivia,BOL,1992,96.3184127807617
Bolivia,BOL,2001,98.54929
Bolivia,BOL,2007,99.75361
Bolivia,BOL,2008,99.39023
Bolivia,BOL,2009,99.69364
Bolivia,BOL,2011,99.24663000000001
Bolivia,BOL,2012,99.16245
Bolivia,BOL,2015,99.39402
Bosnia and Herzegovina,BIH,2000,99.7482
Bosnia and Herzegovina,BIH,2011,99.75125
Bosnia and Herzegovina,BIH,2013,99.65765
Botswana,BWA,1991,85.9000701904297
Botswana,BWA,2003,92.08331
Brazil,BRA,1980,82.5567626953125
Brazil,BRA,2000,92.65401
Brazil,BRA,2004,95.78389
Brazil,BRA,2006,96.79700000000001
Brazil,BRA,2007,97.05688
Brazil,BRA,2008,97.18046
Brazil,BRA,2009,97.44572
Brazil,BRA,2010,96.71616999999999
Brazil,BRA,2011,97.90999000000001
Brazil,BRA,2012,98.22743
Brazil,BRA,2013,98.25204000000001
Brazil,BRA,2014,98.44697
Brunei,BRN,1981,94.06430053710942
Brunei,BRN,1991,98.10690307617192
Brunei,BRN,2001,98.8743
Brunei,BRN,2011,99.19989
Bulgaria,BGR,2001,98.30967
Bulgaria,BGR,2011,98.06693
Burkina Faso,BFA,1975,22.377130508422898
Burkina Faso,BFA,1991,26.7887992858887
Burkina Faso,BFA,1996,25.4782600402832
Burkina Faso,BFA,2003,38.38109
Burkina Faso,BFA,2005,40.37981
Burkina Faso,BFA,2006,39.821870000000004
Burkina Faso,BFA,2007,46.733740000000004
Burkina Faso,BFA,2014,56.994890000000005
Burundi,BDI,1979,40.9319915771484
Burundi,BDI,1990,59.497840881347706
Burundi,BDI,2000,76.78002
Burundi,BDI,2008,66.61451
Burundi,BDI,2014,85.29008
Cambodia,KHM,1998,81.8462905883789
Cambodia,KHM,2004,87.92011
Cambodia,KHM,2008,89.38368
Cambodia,KHM,2009,88.35611999999999
Cameroon,CMR,1976,79.5916519165039
Cameroon,CMR,2000,88.42245
Cameroon,CMR,2007,89.41731999999999
Cameroon,CMR,2010,85.39748
Cape Verde,CPV,1990,89.94896697998051
Cape Verde,CPV,2012,97.87189000000001
Cape Verde,CPV,2015,97.58501
Cayman Islands,CYM,2007,99.14231
Central African Republic,CAF,1988,62.561450958252
Central African Republic,CAF,2000,72.59475
Central African Republic,CAF,2010,48.8571
Chad,TCD,1993,26.246229171752898
Chad,TCD,2000,55.6862
Chad,TCD,2004,53.70823000000001
Chad,TCD,2015,51.8363
Chad,TCD,2016,40.692890000000006
Chile,CHL,1982,96.18222045898442
Chile,CHL,1992,98.1564483642578
Chile,CHL,2002,98.80364
Chile,CHL,2008,99.11452
Chile,CHL,2009,98.85938
Chile,CHL,2011,99.21439000000001
Chile,CHL,2013,99.00978
China,CHN,1982,95.2085418701172
China,CHN,1990,96.9769287109375
China,CHN,2000,99.19846
China,CHN,2010,99.68961999999999
Colombia,COL,1993,94.6445693969727
Colombia,COL,1996,96.3851165771484
Colombia,COL,2004,97.55252
Colombia,COL,2005,97.51703
Colombia,COL,2006,97.53366
Colombia,COL,2007,97.48288000000001
Colombia,COL,2008,97.54666
Colombia,COL,2009,97.44113
Colombia,COL,2010,97.68271999999999
Colombia,COL,2011,97.76047
Colombia,COL,2014,98.10670999999999
Colombia,COL,2015,98.15518
Comoros,COM,1980,69.35772705078129
Comoros,COM,2000,83.95133
Comoros,COM,2012,73.81076999999999
Congo,COG,2011,85.68361
Costa Rica,CRI,1984,96.7545166015625
Costa Rica,CRI,2000,97.19749
Costa Rica,CRI,2011,99.00768000000001
Cote d'Ivoire,CIV,1988,59.9322509765625
Cote d'Ivoire,CIV,1998,54.4031295776367
Cote d'Ivoire,CIV,2000,70.84071999999999
Cote d'Ivoire,CIV,2012,58.33263
Cote d'Ivoire,CIV,2014,59.12435
Croatia,HRV,1991,99.6661834716797
Croatia,HRV,2001,99.64426
Croatia,HRV,2011,99.71204
Cuba,CUB,2002,99.95741
Cuba,CUB,2012,99.85526999999999
Cyprus,CYP,1992,99.5799102783203
Cyprus,CYP,2001,99.73631
Cyprus,CYP,2011,99.80454
Democratic Republic of Congo,COD,2001,77.98111
Democratic Republic of Congo,COD,2007,78.93642
Democratic Republic of Congo,COD,2012,91.04756
Democratic Republic of Congo,COD,2016,90.96096999999999
Dominican Republic,DOM,1981,81.25730895996091
Dominican Republic,DOM,2002,92.99864000000001
Dominican Republic,DOM,2007,94.62720999999999
Dominican Republic,DOM,2010,95.7753
Dominican Republic,DOM,2011,96.09187
Dominican Republic,DOM,2012,96.32186999999999
Dominican Republic,DOM,2013,96.7627
Dominican Republic,DOM,2014,97.35356
Dominican Republic,DOM,2015,97.22539
East Asia and Pacific,,1985,96.3019790649414
East Asia and Pacific,,1986,96.3019790649414
East Asia and Pacific,,1987,96.3019790649414
East Asia and Pacific,,1988,96.3019790649414
East Asia and Pacific,,1989,96.3019790649414
East Asia and Pacific,,1990,96.3019790649414
East Asia and Pacific,,1991,96.3019790649414
East Asia and Pacific,,1992,96.3019790649414
East Asia and Pacific,,1993,96.3019790649414
East Asia and Pacific,,1994,96.3019790649414
East Asia and Pacific,,1995,98.31639862060551
East Asia and Pacific,,1996,98.31639862060551
East Asia and Pacific,,1997,98.31639862060551
East Asia and Pacific,,1998,98.31639862060551
East Asia and Pacific,,1999,98.31639862060551
East Asia and Pacific,,2000,98.31639862060551
East Asia and Pacific,,2001,98.31639862060551
East Asia and Pacific,,2002,98.31639862060551
East Asia and Pacific,,2003,98.31639862060551
East Asia and Pacific,,2004,98.31639862060551
East Asia and Pacific,,2005,99.0608673095703
East Asia and Pacific,,2006,99.0608673095703
East Asia and Pacific,,2007,99.0608673095703
East Asia and Pacific,,2008,99.0608673095703
East Asia and Pacific,,2009,99.0608673095703
East Asia and Pacific,,2010,99.0608673095703
East Asia and Pacific,,2011,99.0608673095703
East Asia and Pacific,,2012,99.0608673095703
East Asia and Pacific,,2013,99.0608673095703
East Asia and Pacific,,2014,99.0608673095703
East Asia and Pacific (excluding high-income countries),,1985,96.0098037719727
East Asia and Pacific (excluding high-income countries),,1986,96.0098037719727
East Asia and Pacific (excluding high-income countries),,1987,96.0098037719727
East Asia and Pacific (excluding high-income countries),,1988,96.0098037719727
East Asia and Pacific (excluding high-income countries),,1989,96.0098037719727
East Asia and Pacific (excluding high-income countries),,1990,96.0098037719727
East Asia and Pacific (excluding high-income countries),,1991,96.0098037719727
East Asia and Pacific (excluding high-income countries),,1992,96.0098037719727
East Asia and Pacific (excluding high-income countries),,1993,96.0098037719727
East Asia and Pacific (excluding high-income countries),,1994,96.0098037719727
East Asia and Pacific (excluding high-income countries),,1995,98.2124710083008
East Asia and Pacific (excluding high-income countries),,1996,98.2124710083008
East Asia and Pacific (excluding high-income countries),,1997,98.2124710083008
East Asia and Pacific (excluding high-income countries),,1998,98.2124710083008
East Asia and Pacific (excluding high-income countries),,1999,98.2124710083008
East Asia and Pacific (excluding high-income countries),,2000,98.2124710083008
East Asia and Pacific (excluding high-income countries),,2001,98.2124710083008
East Asia and Pacific (excluding high-income countries),,2002,98.2124710083008
East Asia and Pacific (excluding high-income countries),,2003,98.2124710083008
East Asia and Pacific (excluding high-income countries),,2004,98.2124710083008
East Asia and Pacific (excluding high-income countries),,2005,99.02587890625
East Asia and Pacific (excluding high-income countries),,2006,99.02587890625
East Asia and Pacific (excluding high-income countries),,2007,99.02587890625
East Asia and Pacific (excluding high-income countries),,2008,99.02587890625
East Asia and Pacific (excluding high-income countries),,2009,99.02587890625
East Asia and Pacific (excluding high-income countries),,2010,99.02587890625
East Asia and Pacific (excluding high-income countries),,2011,99.02587890625
East Asia and Pacific (excluding high-income countries),,2012,99.02587890625
East Asia and Pacific (excluding high-income countries),,2013,99.02587890625
East Asia and Pacific (excluding high-income countries),,2014,99.02587890625
Ecuador,ECU,1982,94.5548095703125
Ecuador,ECU,1990,96.5757675170898
Ecuador,ECU,2001,96.3794
Ecuador,ECU,2007,95.21831
Ecuador,ECU,2009,96.81895
Ecuador,ECU,2010,98.46887
Ecuador,ECU,2011,98.5865
Ecuador,ECU,2012,98.77316
Ecuador,ECU,2013,98.57941
Ecuador,ECU,2014,99.01074
Ecuador,ECU,2015,99.33717
Ecuador,ECU,2016,98.9792
Egypt,EGY,1976,63.040679931640604
Egypt,EGY,1986,71.38067626953129
Egypt,EGY,1996,78.990867614746
Egypt,EGY,2005,90.07911999999999
Egypt,EGY,2006,87.8568
Egypt,EGY,2010,90.55763
Egypt,EGY,2012,92.35576
Egypt,EGY,2013,93.64928
El Salvador,SLV,1992,84.9452590942383
El Salvador,SLV,2006,94.39686999999999
El Salvador,SLV,2007,93.21921999999999
El Salvador,SLV,2008,95.40501
El Salvador,SLV,2009,94.70805
El Salvador,SLV,2010,95.66904
El Salvador,SLV,2011,96.15056
El Salvador,SLV,2013,96.94699
El Salvador,SLV,2015,97.46197
Equatorial Guinea,GNQ,2000,97.6079
Eritrea,ERI,2002,86.25322
Eritrea,ERI,2008,91.28661
Estonia,EST,1989,99.8340225219727
Estonia,EST,2000,99.7291
Estonia,EST,2011,99.93924
Eswatini,SWZ,1976,76.0830764770508
Eswatini,SWZ,1986,83.08648681640629
Eswatini,SWZ,2000,90.69415
Eswatini,SWZ,2010,92.18741999999999
Ethiopia,ETH,1994,39.288669586181605
Ethiopia,ETH,2004,62.2
Ethiopia,ETH,2005,55.88474
Ethiopia,ETH,2007,62.97093
Europe and Central Asia,,1985,99.4618148803711
Europe and Central Asia,,1986,99.4618148803711
Europe and Central Asia,,1987,99.4618148803711
Europe and Central Asia,,1988,99.4618148803711
Europe and Central Asia,,1989,99.4618148803711
Europe and Central Asia,,1990,99.4618148803711
Europe and Central Asia,,1991,99.4618148803711
Europe and Central Asia,,1992,99.4618148803711
Europe and Central Asia,,1993,99.4618148803711
Europe and Central Asia,,1994,99.4618148803711
Europe and Central Asia,,1995,99.4999008178711
Europe and Central Asia,,1996,99.4999008178711
Europe and Central Asia,,1997,99.4999008178711
Europe and Central Asia,,1998,99.4999008178711
Europe and Central Asia,,1999,99.4999008178711
Europe and Central Asia,,2000,99.4999008178711
Europe and Central Asia,,2001,99.4999008178711
Europe and Central Asia,,2002,99.4999008178711
Europe and Central Asia,,2003,99.4999008178711
Europe and Central Asia,,2004,99.4999008178711
Europe and Central Asia,,2005,99.7425537109375
Europe and Central Asia,,2006,99.7425537109375
Europe and Central Asia,,2007,99.7425537109375
Europe and Central Asia,,2008,99.7425537109375
Europe and Central Asia,,2009,99.7425537109375
Europe and Central Asia,,2010,99.7425537109375
Europe and Central Asia,,2011,99.7425537109375
Europe and Central Asia,,2012,99.7425537109375
Europe and Central Asia,,2013,99.7425537109375
Europe and Central Asia,,2014,99.7425537109375
Europe and Central Asia (excluding high-income countries),,1985,99.12866973876949
Europe and Central Asia (excluding high-income countries),,1986,99.12866973876949
Europe and Central Asia (excluding high-income countries),,1987,99.12866973876949
Europe and Central Asia (excluding high-income countries),,1988,99.12866973876949
Europe and Central Asia (excluding high-income countries),,1989,99.12866973876949
Europe and Central Asia (excluding high-income countries),,1990,99.12866973876949
Europe and Central Asia (excluding high-income countries),,1991,99.12866973876949
Europe and Central Asia (excluding high-income countries),,1992,99.12866973876949
Europe and Central Asia (excluding high-income countries),,1993,99.12866973876949
Europe and Central Asia (excluding high-income countries),,1994,99.12866973876949
Europe and Central Asia (excluding high-income countries),,1995,99.2681503295898
Europe and Central Asia (excluding high-income countries),,1996,99.2681503295898
Europe and Central Asia (excluding high-income countries),,1997,99.2681503295898
Europe and Central Asia (excluding high-income countries),,1998,99.2681503295898
Europe and Central Asia (excluding high-income countries),,1999,99.2681503295898
Europe and Central Asia (excluding high-income countries),,2000,99.2681503295898
Europe and Central Asia (excluding high-income countries),,2001,99.2681503295898
Europe and Central Asia (excluding high-income countries),,2002,99.2681503295898
Europe and Central Asia (excluding high-income countries),,2003,99.2681503295898
Europe and Central Asia (excluding high-income countries),,2004,99.2681503295898
Europe and Central Asia (excluding high-income countries),,2005,99.6876678466797
Europe and Central Asia (excluding high-income countries),,2006,99.6876678466797
Europe and Central Asia (excluding high-income countries),,2007,99.6876678466797
Europe and Central Asia (excluding high-income countries),,2008,99.6876678466797
Europe and Central Asia (excluding high-income countries),,2009,99.6876678466797
Europe and Central Asia (excluding high-income countries),,2010,99.6876678466797
Europe and Central Asia (excluding high-income countries),,2011,99.6876678466797
Europe and Central Asia (excluding high-income countries),,2012,99.6876678466797
Europe and Central Asia (excluding high-income countries),,2013,99.6876678466797
Europe and Central Asia (excluding high-income countries),,2014,99.6876678466797
Gabon,GAB,1993,94.4075469970703
Gabon,GAB,2012,87.38959
Gambia,GMB,2000,64.34049
Gambia,GMB,2013,65.97576
Georgia,GEO,2002,99.78848
Georgia,GEO,2014,99.67772
Ghana,GHA,2000,75.9459
Ghana,GHA,2010,88.31075
Greece,GRC,1981,99.0480575561523
Greece,GRC,1991,98.988426208496
Greece,GRC,2001,98.89446
Greece,GRC,2005,99.53356
Greece,GRC,2007,99.44521
Greece,GRC,2009,99.51223
Greece,GRC,2011,98.58221
Greenland,GRL,2015,100
Grenada,GRD,1970,98.845359802246
Guam,GUM,1980,95.3572616577148
Guam,GUM,1990,99.9000015258789
Guatemala,GTM,1994,81.721061706543
Guatemala,GTM,2002,86.37878
Guatemala,GTM,2012,95.46641
Guatemala,GTM,2013,94.18228
Guatemala,GTM,2014,95.48186
Guinea,GIN,1996,44.1200485229492
Guinea,GIN,2003,59.46236999999999
Guinea,GIN,2010,37.56715
Guinea,GIN,2014,56.97051
Guinea-Bissau,GNB,1979,59.6943702697754
Guinea-Bissau,GNB,2000,74.80124
Guinea-Bissau,GNB,2014,71.25033
Guyana,GUY,2009,92.42121
Guyana,GUY,2014,96.33185999999999
Haiti,HTI,1982,51.261348724365206
Haiti,HTI,2003,82.65737
Haiti,HTI,2006,74.36740999999999
Heavily-indebted poor countries,,1985,65.1201324462891
Heavily-indebted poor countries,,1986,65.1201324462891
Heavily-indebted poor countries,,1987,65.1201324462891
Heavily-indebted poor countries,,1988,65.1201324462891
Heavily-indebted poor countries,,1989,65.1201324462891
Heavily-indebted poor countries,,1990,65.1201324462891
Heavily-indebted poor countries,,1991,65.1201324462891
Heavily-indebted poor countries,,1992,65.1201324462891
Heavily-indebted poor countries,,1993,65.1201324462891
Heavily-indebted poor countries,,1994,65.1201324462891
Heavily-indebted poor countries,,1995,70.6976089477539
Heavily-indebted poor countries,,1996,70.6976089477539
Heavily-indebted poor countries,,1997,70.6976089477539
Heavily-indebted poor countries,,1998,70.6976089477539
Heavily-indebted poor countries,,1999,70.6976089477539
Heavily-indebted poor countries,,2000,70.6976089477539
Heavily-indebted poor countries,,2001,70.6976089477539
Heavily-indebted poor countries,,2002,70.6976089477539
Heavily-indebted poor countries,,2003,70.6976089477539
Heavily-indebted poor countries,,2004,70.6976089477539
Heavily-indebted poor countries,,2005,74.6337432861328
Heavily-indebted poor countries,,2006,74.6337432861328
Heavily-indebted poor countries,,2007,74.6337432861328
Heavily-indebted poor countries,,2008,74.6337432861328
Heavily-indebted poor countries,,2009,74.6337432861328
Heavily-indebted poor countries,,2010,74.6337432861328
Heavily-indebted poor countries,,2011,74.6337432861328
Heavily-indebted poor countries,,2012,74.6337432861328
Heavily-indebted poor countries,,2013,74.6337432861328
Heavily-indebted poor countries,,2014,74.6337432861328
Honduras,HND,2001,86.89099
Honduras,HND,2007,92.69526
Honduras,HND,2010,94.44801
Honduras,HND,2011,94.93154
Honduras,HND,2012,94.00283
Honduras,HND,2013,93.85074
Honduras,HND,2014,95.04737
Honduras,HND,2015,94.99325
Honduras,HND,2016,94.94519
Hungary,HUN,1980,99.42166137695308
Hungary,HUN,1994,99.1106796264648
India,IND,1981,66.3148727416992
India,IND,1991,73.5097198486328
India,IND,2001,84.19224
India,IND,2006,88.41184
India,IND,2011,90.04483
Indonesia,IDN,1980,89.591209411621
Indonesia,IDN,1990,97.4022674560547
Indonesia,IDN,2004,98.86708
Indonesia,IDN,2006,97.02747
Indonesia,IDN,2008,99.53748
Indonesia,IDN,2009,99.55003
Indonesia,IDN,2011,98.80384000000001
Indonesia,IDN,2014,99.68156
Indonesia,IDN,2015,99.70176
Indonesia,IDN,2016,99.68345
Iran,IRN,1976,70.9001693725585
Iran,IRN,1986,84.5260772705078
Iran,IRN,1991,92.4355010986328
Iran,IRN,1996,95.5168228149414
Iran,IRN,2005,98.10998000000001
Iran,IRN,2006,97.14548
Iran,IRN,2008,98.25652
Iran,IRN,2012,98.33391999999999
Iran,IRN,2013,98.10902
Iran,IRN,2014,98.19154
Iraq,IRQ,2000,88.91216999999999
Iraq,IRQ,2013,57.00646999999999
Israel,ISR,1983,99.05457305908199
Italy,ITA,1981,99.6975936889648
Italy,ITA,2001,99.80447
Italy,ITA,2011,99.85103000000001
Jamaica,JAM,1999,87.31139
Jordan,JOR,1979,95.792137145996
Jordan,JOR,2003,99.32879
Jordan,JOR,2005,98.931
Jordan,JOR,2007,98.95204
Jordan,JOR,2010,98.75873
Jordan,JOR,2011,99.05083
Jordan,JOR,2012,99.00204000000001
Kazakhstan,KAZ,1989,99.6977081298828
Kazakhstan,KAZ,1999,99.81603
Kazakhstan,KAZ,2009,99.80391
Kazakhstan,KAZ,2010,99.94014
Kenya,KEN,2000,93.30951999999999
Kenya,KEN,2007,83.20541999999999
Kenya,KEN,2014,86.93869000000001
Kuwait,KWT,1975,77.6922302246094
Kuwait,KWT,1980,81.2881622314453
Kuwait,KWT,1985,90.6923294067383
Kuwait,KWT,1995,93.7998886108398
Kuwait,KWT,2005,99.69097
Kuwait,KWT,2006,98.52218
Kuwait,KWT,2007,98.39884
Kuwait,KWT,2008,98.56515999999999
Kuwait,KWT,2010,99.06282
Kuwait,KWT,2012,98.73638000000001
Kuwait,KWT,2013,99.25229
Kuwait,KWT,2015,99.15068000000001
Kyrgyzstan,KGZ,1999,99.65078000000001
Kyrgyzstan,KGZ,2009,99.70463000000001
Laos,LAO,1995,78.815788269043
Laos,LAO,2000,88.06197
Laos,LAO,2001,82.59933000000001
Laos,LAO,2005,89.18749
Laos,LAO,2011,77.27266999999999
Latin America and the Caribbean,,1985,93.6802520751953
Latin America and the Caribbean,,1986,93.6802520751953
Latin America and the Caribbean,,1987,93.6802520751953
Latin America and the Caribbean,,1988,93.6802520751953
Latin America and the Caribbean,,1989,93.6802520751953
Latin America and the Caribbean,,1990,93.6802520751953
Latin America and the Caribbean,,1991,93.6802520751953
Latin America and the Caribbean,,1992,93.6802520751953
Latin America and the Caribbean,,1993,93.6802520751953
Latin America and the Caribbean,,1994,93.6802520751953
Latin America and the Caribbean,,1995,95.9468002319336
Latin America and the Caribbean,,1996,95.9468002319336
Latin America and the Caribbean,,1997,95.9468002319336
Latin America and the Caribbean,,1998,95.9468002319336
Latin America and the Caribbean,,1999,95.9468002319336
Latin America and the Caribbean,,2000,95.9468002319336
Latin America and the Caribbean,,2001,95.9468002319336
Latin America and the Caribbean,,2002,95.9468002319336
Latin America and the Caribbean,,2003,95.9468002319336
Latin America and the Caribbean,,2004,95.9468002319336
Latin America and the Caribbean,,2005,97.7121429443359
Latin America and the Caribbean,,2006,97.7121429443359
Latin America and the Caribbean,,2007,97.7121429443359
Latin America and the Caribbean,,2008,97.7121429443359
Latin America and the Caribbean,,2009,97.7121429443359
Latin America and the Caribbean,,2010,97.7121429443359
Latin America and the Caribbean,,2011,97.7121429443359
Latin America and the Caribbean,,2012,97.7121429443359
Latin America and the Caribbean,,2013,97.7121429443359
Latin America and the Caribbean,,2014,97.7121429443359
Latin America and the Caribbean (excluding high-income countries),,1985,93.51666259765629
Latin America and the Caribbean (excluding high-income countries),,1986,93.51666259765629
Latin America and the Caribbean (excluding high-income countries),,1987,93.51666259765629
Latin America and the Caribbean (excluding high-income countries),,1988,93.51666259765629
Latin America and the Caribbean (excluding high-income countries),,1989,93.51666259765629
Latin America and the Caribbean (excluding high-income countries),,1990,93.51666259765629
Latin America and the Caribbean (excluding high-income countries),,1991,93.51666259765629
Latin America and the Caribbean (excluding high-income countries),,1992,93.51666259765629
Latin America and the Caribbean (excluding high-income countries),,1993,93.51666259765629
Latin America and the Caribbean (excluding high-income countries),,1994,93.51666259765629
Latin America and the Caribbean (excluding high-income countries),,1995,95.8967056274414
Latin America and the Caribbean (excluding high-income countries),,1996,95.8967056274414
Latin America and the Caribbean (excluding high-income countries),,1997,95.8967056274414
Latin America and the Caribbean (excluding high-income countries),,1998,95.8967056274414
Latin America and the Caribbean (excluding high-income countries),,1999,95.8967056274414
Latin America and the Caribbean (excluding high-income countries),,2000,95.8967056274414
Latin America and the Caribbean (excluding high-income countries),,2001,95.8967056274414
Latin America and the Caribbean (excluding high-income countries),,2002,95.8967056274414
Latin America and the Caribbean (excluding high-income countries),,2003,95.8967056274414
Latin America and the Caribbean (excluding high-income countries),,2004,95.8967056274414
Latin America and the Caribbean (excluding high-income countries),,2005,97.6651229858398
Latin America and the Caribbean (excluding high-income countries),,2006,97.6651229858398
Latin America and the Caribbean (excluding high-income countries),,2007,97.6651229858398
Latin America and the Caribbean (excluding high-income countries),,2008,97.6651229858398
Latin America and the Caribbean (excluding high-income countries),,2009,97.6651229858398
Latin America and the Caribbean (excluding high-income countries),,2010,97.6651229858398
Latin America and the Caribbean (excluding high-income countries),,2011,97.6651229858398
Latin America and the Caribbean (excluding high-income countries),,2012,97.6651229858398
Latin America and the Caribbean (excluding high-income countries),,2013,97.6651229858398
Latin America and the Caribbean (excluding high-income countries),,2014,97.6651229858398
Latvia,LVA,1989,99.7500534057617
Latvia,LVA,2000,99.71818
Latvia,LVA,2011,99.80219
Least-developed countries,,1985,64.45965576171879
Least-developed countries,,1986,64.45965576171879
Least-developed countries,,1987,64.45965576171879
Least-developed countries,,1988,64.45965576171879
Least-developed countries,,1989,64.45965576171879
Least-developed countries,,1990,64.45965576171879
Least-developed countries,,1991,64.45965576171879
Least-developed countries,,1992,64.45965576171879
Least-developed countries,,1993,64.45965576171879
Least-developed countries,,1994,64.45965576171879
Least-developed countries,,1995,72.04661560058591
Least-developed countries,,1996,72.04661560058591
Least-developed countries,,1997,72.04661560058591
Least-developed countries,,1998,72.04661560058591
Least-developed countries,,1999,72.04661560058591
Least-developed countries,,2000,72.04661560058591
Least-developed countries,,2001,72.04661560058591
Least-developed countries,,2002,72.04661560058591
Least-developed countries,,2003,72.04661560058591
Least-developed countries,,2004,72.04661560058591
Least-developed countries,,2005,77.2887725830078
Least-developed countries,,2006,77.2887725830078
Least-developed countries,,2007,77.2887725830078
Least-developed countries,,2008,77.2887725830078
Least-developed countries,,2009,77.2887725830078
Least-developed countries,,2010,77.2887725830078
Least-developed countries,,2011,77.2887725830078
Least-developed countries,,2012,77.2887725830078
Least-developed countries,,2013,77.2887725830078
Least-developed countries,,2014,77.2887725830078
Lebanon,LBN,2007,98.39605999999999
Lebanon,LBN,2009,99.16173
Lesotho,LSO,2000,84.82558
Lesotho,LSO,2009,74.18503
Lesotho,LSO,2014,79.60804
Liberia,LBR,1984,62.8272895812988
Liberia,LBR,1994,65.7604217529297
Liberia,LBR,2007,63.45101999999999
Libya,LBY,1984,97.85204315185551
Libya,LBY,1994,99.4237823486328
Lithuania,LTU,1989,99.6411819458008
Lithuania,LTU,2001,99.66221999999999
Lithuania,LTU,2011,99.84546999999999
Low and middle-income countries,,1985,85.8786163330078
Low and middle-income countries,,1986,85.8786163330078
Low and middle-income countries,,1987,85.8786163330078
Low and middle-income countries,,1988,85.8786163330078
Low and middle-income countries,,1989,85.8786163330078
Low and middle-income countries,,1990,85.8786163330078
Low and middle-income countries,,1991,85.8786163330078
Low and middle-income countries,,1992,85.8786163330078
Low and middle-income countries,,1993,85.8786163330078
Low and middle-income countries,,1994,85.8786163330078
Low and middle-income countries,,1995,89.0930709838867
Low and middle-income countries,,1996,89.0930709838867
Low and middle-income countries,,1997,89.0930709838867
Low and middle-income countries,,1998,89.0930709838867
Low and middle-income countries,,1999,89.0930709838867
Low and middle-income countries,,2000,89.0930709838867
Low and middle-income countries,,2001,89.0930709838867
Low and middle-income countries,,2002,89.0930709838867
Low and middle-income countries,,2003,89.0930709838867
Low and middle-income countries,,2004,89.0930709838867
Low and middle-income countries,,2005,91.6576690673828
Low and middle-income countries,,2006,91.6576690673828
Low and middle-income countries,,2007,91.6576690673828
Low and middle-income countries,,2008,91.6576690673828
Low and middle-income countries,,2009,91.6576690673828
Low and middle-income countries,,2010,91.6576690673828
Low and middle-income countries,,2011,91.6576690673828
Low and middle-income countries,,2012,91.6576690673828
Low and middle-income countries,,2013,91.6576690673828
Low and middle-income countries,,2014,91.6576690673828
Low-income countries,,1985,64.10593414306639
Low-income countries,,1986,64.10593414306639
Low-income countries,,1987,64.10593414306639
Low-income countries,,1988,64.10593414306639
Low-income countries,,1989,64.10593414306639
Low-income countries,,1990,64.10592651367189
Low-income countries,,1991,64.10593414306639
Low-income countries,,1992,64.10593414306639
Low-income countries,,1993,64.10593414306639
Low-income countries,,1994,64.10593414306639
Low-income countries,,1995,69.8038177490234
Low-income countries,,1996,69.8038177490234
Low-income countries,,1997,69.8038177490234
Low-income countries,,1998,69.8038177490234
Low-income countries,,1999,69.8038177490234
Low-income countries,,2000,69.8038177490234
Low-income countries,,2001,69.8038177490234
Low-income countries,,2002,69.8038177490234
Low-income countries,,2003,69.8038177490234
Low-income countries,,2004,69.8038177490234
Low-income countries,,2005,73.2341232299805
Low-income countries,,2006,73.2341232299805
Low-income countries,,2007,73.2341232299805
Low-income countries,,2008,73.2341232299805
Low-income countries,,2009,73.2341232299805
Low-income countries,,2010,73.2341232299805
Low-income countries,,2011,73.2341232299805
Low-income countries,,2012,73.2341232299805
Low-income countries,,2013,73.2341232299805
Low-income countries,,2014,73.2341232299805
Lower-middle-income countries,,1985,78.51841735839841
Lower-middle-income countries,,1986,78.51841735839841
Lower-middle-income countries,,1987,78.51841735839841
Lower-middle-income countries,,1988,78.51841735839841
Lower-middle-income countries,,1989,78.51841735839841
Lower-middle-income countries,,1990,78.51841735839841
Lower-middle-income countries,,1991,78.51841735839841
Lower-middle-income countries,,1992,78.51841735839841
Lower-middle-income countries,,1993,78.51841735839841
Lower-middle-income countries,,1994,78.51841735839841
Lower-middle-income countries,,1995,84.9283218383789
Lower-middle-income countries,,1996,84.9283218383789
Lower-middle-income countries,,1997,84.9283218383789
Lower-middle-income countries,,1998,84.9283218383789
Lower-middle-income countries,,1999,84.9283218383789
Lower-middle-income countries,,2000,84.9283218383789
Lower-middle-income countries,,2001,84.9283218383789
Lower-middle-income countries,,2002,84.9283218383789
Lower-middle-income countries,,2003,84.9283218383789
Lower-middle-income countries,,2004,84.9283218383789
Lower-middle-income countries,,2005,89.4783477783203
Lower-middle-income countries,,2006,89.4783477783203
Lower-middle-income countries,,2007,89.4783477783203
Lower-middle-income countries,,2008,89.4783477783203
Lower-middle-income countries,,2009,89.4783477783203
Lower-middle-income countries,,2010,89.4783477783203
Lower-middle-income countries,,2011,89.4783477783203
Lower-middle-income countries,,2012,89.4783477783203
Lower-middle-income countries,,2013,89.4783477783203
Lower-middle-income countries,,2014,89.4783477783203
Macao,MAC,1981,95.1423873901367
Macao,MAC,2001,99.43009
Macao,MAC,2006,99.58699
Macao,MAC,2011,99.65496999999999
Macao,MAC,2016,99.72689
Madagascar,MDG,2000,72.65446
Madagascar,MDG,2009,65.91478000000001
Madagascar,MDG,2012,78.41248
Malawi,MWI,1987,70.4406509399414
Malawi,MWI,1998,82.0912322998047
Malawi,MWI,2010,74.26925
Malawi,MWI,2014,78.78466
Malawi,MWI,2015,72.49172
Malaysia,MYS,1980,89.49591064453129
Malaysia,MYS,1991,95.9064407348633
Malaysia,MYS,2000,97.20814
Malaysia,MYS,2010,98.38104
Maldives,MDV,1977,84.13037109375
Maldives,MDV,1985,94.88720703125
Maldives,MDV,1990,98.0773086547852
Maldives,MDV,1995,98.03439331054692
Maldives,MDV,2000,98.03439
Maldives,MDV,2006,99.24022
Maldives,MDV,2014,99.08133000000001
Mali,MLI,1976,26.6656303405762
Mali,MLI,1998,32.2511787414551
Mali,MLI,2006,47.37997
Mali,MLI,2010,56.371269999999996
Mali,MLI,2011,56.31502
Mali,MLI,2015,60.525490000000005
Malta,MLT,1995,94.3650665283203
Malta,MLT,2005,97.45976
Malta,MLT,2011,98.40398
Marshall Islands,MHL,2011,98.16972
Mauritania,MRT,2000,67.73265
Mauritania,MRT,2007,66.39988000000001
Mauritius,MUS,1990,90.6955718994141
Mauritius,MUS,2000,93.72184
Mauritius,MUS,2011,97.68915
Mexico,MEX,1980,93.08718872070308
Mexico,MEX,1990,95.9634628295898
Mexico,MEX,2000,96.7512
Mexico,MEX,2002,97.9407
Mexico,MEX,2004,97.5173
Mexico,MEX,2005,97.64425
Mexico,MEX,2006,98.10611999999999
Mexico,MEX,2007,98.19888
Mexico,MEX,2008,98.40971
Mexico,MEX,2009,98.67003000000001
Mexico,MEX,2010,98.37557
Mexico,MEX,2011,98.41656
Mexico,MEX,2012,98.72036999999999
Mexico,MEX,2013,98.52684
Mexico,MEX,2014,98.92220999999999
Mexico,MEX,2015,98.87351
Middle East and North Africa,,1985,85.64178466796879
Middle East and North Africa,,1986,85.64178466796879
Middle East and North Africa,,1987,85.64178466796879
Middle East and North Africa,,1988,85.64178466796879
Middle East and North Africa,,1989,85.64178466796879
Middle East and North Africa,,1990,85.64178466796879
Middle East and North Africa,,1991,85.64178466796879
Middle East and North Africa,,1992,85.64178466796879
Middle East and North Africa,,1993,85.64178466796879
Middle East and North Africa,,1994,85.64178466796879
Middle East and North Africa,,1995,91.2821197509766
Middle East and North Africa,,1996,91.2821197509766
Middle East and North Africa,,1997,91.2821197509766
Middle East and North Africa,,1998,91.2821197509766
Middle East and North Africa,,1999,91.2821197509766
Middle East and North Africa,,2000,91.2821197509766
Middle East and North Africa,,2001,91.2821197509766
Middle East and North Africa,,2002,91.2821197509766
Middle East and North Africa,,2003,91.2821197509766
Middle East and North Africa,,2004,91.2821197509766
Middle East and North Africa,,2005,94.67151641845699
Middle East and North Africa,,2006,94.67151641845699
Middle East and North Africa,,2007,94.67151641845699
Middle East and North Africa,,2008,94.67151641845699
Middle East and North Africa,,2009,94.67151641845699
Middle East and North Africa,,2010,94.67151641845699
Middle East and North Africa,,2011,94.67151641845699
Middle East and North Africa,,2012,94.67151641845699
Middle East and North Africa,,2013,94.67151641845699
Middle East and North Africa,,2014,94.67151641845699
Middle East and North Africa (excluding high-income countries),,1985,84.6396484375
Middle East and North Africa (excluding high-income countries),,1986,84.6396484375
Middle East and North Africa (excluding high-income countries),,1987,84.6396484375
Middle East and North Africa (excluding high-income countries),,1988,84.6396484375
Middle East and North Africa (excluding high-income countries),,1989,84.6396484375
Middle East and North Africa (excluding high-income countries),,1990,84.6396484375
Middle East and North Africa (excluding high-income countries),,1991,84.6396484375
Middle East and North Africa (excluding high-income countries),,1992,84.6396484375
Middle East and North Africa (excluding high-income countries),,1993,84.6396484375
Middle East and North Africa (excluding high-income countries),,1994,84.6396484375
Middle East and North Africa (excluding high-income countries),,1995,90.6222915649414
Middle East and North Africa (excluding high-income countries),,1996,90.6222915649414
Middle East and North Africa (excluding high-income countries),,1997,90.6222915649414
Middle East and North Africa (excluding high-income countries),,1998,90.6222915649414
Middle East and North Africa (excluding high-income countries),,1999,90.6222915649414
Middle East and North Africa (excluding high-income countries),,2000,90.6222915649414
Middle East and North Africa (excluding high-income countries),,2001,90.6222915649414
Middle East and North Africa (excluding high-income countries),,2002,90.6222915649414
Middle East and North Africa (excluding high-income countries),,2003,90.6222915649414
Middle East and North Africa (excluding high-income countries),,2004,90.6222915649414
Middle East and North Africa (excluding high-income countries),,2005,94.1202392578125
Middle East and North Africa (excluding high-income countries),,2006,94.1202392578125
Middle East and North Africa (excluding high-income countries),,2007,94.1202392578125
Middle East and North Africa (excluding high-income countries),,2008,94.1202392578125
Middle East and North Africa (excluding high-income countries),,2009,94.1202392578125
Middle East and North Africa (excluding high-income countries),,2010,94.1202392578125
Middle East and North Africa (excluding high-income countries),,2011,94.1202392578125
Middle East and North Africa (excluding high-income countries),,2012,94.1202392578125
Middle East and North Africa (excluding high-income countries),,2013,94.1202392578125
Middle East and North Africa (excluding high-income countries),,2014,94.1202392578125
Middle-income countries,,1985,87.619140625
Middle-income countries,,1986,87.619140625
Middle-income countries,,1987,87.619140625
Middle-income countries,,1988,87.619140625
Middle-income countries,,1989,87.619140625
Middle-income countries,,1990,87.619140625
Middle-income countries,,1991,87.619140625
Middle-income countries,,1992,87.619140625
Middle-income countries,,1993,87.619140625
Middle-income countries,,1994,87.619140625
Middle-income countries,,1995,90.9976348876953
Middle-income countries,,1996,90.9976348876953
Middle-income countries,,1997,90.9976348876953
Middle-income countries,,1998,90.9976348876953
Middle-income countries,,1999,90.9976348876953
Middle-income countries,,2000,90.9976272583008
Middle-income countries,,2001,90.9976348876953
Middle-income countries,,2002,90.9976348876953
Middle-income countries,,2003,90.9976348876953
Middle-income countries,,2004,90.9976348876953
Middle-income countries,,2005,93.7023773193359
Middle-income countries,,2006,93.7023773193359
Middle-income countries,,2007,93.7023773193359
Middle-income countries,,2008,93.7023773193359
Middle-income countries,,2009,93.7023773193359
Middle-income countries,,2010,93.7023773193359
Middle-income countries,,2011,93.7023773193359
Middle-income countries,,2012,93.7023773193359
Middle-income countries,,2013,93.7023773193359
Middle-income countries,,2014,93.7023773193359
Moldova,MDA,1989,99.72015380859379
Moldova,MDA,2000,99.40321
Moldova,MDA,2012,99.33775
Mongolia,MNG,2000,96.99861
Mongolia,MNG,2010,98.02181
Montenegro,MNE,1981,99.1471099853516
Montenegro,MNE,1991,99.26254272460942
Montenegro,MNE,2003,99.45795
Montenegro,MNE,2011,99.36079000000001
Morocco,MAR,1982,58.1169204711914
Morocco,MAR,1994,71.384910583496
Morocco,MAR,2004,80.80266999999999
Morocco,MAR,2008,85.80525
Morocco,MAR,2009,86.72861999999999
Morocco,MAR,2011,88.82942
Morocco,MAR,2012,94.62719
Mozambique,MOZ,1980,63.9541816711426
Mozambique,MOZ,1997,59.452701568603494
Mozambique,MOZ,2003,74.36055
Mozambique,MOZ,2009,79.84044
Myanmar,MMR,1983,88.56580352783199
Myanmar,MMR,2000,95.7881
Myanmar,MMR,2016,85.11967
Namibia,NAM,1991,85.70274353027341
Namibia,NAM,2001,91.14834
Namibia,NAM,2007,83.23858
Namibia,NAM,2011,93.45852
Nepal,NPL,1981,45.0961418151855
Nepal,NPL,1991,68.2296295166016
Nepal,NPL,2001,80.61596999999999
Nepal,NPL,2011,89.88401999999999
New Caledonia,NCL,1976,97.0024871826172
New Caledonia,NCL,1989,98.6569290161133
Nicaragua,NIC,2001,83.63
Nicaragua,NIC,2005,85.15562
Niger,NER,2001,26.230059999999998
Niger,NER,2005,52.44951999999999
Niger,NER,2012,34.53362
Nigeria,NGA,1991,81.3560333251953
Nigeria,NGA,2003,78.12795
Nigeria,NGA,2008,75.56594
North Korea,PRK,2008,99.99944
North Macedonia,MKD,1994,99.1444625854492
North Macedonia,MKD,2002,98.98544
Oman,OMN,2003,97.86509000000001
Oman,OMN,2008,97.63412
Oman,OMN,2010,97.40565
Oman,OMN,2014,99.1306
Oman,OMN,2015,99.43405
Oman,OMN,2016,98.51479
Pakistan,PAK,1981,44.5028686523438
Pakistan,PAK,1998,67.14935302734379
Pakistan,PAK,2005,76.65172
Pakistan,PAK,2006,79.10218
Pakistan,PAK,2008,79.42005
Pakistan,PAK,2009,79.14432
Pakistan,PAK,2010,79.50414
Pakistan,PAK,2011,78.04241999999999
Pakistan,PAK,2012,80.28826
Pakistan,PAK,2013,79.40381
Pakistan,PAK,2014,79.76598
Palau,PLW,1980,94.193603515625
Palau,PLW,1994,97.366600036621
Palau,PLW,2013,99.76959000000001
Palau,PLW,2015,98.24561
Palestine,PSE,1997,96.9136276245117
Palestine,PSE,2004,99.02489
Palestine,PSE,2006,99.0393
Palestine,PSE,2007,99.13416
Palestine,PSE,2008,99.21045
Palestine,PSE,2009,99.23298
Palestine,PSE,2010,99.21135
Palestine,PSE,2011,99.25986
Palestine,PSE,2012,99.34515999999999
Palestine,PSE,2013,99.41883
Palestine,PSE,2014,99.40579
Palestine,PSE,2015,99.41046999999999
Palestine,PSE,2016,99.45153
Panama,PAN,1980,95.92749786376949
Panama,PAN,1990,95.39389038085942
Panama,PAN,2000,96.53054
Panama,PAN,2010,97.93446999999999
Papua New Guinea,PNG,2000,69.13374
Paraguay,PRY,1982,90.1732864379883
Paraguay,PRY,1992,95.85675048828129
Paraguay,PRY,2007,98.80972
Paraguay,PRY,2008,97.69171999999999
Paraguay,PRY,2009,98.04145
Paraguay,PRY,2010,98.50034000000001
Paraguay,PRY,2014,98.90615
Paraguay,PRY,2015,98.04035
Peru,PER,1981,96.513328552246
Peru,PER,1993,96.98548126220699
Peru,PER,2004,97.80303
Peru,PER,2005,97.92135
Peru,PER,2006,98.51275
Peru,PER,2007,98.01326
Peru,PER,2012,98.71934
Peru,PER,2014,99.15706
Peru,PER,2015,99.23966999999999
Peru,PER,2016,99.08887
Philippines,PHL,1980,91.0633087158203
Philippines,PHL,1990,96.2767333984375
Philippines,PHL,2000,94.45826
Philippines,PHL,2003,93.5783
Philippines,PHL,2008,97.01995
Philippines,PHL,2013,97.42543
Poland,POL,1978,99.7787399291992
Poland,POL,1994,99.9991073608398
Portugal,PRT,1981,97.6643218994141
Portugal,PRT,1991,99.14246368408199
Portugal,PRT,2011,99.3918
Puerto Rico,PRI,1980,93.0182723999023
Puerto Rico,PRI,1990,92.2238998413085
Puerto Rico,PRI,2010,98.81458
Qatar,QAT,1986,88.5272979736328
Qatar,QAT,1997,94.1227569580078
Qatar,QAT,2004,94.88588
Qatar,QAT,2007,99.09515999999999
Qatar,QAT,2008,95.31860999999999
Qatar,QAT,2009,97.70183
Qatar,QAT,2010,96.32373
Qatar,QAT,2011,97.57916
Qatar,QAT,2012,98.68559
Qatar,QAT,2013,98.82146999999999
Qatar,QAT,2014,98.38078
Romania,ROU,1992,99.1800689697266
Romania,ROU,2002,97.74423
Romania,ROU,2011,99.01409
Russia,RUS,1989,99.69100952148442
Russia,RUS,2002,99.67908
Russia,RUS,2010,99.66278
Rwanda,RWA,1978,59.6562004089355
Rwanda,RWA,1991,79.3672714233398
Rwanda,RWA,2000,78.52216999999999
Rwanda,RWA,2010,76.65858
Rwanda,RWA,2012,81.12005
Saint Vincent and the Grenadines,VCT,1970,97.9247894287109
Samoa,WSM,1991,99.12000274658199
Samoa,WSM,2011,99.02962
Sao Tome and Principe,STP,1981,90.8198928833008
Sao Tome and Principe,STP,1991,95.8085403442383
Sao Tome and Principe,STP,2001,95.97399
Sao Tome and Principe,STP,2008,83.05633
Sao Tome and Principe,STP,2012,97.12077
Saudi Arabia,SAU,1992,93.9633102416992
Saudi Arabia,SAU,2000,98.07428
Saudi Arabia,SAU,2004,96.95305
Saudi Arabia,SAU,2013,99.30072
Senegal,SEN,1988,49.1273002624512
Senegal,SEN,2002,58.48508
Senegal,SEN,2006,58.12517
Senegal,SEN,2009,74.20335
Senegal,SEN,2011,73.96651
Senegal,SEN,2013,61.11376
Serbia,SRB,2011,99.34544
Serbia,SRB,2016,99.71523
Seychelles,SYC,1987,96.8068618774414
Seychelles,SYC,1994,98.4939804077148
Seychelles,SYC,2002,98.7706
Seychelles,SYC,2010,98.58672
Sierra Leone,SLE,2004,59.61425
Sierra Leone,SLE,2013,64.5305
Singapore,SGP,1980,96.40878295898442
Singapore,SGP,1990,98.8551177978516
Singapore,SGP,2000,99.40999000000001
Singapore,SGP,2010,99.73789000000001
Singapore,SGP,2011,99.89365
Singapore,SGP,2012,99.89686999999999
Singapore,SGP,2013,99.89628
Singapore,SGP,2014,99.89716
Singapore,SGP,2015,99.73515
Singapore,SGP,2016,99.91319
Slovenia,SVN,1991,99.73696899414058
South Africa,ZAF,1980,85.3461990356445
South Africa,ZAF,1996,93.4984130859375
South Africa,ZAF,2007,97.04518
South Africa,ZAF,2009,97.9152
South Africa,ZAF,2010,98.38871999999999
South Africa,ZAF,2011,98.43064
South Africa,ZAF,2012,98.49655
South Africa,ZAF,2014,98.68172
South Africa,ZAF,2015,98.68459
South Asia,,1985,70.4629364013672
South Asia,,1986,70.4629364013672
South Asia,,1987,70.4629364013672
South Asia,,1988,70.4629364013672
South Asia,,1989,70.4629364013672
South Asia,,1990,70.4629364013672
South Asia,,1991,70.4629364013672
South Asia,,1992,70.4629364013672
South Asia,,1993,70.4629364013672
South Asia,,1994,70.4629364013672
South Asia,,1995,80.5340576171875
South Asia,,1996,80.5340576171875
South Asia,,1997,80.5340576171875
South Asia,,1998,80.5340576171875
South Asia,,1999,80.5340576171875
South Asia,,2000,80.5340576171875
South Asia,,2001,80.5340576171875
South Asia,,2002,80.5340576171875
South Asia,,2003,80.5340576171875
South Asia,,2004,80.5340576171875
South Asia,,2005,87.4136734008789
South Asia,,2006,87.4136734008789
South Asia,,2007,87.4136734008789
South Asia,,2008,87.4136734008789
South Asia,,2009,87.4136734008789
South Asia,,2010,87.4136734008789
South Asia,,2011,87.4136734008789
South Asia,,2012,87.4136734008789
South Asia,,2013,87.4136734008789
South Asia,,2014,87.4136734008789
South Sudan,SSD,2008,44.07936
Spain,ESP,1981,98.64132690429692
Spain,ESP,1991,99.54004669189449
Spain,ESP,2004,99.58037
Spain,ESP,2005,99.57169
Spain,ESP,2007,99.58001
Spain,ESP,2008,99.52781999999999
Spain,ESP,2009,99.63875
Spain,ESP,2010,99.50676999999999
Spain,ESP,2011,99.65465
Spain,ESP,2012,99.64105
Spain,ESP,2013,99.69463
Spain,ESP,2014,99.75731
Spain,ESP,2015,99.61875
Spain,ESP,2016,99.63757
Sri Lanka,LKA,1981,91.87976837158199
Sri Lanka,LKA,2001,95.06529
Sri Lanka,LKA,2006,97.02708
Sri Lanka,LKA,2008,97.33251
Sri Lanka,LKA,2010,97.68654000000001
Sub-Saharan Africa,,1995,75.2946090698242
Sub-Saharan Africa,,1996,75.2946090698242
Sub-Saharan Africa,,1997,75.2946090698242
Sub-Saharan Africa,,1998,75.2946090698242
Sub-Saharan Africa,,1999,75.2946090698242
Sub-Saharan Africa,,2000,75.2946090698242
Sub-Saharan Africa,,2001,75.2946090698242
Sub-Saharan Africa,,2002,75.2946090698242
Sub-Saharan Africa,,2003,75.2946090698242
Sub-Saharan Africa,,2004,75.2946090698242
Sub-Saharan Africa,,2005,76.8599624633789
Sub-Saharan Africa,,2006,76.8599624633789
Sub-Saharan Africa,,2007,76.8599624633789
Sub-Saharan Africa,,2008,76.8599624633789
Sub-Saharan Africa,,2009,76.8599624633789
Sub-Saharan Africa,,2010,76.8599624633789
Sub-Saharan Africa,,2011,76.8599624633789
Sub-Saharan Africa,,2012,76.8599624633789
Sub-Saharan Africa,,2013,76.8599624633789
Sub-Saharan Africa,,2014,76.8599624633789
Sub-Saharan Africa (excluding high-income countries),,1995,75.291877746582
Sub-Saharan Africa (excluding high-income countries),,1996,75.291877746582
Sub-Saharan Africa (excluding high-income countries),,1997,75.291877746582
Sub-Saharan Africa (excluding high-income countries),,1998,75.291877746582
Sub-Saharan Africa (excluding high-income countries),,1999,75.291877746582
Sub-Saharan Africa (excluding high-income countries),,2000,75.291877746582
Sub-Saharan Africa (excluding high-income countries),,2001,75.291877746582
Sub-Saharan Africa (excluding high-income countries),,2002,75.291877746582
Sub-Saharan Africa (excluding high-income countries),,2003,75.291877746582
Sub-Saharan Africa (excluding high-income countries),,2004,75.291877746582
Sub-Saharan Africa (excluding high-income countries),,2005,76.8579635620117
Sub-Saharan Africa (excluding high-income countries),,2006,76.8579635620117
Sub-Saharan Africa (excluding high-income countries),,2007,76.8579635620117
Sub-Saharan Africa (excluding high-income countries),,2008,76.8579635620117
Sub-Saharan Africa (excluding high-income countries),,2009,76.8579635620117
Sub-Saharan Africa (excluding high-income countries),,2010,76.8579635620117
Sub-Saharan Africa (excluding high-income countries),,2011,76.8579635620117
Sub-Saharan Africa (excluding high-income countries),,2012,76.8579635620117
Sub-Saharan Africa (excluding high-income countries),,2013,76.8579635620117
Sub-Saharan Africa (excluding high-income countries),,2014,76.8579635620117
Sudan,SDN,2000,85.69496
Sudan,SDN,2008,68.66786
Suriname,SUR,2004,95.61588
Suriname,SUR,2008,99.37586
Suriname,SUR,2010,97.97273
Suriname,SUR,2012,98.08572
Syria,SYR,1981,88.8319778442383
Syria,SYR,2002,97.14407
Syria,SYR,2004,94.60731
Tajikistan,TJK,1989,99.7364501953125
Tajikistan,TJK,2000,99.84443
Tanzania,TZA,1988,86.2043228149414
Tanzania,TZA,2002,80.91718
Tanzania,TZA,2010,76.49114
Tanzania,TZA,2012,87.1745
Tanzania,TZA,2015,87.0131
Thailand,THA,1980,97.5708236694335
Thailand,THA,2000,98.09989
Thailand,THA,2005,98.21679
Thailand,THA,2010,96.64255
Thailand,THA,2013,97.97784
Thailand,THA,2015,98.00288
Timor,TLS,2010,80.48976
Togo,TGO,2000,83.78623
Togo,TGO,2006,84.85531999999999
Togo,TGO,2009,87.62799999999999
Togo,TGO,2011,86.91668
Togo,TGO,2015,89.67246999999999
Tonga,TON,1976,99.8410491943359
Tonga,TON,1996,99.2652206420898
Tonga,TON,2006,99.30216
Tonga,TON,2011,99.36657
Trinidad and Tobago,TTO,1980,99.19503784179692
Trinidad and Tobago,TTO,1990,99.3000030517578
Tunisia,TUN,1984,85.74456787109379
Tunisia,TUN,1994,90.3621368408203
Tunisia,TUN,2004,96.39501
Tunisia,TUN,2007,97.83991
Tunisia,TUN,2008,98.13431
Tunisia,TUN,2010,98.21085
Tunisia,TUN,2011,98.23633000000001
Tunisia,TUN,2012,97.97062
Tunisia,TUN,2014,96.61184
Turkey,TUR,1975,90.754051208496
Turkey,TUR,1980,93.62197875976558
Turkey,TUR,1985,95.6840362548828
Turkey,TUR,1990,96.57077026367192
Turkey,TUR,2004,98.02444
Turkey,TUR,2005,98.36093000000001
Turkey,TUR,2006,98.36596
Turkey,TUR,2007,98.58456
Turkey,TUR,2009,99.01895999999999
Turkey,TUR,2010,99.21415999999999
Turkey,TUR,2011,99.4467
Turkey,TUR,2012,99.5905
Turkey,TUR,2013,99.68914000000001
Turkey,TUR,2014,99.74698000000001
Turkey,TUR,2015,99.8061
Turkmenistan,TKM,1995,99.8079071044922
Uganda,UGA,1991,77.223876953125
Uganda,UGA,2002,85.95758000000001
Uganda,UGA,2006,87.26585
Uganda,UGA,2010,89.63519000000001
Uganda,UGA,2012,85.75978
Ukraine,UKR,2001,99.77624
Ukraine,UKR,2012,99.95707
United Arab Emirates,ARE,1975,65.5117416381835
United Arab Emirates,ARE,1985,81.0138320922852
United Arab Emirates,ARE,2005,93.62515
Upper-middle-income countries,,1985,95.75662231445308
Upper-middle-income countries,,1986,95.75662231445308
Upper-middle-income countries,,1987,95.75662231445308
Upper-middle-income countries,,1988,95.75662231445308
Upper-middle-income countries,,1989,95.75662231445308
Upper-middle-income countries,,1990,95.75662231445308
Upper-middle-income countries,,1991,95.75662231445308
Upper-middle-income countries,,1992,95.75662231445308
Upper-middle-income countries,,1993,95.75662231445308
Upper-middle-income countries,,1994,95.75662231445308
Upper-middle-income countries,,1995,98.0417251586914
Upper-middle-income countries,,1996,98.0417251586914
Upper-middle-income countries,,1997,98.0417251586914
Upper-middle-income countries,,1998,98.0417251586914
Upper-middle-income countries,,1999,98.0417251586914
Upper-middle-income countries,,2000,98.04171752929692
Upper-middle-income countries,,2001,98.0417251586914
Upper-middle-income countries,,2002,98.0417251586914
Upper-middle-income countries,,2003,98.0417251586914
Upper-middle-income countries,,2004,98.0417251586914
Upper-middle-income countries,,2005,98.7296600341797
Upper-middle-income countries,,2006,98.7296600341797
Upper-middle-income countries,,2007,98.7296600341797
Upper-middle-income countries,,2008,98.7296600341797
Upper-middle-income countries,,2009,98.7296600341797
Upper-middle-income countries,,2010,98.7296600341797
Upper-middle-income countries,,2011,98.7296600341797
Upper-middle-income countries,,2012,98.7296600341797
Upper-middle-income countries,,2013,98.7296600341797
Upper-middle-income countries,,2014,98.7296600341797
Uruguay,URY,1975,97.7408905029297
Uruguay,URY,1985,98.2630462646484
Uruguay,URY,1996,98.15316772460942
Uruguay,URY,2006,98.31211
Uruguay,URY,2007,98.4888
Uruguay,URY,2008,98.62774
Uruguay,URY,2009,98.50746
Uruguay,URY,2010,98.35943
Uruguay,URY,2011,98.6134
Uruguay,URY,2012,98.62612
Uruguay,URY,2013,98.56438
Uruguay,URY,2014,98.30905
Uruguay,URY,2015,98.63845
Uzbekistan,UZB,2000,99.85337
Uzbekistan,UZB,2013,100
Uzbekistan,UZB,2014,100
Uzbekistan,UZB,2015,100
Vanuatu,VUT,1979,75.7441635131835
Vanuatu,VUT,1994,87.30343627929692
Venezuela,VEN,1981,92.3298187255859
Venezuela,VEN,1990,94.520751953125
Venezuela,VEN,2001,96.32621999999999
Venezuela,VEN,2007,97.9744
Venezuela,VEN,2009,98.26986
Venezuela,VEN,2011,96.88986
Venezuela,VEN,2015,98.71199
Venezuela,VEN,2016,98.44194
Vietnam,VNM,1979,96.10887908935551
Vietnam,VNM,1989,94.0826034545898
Vietnam,VNM,1999,94.37064000000001
Vietnam,VNM,2000,95.58781
Vietnam,VNM,2009,97.39524
World,OWID_WRL,1985,87.8277053833008
World,OWID_WRL,1986,87.8277053833008
World,OWID_WRL,1987,87.8277053833008
World,OWID_WRL,1988,87.8277053833008
World,OWID_WRL,1989,87.8277053833008
World,OWID_WRL,1990,87.830467224121
World,OWID_WRL,1991,87.8277053833008
World,OWID_WRL,1992,87.8277053833008
World,OWID_WRL,1993,87.8277053833008
World,OWID_WRL,1994,87.8277053833008
World,OWID_WRL,1995,90.4687652587891
World,OWID_WRL,1996,90.4687652587891
World,OWID_WRL,1997,90.4687652587891
World,OWID_WRL,1998,90.4687652587891
World,OWID_WRL,1999,90.4687652587891
World,OWID_WRL,2000,90.4706192016602
World,OWID_WRL,2001,90.4687652587891
World,OWID_WRL,2002,90.4687652587891
World,OWID_WRL,2003,90.4687652587891
World,OWID_WRL,2004,90.4687652587891
World,OWID_WRL,2005,92.5830307006835
World,OWID_WRL,2006,92.5830307006835
World,OWID_WRL,2007,92.5830307006835
World,OWID_WRL,2008,92.5830307006835
World,OWID_WRL,2009,92.5830307006835
World,OWID_WRL,2010,92.58435821533199
World,OWID_WRL,2011,92.5830307006835
World,OWID_WRL,2012,92.5830307006835
World,OWID_WRL,2013,92.5830307006835
World,OWID_WRL,2014,92.5830307006835
Yemen,YEM,1994,82.8042221069335
Zambia,ZMB,1990,67.26934814453129
Zambia,ZMB,1999,72.6156
Zambia,ZMB,2002,77.72511999999999
Zambia,ZMB,2007,70.30841
Zambia,ZMB,2010,91.19563000000001
Zimbabwe,ZWE,1982,93.8269577026367
Zimbabwe,ZWE,1992,96.54061889648442
Zimbabwe,ZWE,2011,89.59058
Zimbabwe,ZWE,2014,87.59186