Entity,Code,Year,12.c.1 - Fossil-fuel subsidies (consumption and production) per capita (nominal United States dollars) - ER_FFS_CMPT_PC_CD
Afghanistan,AFG,2015,0
Afghanistan,AFG,2016,0
Afghanistan,AFG,2017,0.26444
Afghanistan,AFG,2018,2.6086
Afghanistan,AFG,2019,3.88902
Afghanistan,AFG,2020,1.54736
Africa,,2015,34.47889
Africa,,2016,22.78993
Africa,,2017,32.9923
Africa,,2018,49.8433
Africa,,2019,33.14919
Africa,,2020,22.66825
Albania,ALB,2015,0
Albania,ALB,2016,0
Albania,ALB,2017,0
Albania,ALB,2018,0
Albania,ALB,2019,0
Albania,ALB,2020,0
Algeria,DZA,2015,313.18901
Algeria,DZA,2016,172.28215
Algeria,DZA,2017,229.60212
Algeria,DZA,2018,408.90897
Algeria,DZA,2019,288.55766
Algeria,DZA,2020,191.47566
Americas,,2015,79.41041
Americas,,2016,80.90866
Americas,,2017,59.97651
Americas,,2018,61.23674
Americas,,2019,62.23312
Americas,,2020,42.53736
Angola,AGO,2015,7.0188
Angola,AGO,2016,16.99888
Angola,AGO,2017,8.35071
Angola,AGO,2018,61.25507
Angola,AGO,2019,35.42484
Angola,AGO,2020,46.25998
Antigua and Barbuda,ATG,2015,110.90106
Antigua and Barbuda,ATG,2016,101.00698
Antigua and Barbuda,ATG,2017,169.49483
Antigua and Barbuda,ATG,2018,420.64866
Antigua and Barbuda,ATG,2019,368.29187
Antigua and Barbuda,ATG,2020,123.72684
Argentina,ARG,2015,465.96048
Argentina,ARG,2016,442.09839
Argentina,ARG,2017,281.58919
Argentina,ARG,2018,201.20166
Argentina,ARG,2019,158.76987
Argentina,ARG,2020,95.37872
Armenia,ARM,2015,10.92618
Armenia,ARM,2016,7.57693
Armenia,ARM,2017,7.5847
Armenia,ARM,2018,1.54968
Armenia,ARM,2019,1.55196
Armenia,ARM,2020,3.99852
Aruba,ABW,2015,0
Aruba,ABW,2016,0
Aruba,ABW,2017,0
Aruba,ABW,2018,0
Aruba,ABW,2019,0.19173
Aruba,ABW,2020,424.17165
Asia,,2015,53.77034
Asia,,2016,37.51356
Asia,,2017,45.52813
Asia,,2018,55.948
Asia,,2019,49.85382
Asia,,2020,32.19802
Australia,AUS,2015,184.98318
Australia,AUS,2016,295.48636
Australia,AUS,2017,333.49219
Australia,AUS,2018,302.95708
Australia,AUS,2019,294.19077
Australia,AUS,2020,286.16392
Australia and New Zealand,,2015,155.49709
Australia and New Zealand,,2016,248.294
Australia and New Zealand,,2017,280.07358
Australia and New Zealand,,2018,254.70802
Australia and New Zealand,,2019,247.72789
Australia and New Zealand,,2020,241.17307
Austria,AUT,2015,86.75511
Austria,AUT,2016,89.07643
Austria,AUT,2017,91.15199
Austria,AUT,2018,97.79486
Austria,AUT,2019,100.79476
Austria,AUT,2020,62.03466
Azerbaijan,AZE,2015,47.59513
Azerbaijan,AZE,2016,124.69835
Azerbaijan,AZE,2017,0.00632
Azerbaijan,AZE,2018,90.18048
Azerbaijan,AZE,2019,78.19044
Azerbaijan,AZE,2020,14.89303
Bahamas,BHS,2015,152.34336
Bahamas,BHS,2016,268.80007
Bahamas,BHS,2017,222.9361
Bahamas,BHS,2018,305.67025
Bahamas,BHS,2019,314.40514
Bahamas,BHS,2020,160.59439
Bahrain,BHR,2015,1220.69223
Bahrain,BHR,2016,775.78768
Bahrain,BHR,2017,897.68123
Bahrain,BHR,2018,288.31465
Bahrain,BHR,2019,480.37568
Bahrain,BHR,2020,184.82891
Bangladesh,BGD,2015,10.96109
Bangladesh,BGD,2016,7.08204
Bangladesh,BGD,2017,9.5537
Bangladesh,BGD,2018,19.71698
Bangladesh,BGD,2019,11.59602
Bangladesh,BGD,2020,8.64494
Barbados,BRB,2015,29.4873
Barbados,BRB,2016,71.04515
Barbados,BRB,2017,0
Barbados,BRB,2018,0
Barbados,BRB,2019,0
Barbados,BRB,2020,0
Belarus,BLR,2015,1.87629
Belarus,BLR,2016,7.44067
Belarus,BLR,2017,11.54893
Belarus,BLR,2018,8.93467
Belarus,BLR,2019,8.92237
Belarus,BLR,2020,7.65184
Belgium,BEL,2015,218.86733
Belgium,BEL,2016,228.96129
Belgium,BEL,2017,279.49287
Belgium,BEL,2018,293.4213
Belgium,BEL,2019,310.64133
Belgium,BEL,2020,297.14388
Belize,BLZ,2015,0
Belize,BLZ,2016,0
Belize,BLZ,2017,0
Belize,BLZ,2018,0
Belize,BLZ,2019,0
Belize,BLZ,2020,0
Benin,BEN,2015,10.23389
Benin,BEN,2016,8.81835
Benin,BEN,2017,10.03145
Benin,BEN,2018,13.53425
Benin,BEN,2019,15.34773
Benin,BEN,2020,10.90656
Bhutan,BTN,2015,79.75017
Bhutan,BTN,2016,17.10349
Bhutan,BTN,2017,0
Bhutan,BTN,2018,0
Bhutan,BTN,2019,0
Bhutan,BTN,2020,1.00612
Bolivia,BOL,2015,55.29345
Bolivia,BOL,2016,31.18072
Bolivia,BOL,2017,49.66182
Bolivia,BOL,2018,99.83557
Bolivia,BOL,2019,56.35547
Bolivia,BOL,2020,23.16889
Bosnia and Herzegovina,BIH,2015,1.90058
Bosnia and Herzegovina,BIH,2016,2.3362
Bosnia and Herzegovina,BIH,2017,3.80758
Bosnia and Herzegovina,BIH,2018,4.10579
Bosnia and Herzegovina,BIH,2019,12.16252
Bosnia and Herzegovina,BIH,2020,4.69571
Botswana,BWA,2015,0
Botswana,BWA,2016,0
Botswana,BWA,2017,0
Botswana,BWA,2018,0
Botswana,BWA,2019,0
Botswana,BWA,2020,0
Brazil,BRA,2015,82.12019
Brazil,BRA,2016,65.94735
Brazil,BRA,2017,47.75319
Brazil,BRA,2018,45.87744
Brazil,BRA,2019,38.07636
Brazil,BRA,2020,28.23082
Brunei,BRN,2015,417.60989
Brunei,BRN,2016,203.30134
Brunei,BRN,2017,366.41853
Brunei,BRN,2018,555.09616
Brunei,BRN,2019,408.11199
Brunei,BRN,2020,141.70882
Bulgaria,BGR,2015,253.6779
Bulgaria,BGR,2016,153.40257
Bulgaria,BGR,2017,331.31602
Bulgaria,BGR,2018,391.49634
Bulgaria,BGR,2019,339.25279
Bulgaria,BGR,2020,329.59682
Burkina Faso,BFA,2015,0.19764
Burkina Faso,BFA,2016,0.0651
Burkina Faso,BFA,2017,0.27539
Burkina Faso,BFA,2018,0.84511
Burkina Faso,BFA,2019,1.08642
Burkina Faso,BFA,2020,0.70658
Burundi,BDI,2015,1.40462
Burundi,BDI,2016,1.60245
Burundi,BDI,2017,1.41627
Burundi,BDI,2018,1.73046
Burundi,BDI,2019,0.36247
Burundi,BDI,2020,0
Cambodia,KHM,2015,0
Cambodia,KHM,2016,0
Cambodia,KHM,2017,0
Cambodia,KHM,2018,0
Cambodia,KHM,2019,2.26566
Cambodia,KHM,2020,1.55242
Cameroon,CMR,2015,1.72973
Cameroon,CMR,2016,0.88895
Cameroon,CMR,2017,1.10089
Cameroon,CMR,2018,2.60851
Cameroon,CMR,2019,2.95658
Cameroon,CMR,2020,2.38808
Canada,CAN,2015,61.17708
Canada,CAN,2016,66.5828
Canada,CAN,2017,67.21337
Canada,CAN,2018,59.22377
Canada,CAN,2019,59.31774
Canada,CAN,2020,88.80351
Cape Verde,CPV,2015,0
Cape Verde,CPV,2016,0
Cape Verde,CPV,2017,0
Cape Verde,CPV,2018,0
Cape Verde,CPV,2019,0
Cape Verde,CPV,2020,0
Caribbean,,2015,21.62635
Caribbean,,2016,16.20213
Caribbean,,2017,16.93205
Caribbean,,2018,21.95559
Caribbean,,2019,20.85171
Caribbean,,2020,10.96763
Central African Republic,CAF,2015,0
Central African Republic,CAF,2016,0.04434
Central African Republic,CAF,2017,0.15753
Central African Republic,CAF,2018,0.04025
Central African Republic,CAF,2019,0.0481
Central African Republic,CAF,2020,1.03749
Central America,,2015,31.58242
Central America,,2016,111.35246
Central America,,2017,31.31309
Central America,,2018,30.61767
Central America,,2019,115.50773
Central America,,2020,68.57332
Central Asia,,2015,218.44108
Central Asia,,2016,184.7101
Central Asia,,2017,236.17719
Central Asia,,2018,304.89572
Central Asia,,2019,212.21476
Central Asia,,2020,142.4057
Central and Southern Asia,,2015,42.36461
Central and Southern Asia,,2016,28.44991
Central and Southern Asia,,2017,41.2462
Central and Southern Asia,,2018,58.98822
Central and Southern Asia,,2019,55.88696
Central and Southern Asia,,2020,24.93846
Chad,TCD,2015,0.69073
Chad,TCD,2016,0.03614
Chad,TCD,2017,0.96027
Chad,TCD,2018,2.47775
Chad,TCD,2019,2.9793
Chad,TCD,2020,2.27372
Chile,CHL,2015,61.45363
Chile,CHL,2016,76.4313
Chile,CHL,2017,88.84155
Chile,CHL,2018,72.51359
Chile,CHL,2019,71.77707
Chile,CHL,2020,57.95508
China,CHN,2015,33.1644
China,CHN,2016,19.91026
China,CHN,2017,20.7351
China,CHN,2018,20.53979
China,CHN,2019,18.90535
China,CHN,2020,19.50342
"China, Hong Kong Special Administrative Region",,2015,4.86028
"China, Hong Kong Special Administrative Region",,2016,0
"China, Hong Kong Special Administrative Region",,2017,84.3604
"China, Hong Kong Special Administrative Region",,2018,201.19689
"China, Hong Kong Special Administrative Region",,2019,250.4173
"China, Hong Kong Special Administrative Region",,2020,93.82629
Colombia,COL,2015,27.47371
Colombia,COL,2016,26.39753
Colombia,COL,2017,35.16001
Colombia,COL,2018,44.53797
Colombia,COL,2019,28.93557
Colombia,COL,2020,16.4257
Comoros,COM,2015,0
Comoros,COM,2016,0
Comoros,COM,2017,0
Comoros,COM,2018,0.67094
Comoros,COM,2019,0.60195
Comoros,COM,2020,0
Congo,COG,2015,1.67317
Congo,COG,2016,0
Congo,COG,2017,0.03327
Congo,COG,2018,0.76461
Congo,COG,2019,0.7101
Congo,COG,2020,0
Costa Rica,CRI,2015,1.52694
Costa Rica,CRI,2016,4.85884
Costa Rica,CRI,2017,16.63457
Costa Rica,CRI,2018,27.50565
Costa Rica,CRI,2019,17.18261
Costa Rica,CRI,2020,28.85843
Cote d'Ivoire,CIV,2015,2.55918
Cote d'Ivoire,CIV,2016,0
Cote d'Ivoire,CIV,2017,0
Cote d'Ivoire,CIV,2018,0
Cote d'Ivoire,CIV,2019,0
Cote d'Ivoire,CIV,2020,0
Croatia,HRV,2015,21.6053
Croatia,HRV,2016,22.13967
Croatia,HRV,2017,31.87219
Croatia,HRV,2018,30.47484
Croatia,HRV,2019,18.92077
Croatia,HRV,2020,9.39777
Cyprus,CYP,2015,23.88542
Cyprus,CYP,2016,128.50639
Cyprus,CYP,2017,56.16667
Cyprus,CYP,2018,0
Cyprus,CYP,2019,0
Cyprus,CYP,2020,53.53724
Czechia,CZE,2015,21.98646
Czechia,CZE,2016,20.24827
Czechia,CZE,2017,23.09915
Czechia,CZE,2018,24.60813
Czechia,CZE,2019,30.22104
Czechia,CZE,2020,25.37983
Democratic Republic of Congo,COD,2015,0
Democratic Republic of Congo,COD,2016,0
Democratic Republic of Congo,COD,2017,0
Democratic Republic of Congo,COD,2018,0
Democratic Republic of Congo,COD,2019,0
Democratic Republic of Congo,COD,2020,0
Denmark,DNK,2015,155.91369
Denmark,DNK,2016,150.53623
Denmark,DNK,2017,202.82482
Denmark,DNK,2018,228.57171
Denmark,DNK,2019,229.03504
Denmark,DNK,2020,253.92158
Djibouti,DJI,2015,82.35909
Djibouti,DJI,2016,84.76194
Djibouti,DJI,2017,75.2116
Djibouti,DJI,2018,79.87677
Djibouti,DJI,2019,86.57983
Djibouti,DJI,2020,57.41008
Dominica,DMA,2015,0
Dominica,DMA,2016,0
Dominica,DMA,2017,0
Dominica,DMA,2018,0
Dominica,DMA,2019,0
Dominica,DMA,2020,0
Dominican Republic,DOM,2015,2.00116
Dominican Republic,DOM,2016,0
Dominican Republic,DOM,2017,0
Dominican Republic,DOM,2018,0
Dominican Republic,DOM,2019,1.2162
Dominican Republic,DOM,2020,0.05974
Eastern Africa,,2015,2.43851
Eastern Africa,,2016,1.83853
Eastern Africa,,2017,3.23041
Eastern Africa,,2018,3.89025
Eastern Africa,,2019,3.17567
Eastern Africa,,2020,2.27257
Eastern Asia,,2015,31.18215
Eastern Asia,,2016,19.88456
Eastern Asia,,2017,20.63381
Eastern Asia,,2018,20.72829
Eastern Asia,,2019,19.6226
Eastern Asia,,2020,19.68926
Eastern Europe,,2015,35.80559
Eastern Europe,,2016,44.14072
Eastern Europe,,2017,63.84124
Eastern Europe,,2018,92.69367
Eastern Europe,,2019,77.69352
Eastern Europe,,2020,59.67483
Eastern and South-Eastern Asia,,2015,30.27661
Eastern and South-Eastern Asia,,2016,21.37443
Eastern and South-Eastern Asia,,2017,22.3017
Eastern and South-Eastern Asia,,2018,24.18128
Eastern and South-Eastern Asia,,2019,23.94565
Eastern and South-Eastern Asia,,2020,25.48181
Ecuador,ECU,2015,156.9811
Ecuador,ECU,2016,93.12845
Ecuador,ECU,2017,146.76193
Ecuador,ECU,2018,208.82586
Ecuador,ECU,2019,148.78698
Ecuador,ECU,2020,40.56678
Egypt,EGY,2015,174.31462
Egypt,EGY,2016,122.56459
Egypt,EGY,2017,191.99086
Egypt,EGY,2018,239.72666
Egypt,EGY,2019,142.81572
Egypt,EGY,2020,77.40308
El Salvador,SLV,2015,44.60419
El Salvador,SLV,2016,39.45287
El Salvador,SLV,2017,56.3213
El Salvador,SLV,2018,70.9123
El Salvador,SLV,2019,52.90028
El Salvador,SLV,2020,44.85468
Equatorial Guinea,GNQ,2015,2.39339
Equatorial Guinea,GNQ,2016,2.56174
Equatorial Guinea,GNQ,2017,13.93294
Equatorial Guinea,GNQ,2018,47.99962
Equatorial Guinea,GNQ,2019,44.15286
Equatorial Guinea,GNQ,2020,2.47433
Eritrea,ERI,2015,0
Eritrea,ERI,2016,0.01156
Eritrea,ERI,2017,0.0119
Eritrea,ERI,2018,0.01663
Eritrea,ERI,2019,0.01687
Eritrea,ERI,2020,0
Estonia,EST,2015,43.46514
Estonia,EST,2016,31.36477
Estonia,EST,2017,36.85834
Estonia,EST,2018,36.54949
Estonia,EST,2019,38.36526
Estonia,EST,2020,29.95025
Eswatini,SWZ,2015,0
Eswatini,SWZ,2016,0
Eswatini,SWZ,2017,0
Eswatini,SWZ,2018,0
Eswatini,SWZ,2019,0
Eswatini,SWZ,2020,0
Ethiopia,ETH,2015,4.93592
Ethiopia,ETH,2016,4.9468
Ethiopia,ETH,2017,7.6436
Ethiopia,ETH,2018,10.80201
Ethiopia,ETH,2019,8.25629
Ethiopia,ETH,2020,4.91872
Europe,,2015,103.59812
Europe,,2016,98.41584
Europe,,2017,108.1966
Europe,,2018,122.88674
Europe,,2019,116.64931
Europe,,2020,103.62491
Europe and Northern America,,2015,79.93928
Europe and Northern America,,2016,74.59953
Europe and Northern America,,2017,80.86655
Europe and Northern America,,2018,91.33861
Europe and Northern America,,2019,88.89704
Europe and Northern America,,2020,80.39148
Fiji,FJI,2015,0
Fiji,FJI,2016,31.88811
Fiji,FJI,2017,42.44485
Fiji,FJI,2018,55.48337
Fiji,FJI,2019,38.9776
Fiji,FJI,2020,3.54761
Finland,FIN,2015,248.06576
Finland,FIN,2016,262.50263
Finland,FIN,2017,270.56534
Finland,FIN,2018,297.96193
Finland,FIN,2019,265.71737
Finland,FIN,2020,269.04535
France,FRA,2015,81.47498
France,FRA,2016,92.53597
France,FRA,2017,108.0563
France,FRA,2018,141.84449
France,FRA,2019,144.84298
France,FRA,2020,138.26071
Gabon,GAB,2015,71.02833
Gabon,GAB,2016,61.71999
Gabon,GAB,2017,23.95048
Gabon,GAB,2018,22.3692
Gabon,GAB,2019,12.86202
Gabon,GAB,2020,19.7452
Gambia,GMB,2015,0
Gambia,GMB,2016,0
Gambia,GMB,2017,0
Gambia,GMB,2018,0
Gambia,GMB,2019,0
Gambia,GMB,2020,0
Georgia,GEO,2015,2.60491
Georgia,GEO,2016,1.98848
Georgia,GEO,2017,2.13066
Georgia,GEO,2018,2.23818
Georgia,GEO,2019,2.32515
Georgia,GEO,2020,13.50486
Germany,DEU,2015,116.71221
Germany,DEU,2016,123.6713
Germany,DEU,2017,114.93755
Germany,DEU,2018,118.51714
Germany,DEU,2019,104.75114
Germany,DEU,2020,114.8343
Ghana,GHA,2015,1.38062
Ghana,GHA,2016,0.99719
Ghana,GHA,2017,3.17938
Ghana,GHA,2018,4.7707
Ghana,GHA,2019,4.12177
Ghana,GHA,2020,6.4179
Greece,GRC,2015,230.97628
Greece,GRC,2016,202.76536
Greece,GRC,2017,224.48232
Greece,GRC,2018,224.46539
Greece,GRC,2019,210.61466
Greece,GRC,2020,208.44682
Grenada,GRD,2015,0
Grenada,GRD,2016,0
Grenada,GRD,2017,0
Grenada,GRD,2018,0
Grenada,GRD,2019,0
Grenada,GRD,2020,0
Guatemala,GTM,2015,2.10644
Guatemala,GTM,2016,2.19005
Guatemala,GTM,2017,9.31315
Guatemala,GTM,2018,12.01972
Guatemala,GTM,2019,5.30009
Guatemala,GTM,2020,0.02743
Guinea,GIN,2015,0.02275
Guinea,GIN,2016,0.03168
Guinea,GIN,2017,0.03791
Guinea,GIN,2018,0.10014
Guinea,GIN,2019,0.1057
Guinea,GIN,2020,0.02525
Guinea-Bissau,GNB,2015,0
Guinea-Bissau,GNB,2016,0
Guinea-Bissau,GNB,2017,0
Guinea-Bissau,GNB,2018,0.48936
Guinea-Bissau,GNB,2019,0.93108
Guinea-Bissau,GNB,2020,0.21596
Guyana,GUY,2015,0
Guyana,GUY,2016,0.04792
Guyana,GUY,2017,0.05324
Guyana,GUY,2018,0.06008
Guyana,GUY,2019,0.06211
Guyana,GUY,2020,0.05818
Haiti,HTI,2015,0
Haiti,HTI,2016,0
Haiti,HTI,2017,0
Haiti,HTI,2018,6.28626
Haiti,HTI,2019,18.21722
Haiti,HTI,2020,2.74429
Honduras,HND,2015,7.09802
Honduras,HND,2016,16.00373
Honduras,HND,2017,17.51099
Honduras,HND,2018,7.38033
Honduras,HND,2019,7.3732
Honduras,HND,2020,5.18589
Hungary,HUN,2015,43.53002
Hungary,HUN,2016,30.81262
Hungary,HUN,2017,34.43139
Hungary,HUN,2018,37.29841
Hungary,HUN,2019,31.36556
Hungary,HUN,2020,30.46508
Iceland,ISL,2015,0
Iceland,ISL,2016,0
Iceland,ISL,2017,0
Iceland,ISL,2018,0
Iceland,ISL,2019,0
Iceland,ISL,2020,0
India,IND,2015,9.70602
India,IND,2016,7.78128
India,IND,2017,8.24125
India,IND,2018,9.71656
India,IND,2019,7.25683
India,IND,2020,4.96741
Indonesia,IDN,2015,39.85917
Indonesia,IDN,2016,36.59553
Indonesia,IDN,2017,29.16502
Indonesia,IDN,2018,29.69521
Indonesia,IDN,2019,44.70496
Indonesia,IDN,2020,61.0978
Iran,IRN,2015,604.05326
Iran,IRN,2016,356.88487
Iran,IRN,2017,581.00276
Iran,IRN,2018,865.70931
Iran,IRN,2019,984.4886
Iran,IRN,2020,352.84886
Iraq,IRQ,2015,142.80765
Iraq,IRQ,2016,110.81792
Iraq,IRQ,2017,177.26434
Iraq,IRQ,2018,264.94597
Iraq,IRQ,2019,194.80221
Iraq,IRQ,2020,110.06807
Ireland,IRL,2015,483.00785
Ireland,IRL,2016,470.8787
Ireland,IRL,2017,509.23613
Ireland,IRL,2018,573.08286
Ireland,IRL,2019,540.28873
Ireland,IRL,2020,433.56781
Israel,ISR,2015,117.92222
Israel,ISR,2016,122.5924
Israel,ISR,2017,133.40251
Israel,ISR,2018,136.82333
Israel,ISR,2019,136.70883
Israel,ISR,2020,126.71234
Italy,ITA,2015,189.44011
Italy,ITA,2016,183.60761
Italy,ITA,2017,159.996
Italy,ITA,2018,182.18252
Italy,ITA,2019,186.98782
Italy,ITA,2020,170.42052
Jamaica,JAM,2015,0.12201
Jamaica,JAM,2016,0.12821
Jamaica,JAM,2017,0.13379
Jamaica,JAM,2018,0.14128
Jamaica,JAM,2019,0.14152
Jamaica,JAM,2020,0.12676
Japan,JPN,2015,22.43457
Japan,JPN,2016,25.95146
Japan,JPN,2017,21.05782
Japan,JPN,2018,17.63416
Japan,JPN,2019,19.12039
Japan,JPN,2020,22.87145
Jordan,JOR,2015,33.75348
Jordan,JOR,2016,0
Jordan,JOR,2017,0
Jordan,JOR,2018,15.24812
Jordan,JOR,2019,15.33419
Jordan,JOR,2020,12.54101
Kazakhstan,KAZ,2015,183.37654
Kazakhstan,KAZ,2016,240.02197
Kazakhstan,KAZ,2017,301.53698
Kazakhstan,KAZ,2018,430.31889
Kazakhstan,KAZ,2019,329.51773
Kazakhstan,KAZ,2020,227.2685
Kenya,KEN,2015,0
Kenya,KEN,2016,0
Kenya,KEN,2017,0
Kenya,KEN,2018,0
Kenya,KEN,2019,0
Kenya,KEN,2020,0
Kiribati,KIR,2015,0
Kiribati,KIR,2016,0
Kiribati,KIR,2017,0
Kiribati,KIR,2018,0
Kiribati,KIR,2019,0
Kiribati,KIR,2020,0
Kuwait,KWT,2015,1428.13225
Kuwait,KWT,2016,1191.40581
Kuwait,KWT,2017,1280.09243
Kuwait,KWT,2018,1477.11639
Kuwait,KWT,2019,1032.72326
Kuwait,KWT,2020,567.26523
Kyrgyzstan,KGZ,2015,72.87475
Kyrgyzstan,KGZ,2016,53.66465
Kyrgyzstan,KGZ,2017,80.41688
Kyrgyzstan,KGZ,2018,81.40938
Kyrgyzstan,KGZ,2019,86.65507
Kyrgyzstan,KGZ,2020,52.50321
Landlocked developing countries (LLDCs),,2015,35.99712
Landlocked developing countries (LLDCs),,2016,31.75008
Landlocked developing countries (LLDCs),,2017,38.11475
Landlocked developing countries (LLDCs),,2018,51.21255
Landlocked developing countries (LLDCs),,2019,36.25636
Landlocked developing countries (LLDCs),,2020,23.26266
Laos,LAO,2015,0
Laos,LAO,2016,0
Laos,LAO,2017,4.19741
Laos,LAO,2018,7.14074
Laos,LAO,2019,8.57035
Laos,LAO,2020,11.20587
Latin America and the Caribbean,,2015,107.28368
Latin America and the Caribbean,,2016,112.63792
Latin America and the Caribbean,,2017,80.11259
Latin America and the Caribbean,,2018,80.82849
Latin America and the Caribbean,,2019,79.14508
Latin America and the Caribbean,,2020,47.74699
Latvia,LVA,2015,136.11107
Latvia,LVA,2016,132.79858
Latvia,LVA,2017,127.47661
Latvia,LVA,2018,96.67564
Latvia,LVA,2019,94.74482
Latvia,LVA,2020,81.6068
Least developed countries (LDCs),,2015,5.78217
Least developed countries (LDCs),,2016,3.96467
Least developed countries (LDCs),,2017,6.43226
Least developed countries (LDCs),,2018,14.00623
Least developed countries (LDCs),,2019,8.12488
Least developed countries (LDCs),,2020,7.10992
Lebanon,LBN,2015,718.97614
Lebanon,LBN,2016,593.0169
Lebanon,LBN,2017,760.8735
Lebanon,LBN,2018,932.41013
Lebanon,LBN,2019,895.93149
Lebanon,LBN,2020,510.05383
Lesotho,LSO,2015,1.01756
Lesotho,LSO,2016,1.01126
Lesotho,LSO,2017,0.90258
Lesotho,LSO,2018,1.41664
Lesotho,LSO,2019,0.90568
Lesotho,LSO,2020,0.94811
Liberia,LBR,2015,0
Liberia,LBR,2016,0
Liberia,LBR,2017,0
Liberia,LBR,2018,0
Liberia,LBR,2019,0
Liberia,LBR,2020,0
Libya,LBY,2015,564.28379
Libya,LBY,2016,504.79394
Libya,LBY,2017,589.82832
Libya,LBY,2018,749.2558
Libya,LBY,2019,618.72732
Libya,LBY,2020,480.28539
Lithuania,LTU,2015,67.63852
Lithuania,LTU,2016,87.19354
Lithuania,LTU,2017,91.56884
Lithuania,LTU,2018,103.46162
Lithuania,LTU,2019,114.04407
Lithuania,LTU,2020,93.61724
Luxembourg,LUX,2015,3.91542
Luxembourg,LUX,2016,3.82175
Luxembourg,LUX,2017,3.81704
Luxembourg,LUX,2018,3.90886
Luxembourg,LUX,2019,3.63625
Luxembourg,LUX,2020,3.64933
Macao,MAC,2015,0
Macao,MAC,2016,0
Macao,MAC,2017,0
Macao,MAC,2018,0
Macao,MAC,2019,0
Macao,MAC,2020,0
Madagascar,MDG,2015,0.37127
Madagascar,MDG,2016,0.5755
Madagascar,MDG,2017,3.25319
Madagascar,MDG,2018,3.17027
Madagascar,MDG,2019,2.27201
Madagascar,MDG,2020,4.1754
Malawi,MWI,2015,0
Malawi,MWI,2016,0
Malawi,MWI,2017,0
Malawi,MWI,2018,0
Malawi,MWI,2019,0
Malawi,MWI,2020,0
Malaysia,MYS,2015,11.4475
Malaysia,MYS,2016,46.60172
Malaysia,MYS,2017,61.15858
Malaysia,MYS,2018,56.98727
Malaysia,MYS,2019,35.28978
Malaysia,MYS,2020,3.05914
Maldives,MDV,2015,78.56496
Maldives,MDV,2016,55.8485
Maldives,MDV,2017,278.74502
Maldives,MDV,2018,271.71404
Maldives,MDV,2019,254.13411
Maldives,MDV,2020,102.4416
Mali,MLI,2015,0.01621
Mali,MLI,2016,0.0162
Mali,MLI,2017,0.01622
Mali,MLI,2018,1.95361
Mali,MLI,2019,2.2676
Mali,MLI,2020,0.95447
Malta,MLT,2015,0
Malta,MLT,2016,0
Malta,MLT,2017,0
Malta,MLT,2018,0
Malta,MLT,2019,0
Malta,MLT,2020,0
Mauritania,MRT,2015,22.39103
Mauritania,MRT,2016,20.12234
Mauritania,MRT,2017,24.59361
Mauritania,MRT,2018,45.22838
Mauritania,MRT,2019,48.86563
Mauritania,MRT,2020,45.8505
Mauritius,MUS,2015,0
Mauritius,MUS,2016,0
Mauritius,MUS,2017,46.39072
Mauritius,MUS,2018,65.58641
Mauritius,MUS,2019,75.61395
Mauritius,MUS,2020,36.08957
Melanesia,OWID_MNS,2015,0
Melanesia,OWID_MNS,2016,2.69669
Melanesia,OWID_MNS,2017,3.54223
Melanesia,OWID_MNS,2018,22.78662
Melanesia,OWID_MNS,2019,29.76919
Melanesia,OWID_MNS,2020,31.20526
Mexico,MEX,2015,40.59943
Mexico,MEX,2016,150.57852
Mexico,MEX,2017,37.16333
Mexico,MEX,2018,35.40163
Mexico,MEX,2019,155.95339
Mexico,MEX,2020,91.58764
Micronesia (country),FSM,2015,0
Micronesia (country),FSM,2016,0
Micronesia (country),FSM,2017,0
Micronesia (country),FSM,2018,0
Micronesia (country),FSM,2019,0
Micronesia (country),FSM,2020,2.43208
Middle Africa,,2015,2.56172
Middle Africa,,2016,4.01928
Middle Africa,,2017,2.18477
Middle Africa,,2018,12.47619
Middle Africa,,2019,7.7357
Middle Africa,,2020,9.33341
Moldova,MDA,2015,15.8806
Moldova,MDA,2016,15.91181
Moldova,MDA,2017,17.23784
Moldova,MDA,2018,18.91848
Moldova,MDA,2019,16.68786
Moldova,MDA,2020,16.96914
Mongolia,MNG,2015,0
Mongolia,MNG,2016,0
Mongolia,MNG,2017,9.09513
Mongolia,MNG,2018,8.66898
Mongolia,MNG,2019,9.17928
Mongolia,MNG,2020,5.7303
Montenegro,MNE,2015,0
Montenegro,MNE,2016,0
Montenegro,MNE,2017,0
Montenegro,MNE,2018,0
Montenegro,MNE,2019,0
Montenegro,MNE,2020,0
Montserrat,MSR,2015,0
Montserrat,MSR,2016,0
Montserrat,MSR,2017,0
Montserrat,MSR,2018,0
Montserrat,MSR,2019,0
Montserrat,MSR,2020,0
Morocco,MAR,2015,0
Morocco,MAR,2016,0
Morocco,MAR,2017,0.94112
Morocco,MAR,2018,3.3979
Morocco,MAR,2019,4.35203
Morocco,MAR,2020,2.38702
Mozambique,MOZ,2015,5.42042
Mozambique,MOZ,2016,0
Mozambique,MOZ,2017,0
Mozambique,MOZ,2018,0
Mozambique,MOZ,2019,0
Mozambique,MOZ,2020,0
Myanmar,MMR,2015,5.9194
Myanmar,MMR,2016,4.24764
Myanmar,MMR,2017,14.80253
Myanmar,MMR,2018,21.53107
Myanmar,MMR,2019,15.23449
Myanmar,MMR,2020,11.07791
Namibia,NAM,2015,0
Namibia,NAM,2016,0
Namibia,NAM,2017,0
Namibia,NAM,2018,0
Namibia,NAM,2019,0
Namibia,NAM,2020,0
Nauru,NRU,2015,0
Nauru,NRU,2016,0
Nauru,NRU,2017,0
Nauru,NRU,2018,0
Nauru,NRU,2019,0
Nauru,NRU,2020,0.92653
Nepal,NPL,2015,1.7197
Nepal,NPL,2016,4.12596
Nepal,NPL,2017,4.01149
Nepal,NPL,2018,1.80047
Nepal,NPL,2019,0.83467
Nepal,NPL,2020,0.28848
Netherlands,NLD,2015,10.22539
Netherlands,NLD,2016,19.12548
Netherlands,NLD,2017,20.47892
Netherlands,NLD,2018,21.0833
Netherlands,NLD,2019,20.82708
Netherlands,NLD,2020,19.1348
New Zealand,NZL,2015,2.57227
New Zealand,NZL,2016,2.54394
New Zealand,NZL,2017,0.77369
New Zealand,NZL,2018,1.43383
New Zealand,NZL,2019,2.90286
New Zealand,NZL,2020,3.2623
Nicaragua,NIC,2015,0
Nicaragua,NIC,2016,4.37814
Nicaragua,NIC,2017,3.99141
Nicaragua,NIC,2018,3.77062
Nicaragua,NIC,2019,3.60732
Nicaragua,NIC,2020,3.34126
Niger,NER,2015,2.48092
Niger,NER,2016,2.52734
Niger,NER,2017,3.43009
Niger,NER,2018,4.81757
Niger,NER,2019,5.65054
Niger,NER,2020,4.87016
Nigeria,NGA,2015,4.81862
Nigeria,NGA,2016,0.31206
Nigeria,NGA,2017,4.94195
Nigeria,NGA,2018,11.75072
Nigeria,NGA,2019,8.69452
Nigeria,NGA,2020,2.0123
North Macedonia,MKD,2015,15.17998
North Macedonia,MKD,2016,9.28942
North Macedonia,MKD,2017,74.72785
North Macedonia,MKD,2018,70.85665
North Macedonia,MKD,2019,75.50721
North Macedonia,MKD,2020,38.28196
Northern Africa,,2015,155.28622
Northern Africa,,2016,101.80748
Northern Africa,,2017,149.94667
Northern Africa,,2018,223.73661
Northern Africa,,2019,139.75456
Northern Africa,,2020,90.04101
Northern Africa and Western Asia,,2015,257.10194
Northern Africa and Western Asia,,2016,178.38606
Northern Africa and Western Asia,,2017,218.19056
Northern Africa and Western Asia,,2018,267.59863
Northern Africa and Western Asia,,2019,185.62404
Northern Africa and Western Asia,,2020,117.06652
Northern America,,2015,30.70011
Northern America,,2016,25.29627
Northern America,,2017,24.58071
Northern America,,2018,26.69848
Northern America,,2019,32.33414
Northern America,,2020,33.30129
Northern Europe,,2015,280.99081
Northern Europe,,2016,211.58016
Northern Europe,,2017,222.6718
Northern Europe,,2018,205.0342
Northern Europe,,2019,208.57944
Northern Europe,,2020,189.98498
Norway,NOR,2015,100.34249
Norway,NOR,2016,91.8152
Norway,NOR,2017,85.16471
Norway,NOR,2018,73.5996
Norway,NOR,2019,69.13591
Norway,NOR,2020,60.44958
Oceania,,2015,111.36792
Oceania,,2016,178.28267
Oceania,,2017,200.93556
Oceania,,2018,187.4882
Oceania,,2019,184.0453
Oceania,,2020,179.49054
Oceania (exc. Australia and New Zealand),,2015,0
Oceania (exc. Australia and New Zealand),,2016,2.41621
Oceania (exc. Australia and New Zealand),,2017,3.17783
Oceania (exc. Australia and New Zealand),,2018,20.46736
Oceania (exc. Australia and New Zealand),,2019,26.77003
Oceania (exc. Australia and New Zealand),,2020,28.11543
Oman,OMN,2015,21.98721
Oman,OMN,2016,21.39818
Oman,OMN,2017,25.17772
Oman,OMN,2018,29.87364
Oman,OMN,2019,22.9874
Oman,OMN,2020,21.47715
Pakistan,PAK,2015,16.28689
Pakistan,PAK,2016,8.42577
Pakistan,PAK,2017,17.13497
Pakistan,PAK,2018,29.7042
Pakistan,PAK,2019,7.63249
Pakistan,PAK,2020,6.22702
Palestine,PSE,2015,99.50728
Palestine,PSE,2016,75.35243
Palestine,PSE,2017,135.80211
Palestine,PSE,2018,224.30216
Palestine,PSE,2019,200.94329
Palestine,PSE,2020,139.2566
Panama,PAN,2015,0
Panama,PAN,2016,0
Panama,PAN,2017,0
Panama,PAN,2018,2.37104
Panama,PAN,2019,0
Panama,PAN,2020,0
Papua New Guinea,PNG,2015,0
Papua New Guinea,PNG,2016,0
Papua New Guinea,PNG,2017,0
Papua New Guinea,PNG,2018,22.67485
Papua New Guinea,PNG,2019,33.08383
Papua New Guinea,PNG,2020,38.43909
Paraguay,PRY,2015,3.12003
Paraguay,PRY,2016,7.22697
Paraguay,PRY,2017,1.57248
Paraguay,PRY,2018,0.7673
Paraguay,PRY,2019,5.87918
Paraguay,PRY,2020,10.45874
Peru,PER,2015,0
Peru,PER,2016,0
Peru,PER,2017,0
Peru,PER,2018,33.45715
Peru,PER,2019,7.48233
Peru,PER,2020,4.69219
Philippines,PHL,2015,5.87175
Philippines,PHL,2016,6.9449
Philippines,PHL,2017,4.41632
Philippines,PHL,2018,6.14132
Philippines,PHL,2019,0.19932
Philippines,PHL,2020,0.3141
Poland,POL,2015,34.41076
Poland,POL,2016,45.65111
Poland,POL,2017,47.88279
Poland,POL,2018,72.88354
Poland,POL,2019,43.42199
Poland,POL,2020,44.43662
Portugal,PRT,2015,23.45403
Portugal,PRT,2016,26.37149
Portugal,PRT,2017,43.8345
Portugal,PRT,2018,43.42808
Portugal,PRT,2019,49.7968
Portugal,PRT,2020,54.69132
Puerto Rico,PRI,2015,0
Puerto Rico,PRI,2016,0
Puerto Rico,PRI,2017,0
Puerto Rico,PRI,2018,0
Puerto Rico,PRI,2019,0
Puerto Rico,PRI,2020,0
Qatar,QAT,2015,1275.45771
Qatar,QAT,2016,433.75108
Qatar,QAT,2017,613.70979
Qatar,QAT,2018,901.67569
Qatar,QAT,2019,187.29312
Qatar,QAT,2020,175.50452
Romania,ROU,2015,41.84234
Romania,ROU,2016,27.1347
Romania,ROU,2017,39.25632
Romania,ROU,2018,38.72375
Romania,ROU,2019,37.20186
Romania,ROU,2020,25.38822
Russia,RUS,2015,31.49166
Russia,RUS,2016,48.00326
Russia,RUS,2017,70.39756
Russia,RUS,2018,118.81115
Russia,RUS,2019,102.69166
Russia,RUS,2020,63.4236
Rwanda,RWA,2015,0.21947
Rwanda,RWA,2016,0.1391
Rwanda,RWA,2017,0.18801
Rwanda,RWA,2018,0.27908
Rwanda,RWA,2019,0.43604
Rwanda,RWA,2020,3.00868
Saint Kitts and Nevis,KNA,2015,0
Saint Kitts and Nevis,KNA,2016,0
Saint Kitts and Nevis,KNA,2017,0
Saint Kitts and Nevis,KNA,2018,58.76435
Saint Kitts and Nevis,KNA,2019,71.09358
Saint Kitts and Nevis,KNA,2020,0
Saint Lucia,LCA,2015,2.21837
Saint Lucia,LCA,2016,2.23375
Saint Lucia,LCA,2017,0
Saint Lucia,LCA,2018,4.99367
Saint Lucia,LCA,2019,1.17953
Saint Lucia,LCA,2020,0
Saint Vincent and the Grenadines,VCT,2015,25.46455
Saint Vincent and the Grenadines,VCT,2016,24.94392
Saint Vincent and the Grenadines,VCT,2017,29.55509
Saint Vincent and the Grenadines,VCT,2018,39.33103
Saint Vincent and the Grenadines,VCT,2019,39.80365
Saint Vincent and the Grenadines,VCT,2020,35.06665
Samoa,WSM,2015,0
Samoa,WSM,2016,0
Samoa,WSM,2017,0
Samoa,WSM,2018,0
Samoa,WSM,2019,0
Samoa,WSM,2020,0
Sao Tome and Principe,STP,2015,0
Sao Tome and Principe,STP,2016,0
Sao Tome and Principe,STP,2017,0
Sao Tome and Principe,STP,2018,19.80994
Sao Tome and Principe,STP,2019,23.76833
Sao Tome and Principe,STP,2020,12.18759
Saudi Arabia,SAU,2015,1596.27197
Saudi Arabia,SAU,2016,1035.87329
Saudi Arabia,SAU,2017,1129.184
Saudi Arabia,SAU,2018,1092.20706
Saudi Arabia,SAU,2019,797.09504
Saudi Arabia,SAU,2020,488.41022
Senegal,SEN,2015,0
Senegal,SEN,2016,0
Senegal,SEN,2017,0.19151
Senegal,SEN,2018,0.95832
Senegal,SEN,2019,3.99727
Senegal,SEN,2020,0.07646
Serbia,SRB,2015,9.55501
Serbia,SRB,2016,7.14782
Serbia,SRB,2017,41.18072
Serbia,SRB,2018,42.76051
Serbia,SRB,2019,52.88981
Serbia,SRB,2020,35.61266
Seychelles,SYC,2015,0
Seychelles,SYC,2016,0
Seychelles,SYC,2017,0
Seychelles,SYC,2018,0
Seychelles,SYC,2019,0
Seychelles,SYC,2020,0.2263
Sierra Leone,SLE,2015,0
Sierra Leone,SLE,2016,0
Sierra Leone,SLE,2017,0
Sierra Leone,SLE,2018,0
Sierra Leone,SLE,2019,0.56462
Sierra Leone,SLE,2020,0.63153
Singapore,SGP,2015,892.73118
Singapore,SGP,2016,622.73072
Singapore,SGP,2017,894.82728
Singapore,SGP,2018,1390.07555
Singapore,SGP,2019,1362.4028
Singapore,SGP,2020,1434.90994
Slovakia,SVK,2015,43.8022
Slovakia,SVK,2016,44.33736
Slovakia,SVK,2017,45.03982
Slovakia,SVK,2018,52.95775
Slovakia,SVK,2019,49.52007
Slovakia,SVK,2020,45.45663
Slovenia,SVN,2015,77.02351
Slovenia,SVN,2016,81.88859
Slovenia,SVN,2017,87.31802
Slovenia,SVN,2018,82.41625
Slovenia,SVN,2019,65.24949
Slovenia,SVN,2020,58.9735
Small Island Developing States (SIDS),,2015,90.38655
Small Island Developing States (SIDS),,2016,64.66605
Small Island Developing States (SIDS),,2017,89.17386
Small Island Developing States (SIDS),,2018,136.72918
Small Island Developing States (SIDS),,2019,135.11194
Small Island Developing States (SIDS),,2020,132.90728
Solomon Islands,SLB,2015,0
Solomon Islands,SLB,2016,0
Solomon Islands,SLB,2017,0
Solomon Islands,SLB,2018,0
Solomon Islands,SLB,2019,0
Solomon Islands,SLB,2020,0
Somalia,SOM,2015,0.00459
Somalia,SOM,2016,0.00391
Somalia,SOM,2017,0.0045
Somalia,SOM,2018,0.00543
Somalia,SOM,2019,0.00539
Somalia,SOM,2020,0.00804
South Africa,ZAF,2015,61.75951
South Africa,ZAF,2016,47.89904
South Africa,ZAF,2017,54.01613
South Africa,ZAF,2018,63.99206
South Africa,ZAF,2019,71.74148
South Africa,ZAF,2020,73.23357
South America,,2015,147.15289
South America,,2016,123.09078
South America,,2017,106.72624
South America,,2018,107.62799
South America,,2019,69.94241
South America,,2020,42.77722
South Korea,KOR,2015,34.17515
South Korea,KOR,2016,27.30647
South Korea,KOR,2017,28.43024
South Korea,KOR,2018,28.64391
South Korea,KOR,2019,27.28026
South Korea,KOR,2020,26.40395
South Sudan,SSD,2015,4.91431
South Sudan,SSD,2016,0
South Sudan,SSD,2017,0
South Sudan,SSD,2018,0
South Sudan,SSD,2019,0
South Sudan,SSD,2020,0
South-eastern Asia,,2015,27.92795
South-eastern Asia,,2016,25.21284
South-eastern Asia,,2017,26.57075
South-eastern Asia,,2018,32.96251
South-eastern Asia,,2019,34.86809
South-eastern Asia,,2020,40.01982
Southern Africa,,2015,54.34196
Southern Africa,,2016,42.15608
Southern Africa,,2017,47.52666
Southern Africa,,2018,56.30177
Southern Africa,,2019,63.07952
Southern Africa,,2020,64.37308
Southern Asia,,2015,35.76793
Southern Asia,,2016,22.5668
Southern Asia,,2017,33.87167
Southern Asia,,2018,49.64235
Southern Asia,,2019,49.92041
Southern Asia,,2020,20.43808
Southern Europe,,2015,109.10133
Southern Europe,,2016,103.89143
Southern Europe,,2017,100.03863
Southern Europe,,2018,109.50343
Southern Europe,,2019,109.45898
Southern Europe,,2020,100.38471
Spain,ESP,2015,45.94576
Spain,ESP,2016,42.29471
Spain,ESP,2017,40.89752
Spain,ESP,2018,43.39544
Spain,ESP,2019,37.9628
Spain,ESP,2020,35.89617
Sri Lanka,LKA,2015,7.05217
Sri Lanka,LKA,2016,3.50164
Sri Lanka,LKA,2017,9.41015
Sri Lanka,LKA,2018,17.93908
Sri Lanka,LKA,2019,17.06507
Sri Lanka,LKA,2020,11.28007
Sub-Saharan Africa,,2015,6.26611
Sub-Saharan Africa,,2016,4.46998
Sub-Saharan Africa,,2017,6.07377
Sub-Saharan Africa,,2018,10.11412
Sub-Saharan Africa,,2019,8.97632
Sub-Saharan Africa,,2020,7.50937
Sudan,SDN,2015,36.70765
Sudan,SDN,2016,21.60261
Sudan,SDN,2017,47.78715
Sudan,SDN,2018,126.78822
Sudan,SDN,2019,42.59767
Sudan,SDN,2020,48.2849
Suriname,SUR,2015,431.06843
Suriname,SUR,2016,378.94761
Suriname,SUR,2017,262.37802
Suriname,SUR,2018,315.70681
Suriname,SUR,2019,321.18197
Suriname,SUR,2020,335.10647
Sweden,SWE,2015,147.37739
Sweden,SWE,2016,145.11902
Sweden,SWE,2017,143.68439
Sweden,SWE,2018,131.0214
Sweden,SWE,2019,169.70028
Sweden,SWE,2020,166.36745
Switzerland,CHE,2015,295.94723
Switzerland,CHE,2016,297.12785
Switzerland,CHE,2017,287.4557
Switzerland,CHE,2018,296.76657
Switzerland,CHE,2019,300.78212
Switzerland,CHE,2020,178.10044
Syria,SYR,2015,0
Syria,SYR,2016,0
Syria,SYR,2017,0
Tajikistan,TJK,2015,61.98773
Tajikistan,TJK,2016,63.11556
Tajikistan,TJK,2017,70.88776
Tajikistan,TJK,2018,63.1527
Tajikistan,TJK,2019,70.7216
Tajikistan,TJK,2020,69.26662
Tanzania,TZA,2015,0
Tanzania,TZA,2016,0
Tanzania,TZA,2017,0
Tanzania,TZA,2018,0
Tanzania,TZA,2019,0
Tanzania,TZA,2020,0
Thailand,THA,2015,12.85412
Thailand,THA,2016,7.32026
Thailand,THA,2017,12.14187
Thailand,THA,2018,15.2536
Thailand,THA,2019,6.20894
Thailand,THA,2020,5.95999
Timor,TLS,2015,27.41977
Timor,TLS,2016,10.00702
Timor,TLS,2017,29.26507
Timor,TLS,2018,57.81844
Timor,TLS,2019,69.03171
Timor,TLS,2020,44.6511
Togo,TGO,2015,2.08677
Togo,TGO,2016,1.50796
Togo,TGO,2017,4.94733
Togo,TGO,2018,9.12178
Togo,TGO,2019,11.87625
Togo,TGO,2020,7.90097
Tonga,TON,2015,0
Tonga,TON,2016,0
Tonga,TON,2017,0
Tonga,TON,2018,0
Tonga,TON,2019,0
Tonga,TON,2020,0
Trinidad and Tobago,TTO,2015,599.75429
Trinidad and Tobago,TTO,2016,405.75569
Trinidad and Tobago,TTO,2017,450.27168
Trinidad and Tobago,TTO,2018,511.31521
Trinidad and Tobago,TTO,2019,371.57227
Trinidad and Tobago,TTO,2020,229.14355
Tunisia,TUN,2015,103.43239
Tunisia,TUN,2016,48.0543
Tunisia,TUN,2017,89.39457
Tunisia,TUN,2018,155.86875
Tunisia,TUN,2019,73.00861
Tunisia,TUN,2020,29.45147
Turkey,TUR,2015,56.08765
Turkey,TUR,2016,56.952
Turkey,TUR,2017,66.81622
Turkey,TUR,2018,57.45401
Turkey,TUR,2019,53.42638
Turkey,TUR,2020,39.18617
Turkmenistan,TKM,2015,900.11896
Turkmenistan,TKM,2016,632.76336
Turkmenistan,TKM,2017,650.10657
Turkmenistan,TKM,2018,772.38959
Turkmenistan,TKM,2019,484.07586
Turkmenistan,TKM,2020,250.56477
Uganda,UGA,2015,0
Uganda,UGA,2016,0
Uganda,UGA,2017,0
Uganda,UGA,2018,0
Uganda,UGA,2019,0
Uganda,UGA,2020,0.00671
Ukraine,UKR,2015,22.86055
Ukraine,UKR,2016,39.23783
Ukraine,UKR,2017,58.00786
Ukraine,UKR,2018,57.93389
Ukraine,UKR,2019,46.13597
Ukraine,UKR,2020,64.35355
United Arab Emirates,ARE,2015,1193.05888
United Arab Emirates,ARE,2016,883.41293
United Arab Emirates,ARE,2017,977.27303
United Arab Emirates,ARE,2018,1277.09012
United Arab Emirates,ARE,2019,790.82462
United Arab Emirates,ARE,2020,566.65898
United Kingdom,GBR,2015,335.6478
United Kingdom,GBR,2016,226.95471
United Kingdom,GBR,2017,236.8139
United Kingdom,GBR,2018,203.02471
United Kingdom,GBR,2019,207.46207
United Kingdom,GBR,2020,186.03679
United States,USA,2015,27.29036
United States,USA,2016,20.6558
United States,USA,2017,19.77303
United States,USA,2018,23.02213
United States,USA,2019,29.27868
United States,USA,2020,26.98527
Uruguay,URY,2015,0
Uruguay,URY,2016,0
Uruguay,URY,2017,0
Uruguay,URY,2018,0
Uruguay,URY,2019,0
Uruguay,URY,2020,0
Uzbekistan,UZB,2015,186.51473
Uzbekistan,UZB,2016,131.47363
Uzbekistan,UZB,2017,200.72496
Uzbekistan,UZB,2018,261.04718
Uzbekistan,UZB,2019,161.66771
Uzbekistan,UZB,2020,113.67314
Vanuatu,VUT,2015,0
Vanuatu,VUT,2016,0
Vanuatu,VUT,2017,0
Vanuatu,VUT,2018,0
Vanuatu,VUT,2019,0
Vanuatu,VUT,2020,0
Venezuela,VEN,2015,598.36489
Venezuela,VEN,2016,455.21827
Venezuela,VEN,2017,543.40197
Venezuela,VEN,2018,606.67897
Venezuela,VEN,2019,287.95845
Venezuela,VEN,2020,167.37572
Vietnam,VNM,2015,0.82379
Vietnam,VNM,2016,1.10076
Vietnam,VNM,2017,1.95947
Vietnam,VNM,2018,6.48299
Vietnam,VNM,2019,3.18597
Vietnam,VNM,2020,2.78521
Western Africa,,2015,3.52152
Western Africa,,2016,0.91836
Western Africa,,2017,3.70321
Western Africa,,2018,8.00014
Western Africa,,2019,6.74939
Western Africa,,2020,2.9466
Western Asia,,2015,345.56259
Western Asia,,2016,245.04954
Western Asia,,2017,277.75745
Western Asia,,2018,306.00071
Western Asia,,2019,225.90503
Western Asia,,2020,140.86367
Western Europe,,2015,107.51118
Western Europe,,2016,115.78903
Western Europe,,2017,120.09332
Western Europe,,2018,134.53354
Western Europe,,2019,130.99143
Western Europe,,2020,125.00909
World,OWID_WRL,2015,73.5525
World,OWID_WRL,2016,64.01917
World,OWID_WRL,2017,68.84081
World,OWID_WRL,2018,85.81497
World,OWID_WRL,2019,68.15691
World,OWID_WRL,2020,48.12214
Yemen,YEM,2015,15.9798
Yemen,YEM,2016,0
Yemen,YEM,2017,0
Yemen,YEM,2018,0
Yemen,YEM,2019,0
Yemen,YEM,2020,0.01342
Zambia,ZMB,2015,9.58218
Zambia,ZMB,2016,6.84982
Zambia,ZMB,2017,16.91954
Zambia,ZMB,2018,11.38793
Zambia,ZMB,2019,11.23543
Zambia,ZMB,2020,10.28481
Zimbabwe,ZWE,2015,0
Zimbabwe,ZWE,2016,0
Zimbabwe,ZWE,2017,0
Zimbabwe,ZWE,2018,0
Zimbabwe,ZWE,2019,0
Zimbabwe,ZWE,2020,0